s,eta,winding,error
0.0,0.0,0,0.0
0.0,0.015625,0,0.0
0.0,0.03125,0,0.0
0.0,0.046875,0,0.0
0.0,0.0625,0,0.0
0.0,0.078125,0,0.0
0.0,0.09375,0,0.0
0.0,0.109375,0,0.0
0.0,0.125,0,0.0
0.0,0.140625,0,0.0
0.0,0.15625,0,0.0
0.0,0.171875,0,0.0
0.0,0.1875,0,0.0
0.0,0.203125,0,0.0
0.0,0.21875,0,0.0
0.0,0.234375,0,0.0
0.0,0.25,0,0.0
0.0,0.265625,0,-0.0
0.0,0.28125,0,-0.0
0.0,0.296875,0,-0.0
0.0,0.3125,0,-0.0
0.0,0.328125,0,-0.0
0.0,0.34375,0,-0.0
0.0,0.359375,0,-0.0
0.0,0.375,0,-0.0
0.0,0.390625,0,-0.0
0.0,0.40625,0,-0.0
0.0,0.421875,0,-0.0
0.0,0.4375,0,-0.0
0.0,0.453125,0,-0.0
0.0,0.46875,0,-0.0
0.0,0.484375,0,-0.0
0.0,0.5,0,-0.0
0.0,0.515625,0,-0.0
0.0,0.53125,0,-0.0
0.0,0.546875,0,-0.0
0.0,0.5625,0,-0.0
0.0,0.578125,0,-0.0
0.0,0.59375,0,-0.0
0.0,0.609375,0,-0.0
0.0,0.625,0,-0.0
0.0,0.640625,0,-0.0
0.0,0.65625,0,-0.0
0.0,0.671875,0,-0.0
0.0,0.6875,0,-0.0
0.0,0.703125,0,-0.0
0.0,0.71875,0,-0.0
0.0,0.734375,0,-0.0
0.0,0.75,0,-0.0
0.0,0.765625,0,0.0
0.0,0.78125,0,0.0
0.0,0.796875,0,0.0
0.0,0.8125,0,0.0
0.0,0.828125,0,0.0
0.0,0.84375,0,0.0
0.0,0.859375,0,0.0
0.0,0.875,0,0.0
0.0,0.890625,0,0.0
0.0,0.90625,0,0.0
0.0,0.921875,0,0.0
0.0,0.9375,0,0.0
0.0,0.953125,0,0.0
0.0,0.96875,0,0.0
0.0,0.984375,0,0.0
0.0,1.0,0,0.0
0.01,0.0,0,0.0
0.01,0.015625,0,0.0
0.01,0.03125,0,0.0
0.01,0.046875,0,0.0
0.01,0.0625,0,0.0
0.01,0.078125,0,0.0
0.01,0.09375,0,0.0
0.01,0.109375,0,0.0
0.01,0.125,0,0.0
0.01,0.140625,0,0.0
0.01,0.15625,0,0.0
0.01,0.171875,0,0.0
0.01,0.1875,0,0.0
0.01,0.203125,0,0.0
0.01,0.21875,0,0.0
0.01,0.234375,0,0.0
0.01,0.25,0,0.0
0.01,0.265625,0,-0.0
0.01,0.28125,0,-0.0
0.01,0.296875,0,-0.0
0.01,0.3125,0,-0.0
0.01,0.328125,0,-0.0
0.01,0.34375,0,-0.0
0.01,0.359375,0,-0.0
0.01,0.375,0,-0.0
0.01,0.390625,0,-0.0
0.01,0.40625,0,-0.0
0.01,0.421875,0,-0.0
0.01,0.4375,0,-0.0
0.01,0.453125,0,-0.0
0.01,0.46875,0,-0.0
0.01,0.484375,0,-0.0
0.01,0.5,0,-0.0
0.01,0.515625,0,-0.0
0.01,0.53125,0,-0.0
0.01,0.546875,0,-0.0
0.01,0.5625,0,-0.0
0.01,0.578125,0,-0.0
0.01,0.59375,0,-0.0
0.01,0.609375,0,-0.0
0.01,0.625,0,-0.0
0.01,0.640625,0,-0.0
0.01,0.65625,0,-0.0
0.01,0.671875,0,-0.0
0.01,0.6875,0,-0.0
0.01,0.703125,0,-0.0
0.01,0.71875,0,-0.0
0.01,0.734375,0,-0.0
0.01,0.75,0,-0.0
0.01,0.765625,0,0.0
0.01,0.78125,0,0.0
0.01,0.796875,0,0.0
0.01,0.8125,0,0.0
0.01,0.828125,0,0.0
0.01,0.84375,0,0.0
0.01,0.859375,0,0.0
0.01,0.875,0,0.0
0.01,0.890625,0,0.0
0.01,0.90625,0,0.0
0.01,0.921875,0,0.0
0.01,0.9375,0,0.0
0.01,0.953125,0,0.0
0.01,0.96875,0,0.0
0.01,0.984375,0,0.0
0.01,1.0,0,0.0
0.02,0.0,0,0.0
0.02,0.015625,0,0.0
0.02,0.03125,0,0.0
0.02,0.046875,0,0.0
0.02,0.0625,0,0.0
0.02,0.078125,0,0.0
0.02,0.09375,0,0.0
0.02,0.109375,0,0.0
0.02,0.125,0,0.0
0.02,0.140625,0,0.0
0.02,0.15625,0,0.0
0.02,0.171875,0,0.0
0.02,0.1875,0,0.0
0.02,0.203125,0,0.0
0.02,0.21875,0,0.0
0.02,0.234375,0,0.0
0.02,0.25,0,0.0
0.02,0.265625,0,-0.0
0.02,0.28125,0,-0.0
0.02,0.296875,0,-0.0
0.02,0.3125,0,-0.0
0.02,0.328125,0,-0.0
0.02,0.34375,0,-0.0
0.02,0.359375,0,-0.0
0.02,0.375,0,-0.0
0.02,0.390625,0,-0.0
0.02,0.40625,0,-0.0
0.02,0.421875,0,-0.0
0.02,0.4375,0,-0.0
0.02,0.453125,0,-0.0
0.02,0.46875,0,-0.0
0.02,0.484375,0,-0.0
0.02,0.5,0,-0.0
0.02,0.515625,0,-0.0
0.02,0.53125,0,-0.0
0.02,0.546875,0,-0.0
0.02,0.5625,0,-0.0
0.02,0.578125,0,-0.0
0.02,0.59375,0,-0.0
0.02,0.609375,0,-0.0
0.02,0.625,0,-0.0
0.02,0.640625,0,-0.0
0.02,0.65625,0,-0.0
0.02,0.671875,0,-0.0
0.02,0.6875,0,-0.0
0.02,0.703125,0,-0.0
0.02,0.71875,0,-0.0
0.02,0.734375,0,-0.0
0.02,0.75,0,-0.0
0.02,0.765625,0,0.0
0.02,0.78125,0,0.0
0.02,0.796875,0,0.0
0.02,0.8125,0,0.0
0.02,0.828125,0,0.0
0.02,0.84375,0,0.0
0.02,0.859375,0,0.0
0.02,0.875,0,0.0
0.02,0.890625,0,0.0
0.02,0.90625,0,0.0
0.02,0.921875,0,0.0
0.02,0.9375,0,0.0
0.02,0.953125,0,0.0
0.02,0.96875,0,0.0
0.02,0.984375,0,0.0
0.02,1.0,0,0.0
0.03,0.0,0,3.571700958113665e-10
0.03,0.015625,0,3.5545022417551715e-10
0.03,0.03125,0,3.503071725719998e-10
0.03,0.046875,0,3.4179047139923426e-10
0.03,0.0625,0,3.2998214114521677e-10
0.03,0.078125,0,3.1499590248538345e-10
0.03,0.09375,0,2.9697608109033986e-10
0.03,0.109375,0,2.7609621769075665e-10
0.03,0.125,0,2.5255739678526616e-10
0.03,0.140625,0,2.265863100868167e-10
0.03,0.15625,0,1.9843307335755455e-10
0.03,0.171875,0,1.6836881765730715e-10
0.03,0.1875,0,1.3668307820326174e-10
0.03,0.203125,0,1.0368100598754792e-10
0.03,0.21875,0,6.96804290063709e-11
0.03,0.234375,0,3.5008791402665374e-11
0.03,0.25,0,2.1870360729327173e-26
0.03,0.265625,0,-3.500879140266533e-11
0.03,0.28125,0,-6.968042900637085e-11
0.03,0.296875,0,-1.0368100598754785e-10
0.03,0.3125,0,-1.366830782032617e-10
0.03,0.328125,0,-1.6836881765730712e-10
0.03,0.34375,0,-1.9843307335755445e-10
0.03,0.359375,0,-2.2658631008681668e-10
0.03,0.375,0,-2.525573967852661e-10
0.03,0.390625,0,-2.7609621769075665e-10
0.03,0.40625,0,-2.9697608109033986e-10
0.03,0.421875,0,-3.149959024853834e-10
0.03,0.4375,0,-3.2998214114521677e-10
0.03,0.453125,0,-3.4179047139923426e-10
0.03,0.46875,0,-3.503071725719998e-10
0.03,0.484375,0,-3.554502241755171e-10
0.03,0.5,0,-3.571700958113665e-10
0.03,0.515625,0,-3.5545022417551715e-10
0.03,0.53125,0,-3.503071725719998e-10
0.03,0.546875,0,-3.417904713992343e-10
0.03,0.5625,0,-3.299821411452168e-10
0.03,0.578125,0,-3.1499590248538345e-10
0.03,0.59375,0,-2.969760810903399e-10
0.03,0.609375,0,-2.7609621769075665e-10
0.03,0.625,0,-2.525573967852662e-10
0.03,0.640625,0,-2.2658631008681684e-10
0.03,0.65625,0,-1.9843307335755452e-10
0.03,0.671875,0,-1.683688176573072e-10
0.03,0.6875,0,-1.366830782032619e-10
0.03,0.703125,0,-1.0368100598754796e-10
0.03,0.71875,0,-6.968042900637102e-11
0.03,0.734375,0,-3.5008791402665264e-11
0.03,0.75,0,-6.561108218798151e-26
0.03,0.765625,0,3.5008791402665135e-11
0.03,0.78125,0,6.968042900637089e-11
0.03,0.796875,0,1.0368100598754781e-10
0.03,0.8125,0,1.366830782032618e-10
0.03,0.828125,0,1.6836881765730707e-10
0.03,0.84375,0,1.984330733575544e-10
0.03,0.859375,0,2.2658631008681676e-10
0.03,0.875,0,2.525573967852661e-10
0.03,0.890625,0,2.760962176907565e-10
0.03,0.90625,0,2.9697608109033986e-10
0.03,0.921875,0,3.1499590248538335e-10
0.03,0.9375,0,3.2998214114521667e-10
0.03,0.953125,0,3.4179047139923426e-10
0.03,0.96875,0,3.5030717257199974e-10
0.03,0.984375,0,3.5545022417551715e-10
0.03,1.0,0,3.571700958113665e-10
0.04,0.0,0,0.0011608292139183938
0.04,0.015625,0,0.0011552395039664779
0.04,0.03125,0,0.0011385242060732133
0.04,0.046875,0,0.0011108442976948238
0.04,0.0625,0,0.0010724663514803702
0.04,0.078125,0,0.001023759968031417
0.04,0.09375,0,0.0009651942164461952
0.04,0.109375,0,0.0008973331169277672
0.04,0.125,0,0.0008208302089611457
0.04,0.140625,0,0.0007364222573707928
0.04,0.15625,0,0.0006449221568726038
0.04,0.171875,0,0.000547211103453419
0.04,0.1875,0,0.00044423010797196003
0.04,0.203125,0,0.00033697093370985213
0.04,0.21875,0,0.00022646654514906856
0.04,0.234375,0,0.00011378115995929292
0.04,0.25,0,7.108028905909495e-20
0.04,0.265625,0,-0.00011378115995929277
0.04,0.28125,0,-0.0002264665451490684
0.04,0.296875,0,-0.00033697093370985197
0.04,0.3125,0,-0.0004442301079719599
0.04,0.328125,0,-0.0005472111034534188
0.04,0.34375,0,-0.0006449221568726034
0.04,0.359375,0,-0.0007364222573707927
0.04,0.375,0,-0.0008208302089611455
0.04,0.390625,0,-0.0008973331169277672
0.04,0.40625,0,-0.0009651942164461953
0.04,0.421875,0,-0.001023759968031417
0.04,0.4375,0,-0.0010724663514803702
0.04,0.453125,0,-0.0011108442976948238
0.04,0.46875,0,-0.0011385242060732133
0.04,0.484375,0,-0.0011552395039664779
0.04,0.5,0,-0.0011608292139183938
0.04,0.515625,0,-0.0011552395039664779
0.04,0.53125,0,-0.0011385242060732133
0.04,0.546875,0,-0.001110844297694824
0.04,0.5625,0,-0.0010724663514803702
0.04,0.578125,0,-0.001023759968031417
0.04,0.59375,0,-0.0009651942164461954
0.04,0.609375,0,-0.0008973331169277673
0.04,0.625,0,-0.0008208302089611458
0.04,0.640625,0,-0.0007364222573707932
0.04,0.65625,0,-0.0006449221568726037
0.04,0.671875,0,-0.0005472111034534191
0.04,0.6875,0,-0.00044423010797196063
0.04,0.703125,0,-0.0003369709337098523
0.04,0.71875,0,-0.00022646654514906896
0.04,0.734375,0,-0.00011378115995929256
0.04,0.75,0,-2.1324086717728486e-19
0.04,0.765625,0,0.00011378115995929214
0.04,0.78125,0,0.00022646654514906853
0.04,0.796875,0,0.0003369709337098518
0.04,0.8125,0,0.00044423010797196025
0.04,0.828125,0,0.0005472111034534187
0.04,0.84375,0,0.0006449221568726033
0.04,0.859375,0,0.0007364222573707929
0.04,0.875,0,0.0008208302089611454
0.04,0.890625,0,0.0008973331169277668
0.04,0.90625,0,0.0009651942164461952
0.04,0.921875,0,0.0010237599680314167
0.04,0.9375,0,0.0010724663514803698
0.04,0.953125,0,0.0011108442976948238
0.04,0.96875,0,0.0011385242060732133
0.04,0.984375,0,0.0011552395039664779
0.04,1.0,0,0.0011608292139183938
0.05,0.0,0,0.023174427241061203
0.05,0.015625,0,0.023062836039680207
0.05,0.03125,0,0.022729137119808476
0.05,0.046875,0,0.022176544184462754
0.05,0.0625,0,0.021410379005688453
0.05,0.078125,0,0.020438020172985658
0.05,0.09375,0,0.0192688320334587
0.05,0.109375,0,0.017914074508034485
0.05,0.125,0,0.01638679465226863
0.05,0.140625,0,0.014701701006068267
0.05,0.15625,0,0.012875021942412192
0.05,0.171875,0,0.010924349379247763
0.05,0.1875,0,0.00886846935970434
0.05,0.203125,0,0.006727181132228472
0.05,0.21875,0,0.004521106472997967
0.05,0.234375,0,0.0022714910869442917
0.05,0.25,0,1.4190244071419415e-18
0.05,0.265625,0,-0.002271491086944289
0.05,0.28125,0,-0.004521106472997963
0.05,0.296875,0,-0.006727181132228467
0.05,0.3125,0,-0.008868469359704338
0.05,0.328125,0,-0.01092434937924776
0.05,0.34375,0,-0.012875021942412183
0.05,0.359375,0,-0.014701701006068265
0.05,0.375,0,-0.016386794652268628
0.05,0.390625,0,-0.017914074508034485
0.05,0.40625,0,-0.019268832033458704
0.05,0.421875,0,-0.020438020172985655
0.05,0.4375,0,-0.021410379005688453
0.05,0.453125,0,-0.022176544184462754
0.05,0.46875,0,-0.022729137119808476
0.05,0.484375,0,-0.023062836039680207
0.05,0.5,0,-0.023174427241061203
0.05,0.515625,0,-0.023062836039680207
0.05,0.53125,0,-0.022729137119808476
0.05,0.546875,0,-0.022176544184462757
0.05,0.5625,0,-0.021410379005688457
0.05,0.578125,0,-0.020438020172985658
0.05,0.59375,0,-0.019268832033458708
0.05,0.609375,0,-0.017914074508034485
0.05,0.625,0,-0.016386794652268635
0.05,0.640625,0,-0.014701701006068274
0.05,0.65625,0,-0.012875021942412189
0.05,0.671875,0,-0.010924349379247765
0.05,0.6875,0,-0.008868469359704352
0.05,0.703125,0,-0.0067271811322284734
0.05,0.71875,0,-0.0045211064729979746
0.05,0.734375,0,-0.0022714910869442843
0.05,0.75,0,-4.257073221425824e-18
0.05,0.765625,0,0.002271491086944276
0.05,0.78125,0,0.004521106472997966
0.05,0.796875,0,0.006727181132228465
0.05,0.8125,0,0.008868469359704345
0.05,0.828125,0,0.010924349379247758
0.05,0.84375,0,0.012875021942412182
0.05,0.859375,0,0.01470170100606827
0.05,0.875,0,0.016386794652268628
0.05,0.890625,0,0.017914074508034474
0.05,0.90625,0,0.0192688320334587
0.05,0.921875,0,0.02043802017298565
0.05,0.9375,0,0.021410379005688446
0.05,0.953125,0,0.022176544184462754
0.05,0.96875,0,0.022729137119808472
0.05,0.984375,0,0.023062836039680207
0.05,1.0,0,0.023174427241061203
0.06,0.0,0,0.08329472545891176
0.06,0.015625,0,0.08289363858906278
0.06,0.03125,0,0.08169424066532886
0.06,0.046875,0,0.07970808254537318
0.06,0.0625,0,0.07695429201763537
0.06,0.078125,0,0.07345938959027258
0.06,0.09375,0,0.0692570330841683
0.06,0.109375,0,0.06438769348971808
0.06,0.125,0,0.05889826520906827
0.06,0.140625,0,0.05284161443738824
0.06,0.15625,0,0.046276070032511406
0.06,0.171875,0,0.039264861776148366
0.06,0.1875,0,0.03187551143652418
0.06,0.203125,0,0.024179182496839247
0.06,0.21875,0,0.016249994812024098
0.06,0.234375,0,0.008164310794018392
0.06,0.25,0,5.100330945955692e-18
0.06,0.265625,0,-0.008164310794018382
0.06,0.28125,0,-0.016249994812024087
0.06,0.296875,0,-0.024179182496839233
0.06,0.3125,0,-0.03187551143652417
0.06,0.328125,0,-0.03926486177614835
0.06,0.34375,0,-0.04627607003251138
0.06,0.359375,0,-0.05284161443738823
0.06,0.375,0,-0.05889826520906826
0.06,0.390625,0,-0.06438769348971808
0.06,0.40625,0,-0.0692570330841683
0.06,0.421875,0,-0.07345938959027257
0.06,0.4375,0,-0.07695429201763537
0.06,0.453125,0,-0.07970808254537318
0.06,0.46875,0,-0.08169424066532886
0.06,0.484375,0,-0.08289363858906276
0.06,0.5,0,-0.08329472545891176
0.06,0.515625,0,-0.08289363858906278
0.06,0.53125,0,-0.08169424066532886
0.06,0.546875,0,-0.07970808254537319
0.06,0.5625,0,-0.07695429201763537
0.06,0.578125,0,-0.07345938959027258
0.06,0.59375,0,-0.06925703308416832
0.06,0.609375,0,-0.0643876934897181
0.06,0.625,0,-0.058898265209068275
0.06,0.640625,0,-0.052841614437388267
0.06,0.65625,0,-0.04627607003251139
0.06,0.671875,0,-0.03926486177614837
0.06,0.6875,0,-0.03187551143652422
0.06,0.703125,0,-0.024179182496839254
0.06,0.71875,0,-0.016249994812024125
0.06,0.734375,0,-0.008164310794018366
0.06,0.75,0,-1.5300992837867074e-17
0.06,0.765625,0,0.008164310794018335
0.06,0.78125,0,0.016249994812024094
0.06,0.796875,0,0.024179182496839223
0.06,0.8125,0,0.031875511436524194
0.06,0.828125,0,0.039264861776148345
0.06,0.84375,0,0.046276070032511364
0.06,0.859375,0,0.05284161443738825
0.06,0.875,0,0.05889826520906825
0.06,0.890625,0,0.06438769348971805
0.06,0.90625,0,0.0692570330841683
0.06,0.921875,0,0.07345938959027255
0.06,0.9375,0,0.07695429201763535
0.06,0.953125,0,0.07970808254537318
0.06,0.96875,0,0.08169424066532885
0.06,0.984375,0,0.08289363858906278
0.06,1.0,0,0.08329472545891176
0.07,0.0,0,0.16901331540606618
0.07,0.015625,0,0.16819947009634778
0.07,0.03125,0,0.16576577194241823
0.07,0.046875,0,0.16173565878789467
0.07,0.0625,0,0.15614794282553907
0.07,0.078125,0,0.1490564368146252
0.07,0.09375,0,0.14052943583464964
0.07,0.109375,0,0.13064905956638248
0.07,0.125,0,0.11951046143445018
0.07,0.140625,0,0.10722091222784039
0.07,0.15625,0,0.09389876702356373
0.07,0.171875,0,0.07967232536256275
0.07,0.1875,0,0.06467859565499692
0.07,0.203125,0,0.04906197571435657
0.07,0.21875,0,0.032972862127582915
0.07,0.234375,0,0.016566201853720704
0.07,0.25,0,1.034908078626605e-17
0.07,0.265625,0,-0.016566201853720684
0.07,0.28125,0,-0.03297286212758289
0.07,0.296875,0,-0.04906197571435654
0.07,0.3125,0,-0.06467859565499691
0.07,0.328125,0,-0.07967232536256272
0.07,0.34375,0,-0.09389876702356367
0.07,0.359375,0,-0.10722091222784036
0.07,0.375,0,-0.11951046143445017
0.07,0.390625,0,-0.13064905956638248
0.07,0.40625,0,-0.14052943583464966
0.07,0.421875,0,-0.1490564368146252
0.07,0.4375,0,-0.15614794282553907
0.07,0.453125,0,-0.16173565878789467
0.07,0.46875,0,-0.16576577194241823
0.07,0.484375,0,-0.16819947009634775
0.07,0.5,0,-0.16901331540606618
0.07,0.515625,0,-0.16819947009634778
0.07,0.53125,0,-0.16576577194241823
0.07,0.546875,0,-0.1617356587878947
0.07,0.5625,0,-0.1561479428255391
0.07,0.578125,0,-0.1490564368146252
0.07,0.59375,0,-0.1405294358346497
0.07,0.609375,0,-0.1306490595663825
0.07,0.625,0,-0.11951046143445021
0.07,0.640625,0,-0.10722091222784044
0.07,0.65625,0,-0.0938987670235637
0.07,0.671875,0,-0.07967232536256276
0.07,0.6875,0,-0.064678595654997
0.07,0.703125,0,-0.04906197571435659
0.07,0.71875,0,-0.03297286212758297
0.07,0.734375,0,-0.01656620185372065
0.07,0.75,0,-3.104724235879815e-17
0.07,0.765625,0,0.01656620185372059
0.07,0.78125,0,0.03297286212758291
0.07,0.796875,0,0.04906197571435652
0.07,0.8125,0,0.06467859565499695
0.07,0.828125,0,0.0796723253625627
0.07,0.84375,0,0.09389876702356365
0.07,0.859375,0,0.1072209122278404
0.07,0.875,0,0.11951046143445015
0.07,0.890625,0,0.13064905956638243
0.07,0.90625,0,0.14052943583464964
0.07,0.921875,0,0.14905643681462516
0.07,0.9375,0,0.15614794282553904
0.07,0.953125,0,0.16173565878789467
0.07,0.96875,0,0.16576577194241823
0.07,0.984375,0,0.16819947009634778
0.07,1.0,0,0.16901331540606618
0.08,0.0,0,0.2644072708270514
0.08,0.015625,0,0.2631340775481607
0.08,0.03125,0,0.2593267592587625
0.08,0.046875,0,0.25302198251527563
0.08,0.0625,0,0.24428046576428142
0.08,0.078125,0,0.2331863945906911
0.08,0.09375,0,0.2198466109645425
0.08,0.109375,0,0.204389584294423
0.08,0.125,0,0.18696417419683606
0.08,0.140625,0,0.1677381968967196
0.08,0.15625,0,0.14689680906546204
0.08,0.171875,0,0.12464072466093988
0.08,0.1875,0,0.10118428194238191
0.08,0.203125,0,0.07675337927576383
0.08,0.21875,0,0.05158329960905511
0.08,0.234375,0,0.025916444568811276
0.08,0.25,0,1.619027589448179e-17
0.08,0.265625,0,-0.025916444568811245
0.08,0.28125,0,-0.051583299609055076
0.08,0.296875,0,-0.07675337927576378
0.08,0.3125,0,-0.10118428194238188
0.08,0.328125,0,-0.12464072466093985
0.08,0.34375,0,-0.14689680906546196
0.08,0.359375,0,-0.16773819689671957
0.08,0.375,0,-0.18696417419683603
0.08,0.390625,0,-0.204389584294423
0.08,0.40625,0,-0.21984661096454253
0.08,0.421875,0,-0.23318639459069107
0.08,0.4375,0,-0.24428046576428142
0.08,0.453125,0,-0.25302198251527563
0.08,0.46875,0,-0.2593267592587625
0.08,0.484375,0,-0.26313407754816065
0.08,0.5,0,-0.2644072708270514
0.08,0.515625,0,-0.2631340775481607
0.08,0.53125,0,-0.2593267592587625
0.08,0.546875,0,-0.25302198251527563
0.08,0.5625,0,-0.24428046576428147
0.08,0.578125,0,-0.2331863945906911
0.08,0.59375,0,-0.21984661096454255
0.08,0.609375,0,-0.20438958429442303
0.08,0.625,0,-0.18696417419683609
0.08,0.640625,0,-0.16773819689671968
0.08,0.65625,0,-0.14689680906546201
0.08,0.671875,0,-0.12464072466093991
0.08,0.6875,0,-0.10118428194238205
0.08,0.703125,0,-0.07675337927576385
0.08,0.71875,0,-0.0515832996090552
0.08,0.734375,0,-0.025916444568811193
0.08,0.75,0,-4.8570827683445374e-17
0.08,0.765625,0,0.025916444568811096
0.08,0.78125,0,0.051583299609055104
0.08,0.796875,0,0.07675337927576376
0.08,0.8125,0,0.10118428194238197
0.08,0.828125,0,0.12464072466093981
0.08,0.84375,0,0.14689680906546193
0.08,0.859375,0,0.16773819689671962
0.08,0.875,0,0.186964174196836
0.08,0.890625,0,0.2043895842944229
0.08,0.90625,0,0.2198466109645425
0.08,0.921875,0,0.23318639459069104
0.08,0.9375,0,0.24428046576428136
0.08,0.953125,0,0.25302198251527563
0.08,0.96875,0,0.2593267592587625
0.08,0.984375,0,0.2631340775481607
0.08,1.0,0,0.2644072708270514
0.09,0.0,0,0.3595230370825095
0.09,0.015625,0,0.3577918353913153
0.09,0.03125,0,0.35261490273639007
0.09,0.046875,0,0.3440420958092
0.09,0.0625,0,0.3321559754268269
0.09,0.078125,0,0.3170710114261673
0.09,0.09375,0,0.2989324802568278
0.09,0.109375,0,0.27791506588949877
0.09,0.125,0,0.25422117751382506
0.09,0.140625,0,0.2280790002272613
0.09,0.15625,0,0.19974029748784491
0.09,0.171875,0,0.1694779864944672
0.09,0.1875,0,0.1375835098450562
0.09,0.203125,0,0.10436402878504036
0.09,0.21875,0,0.07013946507664322
0.09,0.234375,0,0.03523941997742621
0.09,0.25,0,2.201443682914152e-17
0.09,0.265625,0,-0.03523941997742617
0.09,0.28125,0,-0.07013946507664318
0.09,0.296875,0,-0.1043640287850403
0.09,0.3125,0,-0.13758350984505616
0.09,0.328125,0,-0.16947798649446713
0.09,0.34375,0,-0.1997402974878448
0.09,0.359375,0,-0.22807900022726127
0.09,0.375,0,-0.254221177513825
0.09,0.390625,0,-0.27791506588949877
0.09,0.40625,0,-0.2989324802568278
0.09,0.421875,0,-0.3170710114261673
0.09,0.4375,0,-0.3321559754268269
0.09,0.453125,0,-0.3440420958092
0.09,0.46875,0,-0.35261490273639007
0.09,0.484375,0,-0.35779183539131526
0.09,0.5,0,-0.3595230370825095
0.09,0.515625,0,-0.3577918353913153
0.09,0.53125,0,-0.35261490273639007
0.09,0.546875,0,-0.34404209580920003
0.09,0.5625,0,-0.3321559754268269
0.09,0.578125,0,-0.3170710114261673
0.09,0.59375,0,-0.29893248025682784
0.09,0.609375,0,-0.2779150658894988
0.09,0.625,0,-0.2542211775138251
0.09,0.640625,0,-0.2280790002272614
0.09,0.65625,0,-0.19974029748784486
0.09,0.671875,0,-0.16947798649446721
0.09,0.6875,0,-0.13758350984505638
0.09,0.703125,0,-0.1043640287850404
0.09,0.71875,0,-0.07013946507664334
0.09,0.734375,0,-0.0352394199774261
0.09,0.75,0,-6.604331048742456e-17
0.09,0.765625,0,0.03523941997742597
0.09,0.78125,0,0.07013946507664322
0.09,0.796875,0,0.10436402878504027
0.09,0.8125,0,0.13758350984505627
0.09,0.828125,0,0.1694779864944671
0.09,0.84375,0,0.19974029748784475
0.09,0.859375,0,0.22807900022726132
0.09,0.875,0,0.254221177513825
0.09,0.890625,0,0.27791506588949866
0.09,0.90625,0,0.2989324802568278
0.09,0.921875,0,0.3170710114261672
0.09,0.9375,0,0.3321559754268268
0.09,0.953125,0,0.3440420958092
0.09,0.96875,0,0.35261490273639007
0.09,0.984375,0,0.3577918353913153
0.09,1.0,0,0.3595230370825095
0.1,0.0,0,0.4493289641172217
0.1,0.015625,0,0.4471653223408986
0.1,0.03125,0,0.44069523406500233
0.1,0.046875,0,0.42998100977653975
0.1,0.0625,0,0.4151258333123995
0.1,0.078125,0,0.3962727681425968
0.1,0.09375,0,0.37360337959085055
0.1,0.109375,0,0.3473359862612625
0.1,0.125,0,0.3177235575108143
0.1,0.140625,0,0.28505127721617307
0.1,0.15625,0,0.24963379729706137
0.1,0.171875,0,0.21181220744626417
0.1,0.1875,0,0.17195075024942869
0.1,0.203125,0,0.1304333133298496
0.1,0.21875,0,0.08765973230080215
0.1,0.234375,0,0.04404194013001389
0.1,0.25,0,2.7513463883517572e-17
0.1,0.265625,0,-0.044041940130013835
0.1,0.28125,0,-0.08765973230080208
0.1,0.296875,0,-0.1304333133298495
0.1,0.3125,0,-0.17195075024942863
0.1,0.328125,0,-0.2118122074462641
0.1,0.34375,0,-0.2496337972970612
0.1,0.359375,0,-0.285051277216173
0.1,0.375,0,-0.3177235575108143
0.1,0.390625,0,-0.3473359862612625
0.1,0.40625,0,-0.3736033795908506
0.1,0.421875,0,-0.39627276814259677
0.1,0.4375,0,-0.4151258333123995
0.1,0.453125,0,-0.42998100977653975
0.1,0.46875,0,-0.44069523406500233
0.1,0.484375,0,-0.44716532234089856
0.1,0.5,0,-0.4493289641172217
0.1,0.515625,0,-0.4471653223408986
0.1,0.53125,0,-0.44069523406500233
0.1,0.546875,0,-0.42998100977653975
0.1,0.5625,0,-0.41512583331239955
0.1,0.578125,0,-0.3962727681425968
0.1,0.59375,0,-0.37360337959085066
0.1,0.609375,0,-0.34733598626126255
0.1,0.625,0,-0.3177235575108144
0.1,0.640625,0,-0.28505127721617324
0.1,0.65625,0,-0.2496337972970613
0.1,0.671875,0,-0.2118122074462642
0.1,0.6875,0,-0.1719507502494289
0.1,0.703125,0,-0.13043331332984964
0.1,0.71875,0,-0.0876597323008023
0.1,0.734375,0,-0.04404194013001375
0.1,0.75,0,-8.254039165055271e-17
0.1,0.765625,0,0.044041940130013585
0.1,0.78125,0,0.08765973230080214
0.1,0.796875,0,0.13043331332984945
0.1,0.8125,0,0.17195075024942874
0.1,0.828125,0,0.21181220744626406
0.1,0.84375,0,0.24963379729706117
0.1,0.859375,0,0.2850512772161731
0.1,0.875,0,0.31772355751081427
0.1,0.890625,0,0.3473359862612624
0.1,0.90625,0,0.37360337959085055
0.1,0.921875,0,0.3962727681425967
0.1,0.9375,0,0.4151258333123994
0.1,0.953125,0,0.42998100977653975
0.1,0.96875,0,0.4406952340650023
0.1,0.984375,0,0.4471653223408986
0.1,1.0,0,0.4493289641172217
0.11,0.0,0,0.5316613301341575
0.11,0.015625,0,0.5291012355117382
0.11,0.03125,0,0.5214456067551841
0.11,0.046875,0,0.5087681717544134
0.11,0.0625,0,0.4911910211386743
0.11,0.078125,0,0.4688834324770444
0.11,0.09375,0,0.44206024004290345
0.11,0.109375,0,0.4109797658424409
0.11,0.125,0,0.37594133183252254
0.11,0.140625,0,0.3372823772866203
0.11,0.15625,0,0.2953752090701456
0.11,0.171875,0,0.2506234161218114
0.11,0.1875,0,0.20345798267152856
0.11,0.203125,0,0.15433313762667206
0.11,0.21875,0,0.1037219800993959
0.11,0.234375,0,0.05211192320356065
0.11,0.25,0,3.255486730896101e-17
0.11,0.265625,0,-0.05211192320356059
0.11,0.28125,0,-0.10372198009939583
0.11,0.296875,0,-0.15433313762667197
0.11,0.3125,0,-0.2034579826715285
0.11,0.328125,0,-0.2506234161218113
0.11,0.34375,0,-0.2953752090701454
0.11,0.359375,0,-0.33728237728662025
0.11,0.375,0,-0.3759413318325225
0.11,0.390625,0,-0.4109797658424409
0.11,0.40625,0,-0.4420602400429035
0.11,0.421875,0,-0.46888343247704434
0.11,0.4375,0,-0.4911910211386743
0.11,0.453125,0,-0.5087681717544134
0.11,0.46875,0,-0.5214456067551841
0.11,0.484375,0,-0.5291012355117382
0.11,0.5,0,-0.5316613301341575
0.11,0.515625,0,-0.5291012355117382
0.11,0.53125,0,-0.5214456067551841
0.11,0.546875,0,-0.5087681717544135
0.11,0.5625,0,-0.49119102113867436
0.11,0.578125,0,-0.4688834324770444
0.11,0.59375,0,-0.44206024004290356
0.11,0.609375,0,-0.41097976584244095
0.11,0.625,0,-0.3759413318325226
0.11,0.640625,0,-0.33728237728662047
0.11,0.65625,0,-0.29537520907014553
0.11,0.671875,0,-0.25062341612181144
0.11,0.6875,0,-0.20345798267152884
0.11,0.703125,0,-0.1543331376266721
0.11,0.71875,0,-0.10372198009939608
0.11,0.734375,0,-0.052111923203560485
0.11,0.75,0,-9.766460192688303e-17
0.11,0.765625,0,0.05211192320356029
0.11,0.78125,0,0.10372198009939589
0.11,0.796875,0,0.15433313762667192
0.11,0.8125,0,0.20345798267152865
0.11,0.828125,0,0.25062341612181127
0.11,0.84375,0,0.29537520907014536
0.11,0.859375,0,0.33728237728662036
0.11,0.875,0,0.37594133183252243
0.11,0.890625,0,0.4109797658424407
0.11,0.90625,0,0.44206024004290345
0.11,0.921875,0,0.4688834324770443
0.11,0.9375,0,0.4911910211386742
0.11,0.953125,0,0.5087681717544134
0.11,0.96875,0,0.521445606755184
0.11,0.984375,0,0.5291012355117382
0.11,1.0,0,0.5316613301341575
0.12,0.0,0,0.605856612003145
0.12,0.015625,0,0.6029392468188931
0.12,0.03125,0,0.5942152470876557
0.12,0.046875,0,0.5797686296958682
0.12,0.0625,0,0.5597385234663377
0.12,0.078125,0,0.5343178292716244
0.12,0.09375,0,0.5037513622931885
0.12,0.109375,0,0.468333494317363
0.12,0.125,0,0.4284053187741309
0.12,0.140625,0,0.38435136582093465
0.12,0.15625,0,0.33659589910705406
0.12,0.171875,0,0.2855988298827372
0.12,0.1875,0,0.23185128780244801
0.12,0.203125,0,0.17587089107781495
0.12,0.21875,0,0.11819676153129408
0.12,0.234375,0,0.05938433255830452
0.12,0.25,0,3.709801803159557e-17
0.12,0.265625,0,-0.05938433255830444
0.12,0.28125,0,-0.11819676153129399
0.12,0.296875,0,-0.17587089107781487
0.12,0.3125,0,-0.23185128780244796
0.12,0.328125,0,-0.28559882988273716
0.12,0.34375,0,-0.33659589910705384
0.12,0.359375,0,-0.3843513658209346
0.12,0.375,0,-0.42840531877413085
0.12,0.390625,0,-0.468333494317363
0.12,0.40625,0,-0.5037513622931886
0.12,0.421875,0,-0.5343178292716243
0.12,0.4375,0,-0.5597385234663377
0.12,0.453125,0,-0.5797686296958682
0.12,0.46875,0,-0.5942152470876557
0.12,0.484375,0,-0.6029392468188931
0.12,0.5,0,-0.605856612003145
0.12,0.515625,0,-0.6029392468188931
0.12,0.53125,0,-0.5942152470876557
0.12,0.546875,0,-0.5797686296958682
0.12,0.5625,0,-0.5597385234663377
0.12,0.578125,0,-0.5343178292716244
0.12,0.59375,0,-0.5037513622931887
0.12,0.609375,0,-0.46833349431736304
0.12,0.625,0,-0.42840531877413096
0.12,0.640625,0,-0.3843513658209349
0.12,0.65625,0,-0.33659589910705395
0.12,0.671875,0,-0.28559882988273727
0.12,0.6875,0,-0.23185128780244832
0.12,0.703125,0,-0.17587089107781503
0.12,0.71875,0,-0.11819676153129428
0.12,0.734375,0,-0.059384332558304324
0.12,0.75,0,-1.112940540947867e-16
0.12,0.765625,0,0.0593843325583041
0.12,0.78125,0,0.11819676153129406
0.12,0.796875,0,0.17587089107781478
0.12,0.8125,0,0.23185128780244812
0.12,0.828125,0,0.28559882988273705
0.12,0.84375,0,0.3365958991070538
0.12,0.859375,0,0.38435136582093476
0.12,0.875,0,0.4284053187741308
0.12,0.890625,0,0.46833349431736276
0.12,0.90625,0,0.5037513622931885
0.12,0.921875,0,0.5343178292716243
0.12,0.9375,0,0.5597385234663375
0.12,0.953125,0,0.5797686296958682
0.12,0.96875,0,0.5942152470876557
0.12,0.984375,0,0.6029392468188931
0.12,1.0,0,0.605856612003145
0.13,0.0,0,0.6719875079779414
0.13,0.015625,0,0.6687517044541583
0.13,0.03125,0,0.6590754564396133
0.13,0.046875,0,0.6430519514922616
0.13,0.0625,0,0.620835504724085
0.13,0.078125,0,0.5926400726622064
0.13,0.09375,0,0.5587371927305724
0.13,0.109375,0,0.5194533681961243
0.13,0.125,0,0.4751669237638516
0.13,0.140625,0,0.42630436210307016
0.13,0.15625,0,0.37333625639356677
0.13,0.171875,0,0.31677271844863575
0.13,0.1875,0,0.2571584860594618
0.13,0.203125,0,0.19506767687240714
0.13,0.21875,0,0.13109825932223218
0.13,0.234375,0,0.06586629386918572
0.13,0.25,0,4.114736753560962e-17
0.13,0.265625,0,-0.06586629386918563
0.13,0.28125,0,-0.1310982593222321
0.13,0.296875,0,-0.19506767687240703
0.13,0.3125,0,-0.25715848605946173
0.13,0.328125,0,-0.31677271844863564
0.13,0.34375,0,-0.37333625639356655
0.13,0.359375,0,-0.4263043621030701
0.13,0.375,0,-0.4751669237638515
0.13,0.390625,0,-0.5194533681961243
0.13,0.40625,0,-0.5587371927305725
0.13,0.421875,0,-0.5926400726622063
0.13,0.4375,0,-0.620835504724085
0.13,0.453125,0,-0.6430519514922616
0.13,0.46875,0,-0.6590754564396133
0.13,0.484375,0,-0.6687517044541583
0.13,0.5,0,-0.6719875079779414
0.13,0.515625,0,-0.6687517044541583
0.13,0.53125,0,-0.6590754564396133
0.13,0.546875,0,-0.6430519514922617
0.13,0.5625,0,-0.6208355047240851
0.13,0.578125,0,-0.5926400726622064
0.13,0.59375,0,-0.5587371927305725
0.13,0.609375,0,-0.5194533681961244
0.13,0.625,0,-0.47516692376385167
0.13,0.640625,0,-0.4263043621030704
0.13,0.65625,0,-0.37333625639356666
0.13,0.671875,0,-0.3167727184486358
0.13,0.6875,0,-0.2571584860594621
0.13,0.703125,0,-0.19506767687240723
0.13,0.71875,0,-0.1310982593222324
0.13,0.734375,0,-0.06586629386918551
0.13,0.75,0,-1.2344210260682886e-16
0.13,0.765625,0,0.06586629386918526
0.13,0.78125,0,0.13109825932223218
0.13,0.796875,0,0.19506767687240695
0.13,0.8125,0,0.2571584860594619
0.13,0.828125,0,0.3167727184486356
0.13,0.84375,0,0.37333625639356643
0.13,0.859375,0,0.4263043621030702
0.13,0.875,0,0.47516692376385145
0.13,0.890625,0,0.5194533681961241
0.13,0.90625,0,0.5587371927305724
0.13,0.921875,0,0.5926400726622062
0.13,0.9375,0,0.6208355047240849
0.13,0.953125,0,0.6430519514922616
0.13,0.96875,0,0.6590754564396132
0.13,0.984375,0,0.6687517044541583
0.13,1.0,0,0.6719875079779414
0.14,0.0,0,0.7304592996489768
0.14,0.015625,0,0.7269419384663314
0.14,0.03125,0,0.716423729029369
0.14,0.046875,0,0.699005967444806
0.14,0.0625,0,0.6748563962782186
0.14,0.078125,0,0.6442075891014396
0.14,0.09375,0,0.6073547106819235
0.14,0.109375,0,0.5646526743846829
0.14,0.125,0,0.5165127241625679
0.14,0.140625,0,0.4633984740521908
0.14,0.15625,0,0.40582144331731757
0.14,0.171875,0,0.3443361302387314
0.14,0.1875,0,0.2795346719926701
0.14,0.203125,0,0.21204114204612382
0.14,0.21875,0,0.14250553998819446
0.14,0.234375,0,0.07159753167872644
0.14,0.25,0,4.472773216112684e-17
0.14,0.265625,0,-0.07159753167872634
0.14,0.28125,0,-0.14250553998819437
0.14,0.296875,0,-0.2120411420461237
0.14,0.3125,0,-0.27953467199267
0.14,0.328125,0,-0.34433613023873133
0.14,0.34375,0,-0.4058214433173173
0.14,0.359375,0,-0.46339847405219076
0.14,0.375,0,-0.5165127241625678
0.14,0.390625,0,-0.5646526743846829
0.14,0.40625,0,-0.6073547106819236
0.14,0.421875,0,-0.6442075891014395
0.14,0.4375,0,-0.6748563962782186
0.14,0.453125,0,-0.699005967444806
0.14,0.46875,0,-0.716423729029369
0.14,0.484375,0,-0.7269419384663313
0.14,0.5,0,-0.7304592996489768
0.14,0.515625,0,-0.7269419384663314
0.14,0.53125,0,-0.716423729029369
0.14,0.546875,0,-0.6990059674448061
0.14,0.5625,0,-0.6748563962782187
0.14,0.578125,0,-0.6442075891014396
0.14,0.59375,0,-0.6073547106819236
0.14,0.609375,0,-0.564652674384683
0.14,0.625,0,-0.5165127241625679
0.14,0.640625,0,-0.4633984740521911
0.14,0.65625,0,-0.40582144331731745
0.14,0.671875,0,-0.3443361302387315
0.14,0.6875,0,-0.27953467199267046
0.14,0.703125,0,-0.2120411420461239
0.14,0.71875,0,-0.1425055399881947
0.14,0.734375,0,-0.0715975316787262
0.14,0.75,0,-1.3418319648338051e-16
0.14,0.765625,0,0.07159753167872594
0.14,0.78125,0,0.14250553998819446
0.14,0.796875,0,0.21204114204612362
0.14,0.8125,0,0.27953467199267024
0.14,0.828125,0,0.3443361302387312
0.14,0.84375,0,0.40582144331731723
0.14,0.859375,0,0.4633984740521909
0.14,0.875,0,0.5165127241625677
0.14,0.890625,0,0.5646526743846827
0.14,0.90625,0,0.6073547106819235
0.14,0.921875,0,0.6442075891014394
0.14,0.9375,0,0.6748563962782185
0.14,0.953125,0,0.699005967444806
0.14,0.96875,0,0.716423729029369
0.14,0.984375,0,0.7269419384663314
0.14,1.0,0,0.7304592996489768
0.15,0.0,0,0.7818019384516086
0.15,0.015625,0,0.7780373484297578
0.15,0.03125,0,0.7667798334240501
0.15,0.046875,0,0.748137809457974
0.15,0.0625,0,0.72229080941309
0.15,0.078125,0,0.6894877540292376
0.15,0.09375,0,0.6500445546617374
0.15,0.109375,0,0.6043410708823446
0.15,0.125,0,0.5528174522239203
0.15,0.140625,0,0.4959698992998202
0.15,0.15625,0,0.43434588512073696
0.15,0.171875,0,0.36853888263032786
0.15,0.1875,0,0.2991826492363423
0.15,0.203125,0,0.22694512338033823
0.15,0.21875,0,0.15252199192535768
0.15,0.234375,0,0.07662999031113395
0.15,0.25,0,4.787156207459793e-17
0.15,0.265625,0,-0.07662999031113385
0.15,0.28125,0,-0.15252199192535756
0.15,0.296875,0,-0.2269451233803381
0.15,0.3125,0,-0.2991826492363422
0.15,0.328125,0,-0.3685388826303278
0.15,0.34375,0,-0.4343458851207367
0.15,0.359375,0,-0.49596989929982016
0.15,0.375,0,-0.5528174522239202
0.15,0.390625,0,-0.6043410708823446
0.15,0.40625,0,-0.6500445546617374
0.15,0.421875,0,-0.6894877540292375
0.15,0.4375,0,-0.72229080941309
0.15,0.453125,0,-0.748137809457974
0.15,0.46875,0,-0.7667798334240501
0.15,0.484375,0,-0.7780373484297578
0.15,0.5,0,-0.7818019384516086
0.15,0.515625,0,-0.7780373484297578
0.15,0.53125,0,-0.7667798334240501
0.15,0.546875,0,-0.7481378094579741
0.15,0.5625,0,-0.72229080941309
0.15,0.578125,0,-0.6894877540292376
0.15,0.59375,0,-0.6500445546617375
0.15,0.609375,0,-0.6043410708823447
0.15,0.625,0,-0.5528174522239204
0.15,0.640625,0,-0.4959698992998205
0.15,0.65625,0,-0.43434588512073685
0.15,0.671875,0,-0.36853888263032797
0.15,0.6875,0,-0.2991826492363427
0.15,0.703125,0,-0.22694512338033832
0.15,0.71875,0,-0.15252199192535792
0.15,0.734375,0,-0.0766299903111337
0.15,0.75,0,-1.4361468622379377e-16
0.15,0.765625,0,0.07662999031113342
0.15,0.78125,0,0.15252199192535765
0.15,0.796875,0,0.226945123380338
0.15,0.8125,0,0.2991826492363424
0.15,0.828125,0,0.3685388826303277
0.15,0.84375,0,0.43434588512073663
0.15,0.859375,0,0.4959698992998203
0.15,0.875,0,0.5528174522239202
0.15,0.890625,0,0.6043410708823443
0.15,0.90625,0,0.6500445546617374
0.15,0.921875,0,0.6894877540292373
0.15,0.9375,0,0.7222908094130898
0.15,0.953125,0,0.748137809457974
0.15,0.96875,0,0.76677983342405
0.15,0.984375,0,0.7780373484297578
0.15,1.0,0,0.7818019384516086
0.16,0.0,0,0.8265654376242381
0.16,0.015625,0,0.8225852991187622
0.16,0.03125,0,0.8106832145119072
0.16,0.046875,0,0.7909738073847785
0.16,0.0625,0,0.7636468901022682
0.16,0.078125,0,0.7289656358162194
0.16,0.09375,0,0.6872640439641089
0.16,0.109375,0,0.6389437236718813
0.16,0.125,0,0.584470026038525
0.16,0.140625,0,0.5243675625506012
0.16,0.15625,0,0.4592151527868475
0.16,0.171875,0,0.38964025006921865
0.16,0.1875,0,0.316312898744396
0.16,0.203125,0,0.23993928129044537
0.16,0.21875,0,0.16125491739351464
0.16,0.234375,0,0.08101758049117976
0.16,0.25,0,5.061253587361772e-17
0.16,0.265625,0,-0.08101758049117964
0.16,0.28125,0,-0.16125491739351452
0.16,0.296875,0,-0.23993928129044523
0.16,0.3125,0,-0.3163128987443959
0.16,0.328125,0,-0.38964025006921854
0.16,0.34375,0,-0.4592151527868472
0.16,0.359375,0,-0.5243675625506011
0.16,0.375,0,-0.5844700260385249
0.16,0.390625,0,-0.6389437236718813
0.16,0.40625,0,-0.687264043964109
0.16,0.421875,0,-0.7289656358162193
0.16,0.4375,0,-0.7636468901022682
0.16,0.453125,0,-0.7909738073847785
0.16,0.46875,0,-0.8106832145119072
0.16,0.484375,0,-0.8225852991187621
0.16,0.5,0,-0.8265654376242381
0.16,0.515625,0,-0.8225852991187622
0.16,0.53125,0,-0.8106832145119072
0.16,0.546875,0,-0.7909738073847786
0.16,0.5625,0,-0.7636468901022683
0.16,0.578125,0,-0.7289656358162194
0.16,0.59375,0,-0.687264043964109
0.16,0.609375,0,-0.6389437236718815
0.16,0.625,0,-0.5844700260385252
0.16,0.640625,0,-0.5243675625506016
0.16,0.65625,0,-0.4592151527868474
0.16,0.671875,0,-0.38964025006921876
0.16,0.6875,0,-0.3163128987443964
0.16,0.703125,0,-0.23993928129044545
0.16,0.71875,0,-0.1612549173935149
0.16,0.734375,0,-0.08101758049117949
0.16,0.75,0,-1.5183760762085315e-16
0.16,0.765625,0,0.08101758049117919
0.16,0.78125,0,0.1612549173935146
0.16,0.796875,0,0.23993928129044514
0.16,0.8125,0,0.3163128987443961
0.16,0.828125,0,0.3896402500692185
0.16,0.84375,0,0.4592151527868471
0.16,0.859375,0,0.5243675625506014
0.16,0.875,0,0.5844700260385248
0.16,0.890625,0,0.6389437236718811
0.16,0.90625,0,0.6872640439641089
0.16,0.921875,0,0.7289656358162192
0.16,0.9375,0,0.763646890102268
0.16,0.953125,0,0.7909738073847785
0.16,0.96875,0,0.8106832145119071
0.16,0.984375,0,0.8225852991187622
0.16,1.0,0,0.8265654376242381
0.17,0.0,0,0.8652692680209837
0.17,0.015625,0,0.8611027599933145
0.17,0.03125,0,0.8486433616602584
0.17,0.046875,0,0.8280110638387628
0.17,0.0625,0,0.7994045668356097
0.17,0.078125,0,0.7630993668548416
0.17,0.09375,0,0.7194451028187144
0.17,0.109375,0,0.6688621891537442
0.17,0.125,0,0.611837766969958
0.17,0.140625,0,0.5489210126257055
0.17,0.15625,0,0.4807178488591186
0.17,0.171875,0,0.40788510942091144
0.17,0.1875,0,0.3311242134062989
0.17,0.203125,0,0.2511744102056761
0.17,0.21875,0,0.16880566012887335
0.17,0.234375,0,0.08481121926646909
0.17,0.25,0,5.298246197412355e-17
0.17,0.265625,0,-0.08481121926646898
0.17,0.28125,0,-0.16880566012887324
0.17,0.296875,0,-0.251174410205676
0.17,0.3125,0,-0.33112421340629883
0.17,0.328125,0,-0.40788510942091133
0.17,0.34375,0,-0.48071784885911834
0.17,0.359375,0,-0.5489210126257054
0.17,0.375,0,-0.6118377669699578
0.17,0.390625,0,-0.6688621891537442
0.17,0.40625,0,-0.7194451028187145
0.17,0.421875,0,-0.7630993668548416
0.17,0.4375,0,-0.7994045668356097
0.17,0.453125,0,-0.8280110638387628
0.17,0.46875,0,-0.8486433616602584
0.17,0.484375,0,-0.8611027599933144
0.17,0.5,0,-0.8652692680209837
0.17,0.515625,0,-0.8611027599933145
0.17,0.53125,0,-0.8486433616602584
0.17,0.546875,0,-0.8280110638387628
0.17,0.5625,0,-0.7994045668356098
0.17,0.578125,0,-0.7630993668548416
0.17,0.59375,0,-0.7194451028187147
0.17,0.609375,0,-0.6688621891537443
0.17,0.625,0,-0.611837766969958
0.17,0.640625,0,-0.5489210126257057
0.17,0.65625,0,-0.4807178488591185
0.17,0.671875,0,-0.4078851094209115
0.17,0.6875,0,-0.33112421340629933
0.17,0.703125,0,-0.2511744102056762
0.17,0.71875,0,-0.16880566012887366
0.17,0.734375,0,-0.08481121926646881
0.17,0.75,0,-1.5894738592237064e-16
0.17,0.765625,0,0.0848112192664685
0.17,0.78125,0,0.16880566012887332
0.17,0.796875,0,0.2511744102056759
0.17,0.8125,0,0.33112421340629905
0.17,0.828125,0,0.4078851094209112
0.17,0.84375,0,0.4807178488591182
0.17,0.859375,0,0.5489210126257056
0.17,0.875,0,0.6118377669699577
0.17,0.890625,0,0.668862189153744
0.17,0.90625,0,0.7194451028187144
0.17,0.921875,0,0.7630993668548415
0.17,0.9375,0,0.7994045668356095
0.17,0.953125,0,0.8280110638387628
0.17,0.96875,0,0.8486433616602583
0.17,0.984375,0,0.8611027599933145
0.17,1.0,0,0.8652692680209837
0.18,0.0,0,0.8983797788082356
0.18,0.015625,0,0.8940538346211027
0.18,0.03125,0,0.8811176632670275
0.18,0.046875,0,0.8596958471477805
0.18,0.0625,0,0.8299946900629459
0.18,0.078125,0,0.7923002303915547
0.18,0.09375,0,0.74697548638613
0.18,0.109375,0,0.6944569601084696
0.18,0.125,0,0.6352504336761741
0.18,0.140625,0,0.569926098304366
0.18,0.15625,0,0.49911306305259023
0.18,0.171875,0,0.42349329616066395
0.18,0.1875,0,0.34379505732172577
0.18,0.203125,0,0.2607858841432839
0.18,0.21875,0,0.17526520034047682
0.18,0.234375,0,0.0880566168486866
0.18,0.25,0,5.5009896026810647e-17
0.18,0.265625,0,-0.08805661684868649
0.18,0.28125,0,-0.1752652003404767
0.18,0.296875,0,-0.2607858841432838
0.18,0.3125,0,-0.3437950573217257
0.18,0.328125,0,-0.4234932961606639
0.18,0.34375,0,-0.4991130630525899
0.18,0.359375,0,-0.5699260983043659
0.18,0.375,0,-0.635250433676174
0.18,0.390625,0,-0.6944569601084696
0.18,0.40625,0,-0.7469754863861301
0.18,0.421875,0,-0.7923002303915546
0.18,0.4375,0,-0.8299946900629459
0.18,0.453125,0,-0.8596958471477805
0.18,0.46875,0,-0.8811176632670275
0.18,0.484375,0,-0.8940538346211025
0.18,0.5,0,-0.8983797788082356
0.18,0.515625,0,-0.8940538346211027
0.18,0.53125,0,-0.8811176632670275
0.18,0.546875,0,-0.8596958471477806
0.18,0.5625,0,-0.829994690062946
0.18,0.578125,0,-0.7923002303915547
0.18,0.59375,0,-0.7469754863861302
0.18,0.609375,0,-0.6944569601084697
0.18,0.625,0,-0.6352504336761742
0.18,0.640625,0,-0.5699260983043662
0.18,0.65625,0,-0.4991130630525901
0.18,0.671875,0,-0.42349329616066406
0.18,0.6875,0,-0.34379505732172627
0.18,0.703125,0,-0.260785884143284
0.18,0.71875,0,-0.17526520034047713
0.18,0.734375,0,-0.0880566168486863
0.18,0.75,0,-1.6502968808043192e-16
0.18,0.765625,0,0.08805661684868599
0.18,0.78125,0,0.1752652003404768
0.18,0.796875,0,0.2607858841432837
0.18,0.8125,0,0.34379505732172594
0.18,0.828125,0,0.4234932961606638
0.18,0.84375,0,0.49911306305258984
0.18,0.859375,0,0.5699260983043661
0.18,0.875,0,0.6352504336761738
0.18,0.890625,0,0.6944569601084692
0.18,0.90625,0,0.74697548638613
0.18,0.921875,0,0.7923002303915545
0.18,0.9375,0,0.8299946900629457
0.18,0.953125,0,0.8596958471477805
0.18,0.96875,0,0.8811176632670273
0.18,0.984375,0,0.8940538346211027
0.18,1.0,0,0.8983797788082356
0.19,0.0,0,0.9263019441192855
0.19,0.015625,0,0.9218415470742757
0.19,0.03125,0,0.9085033120010909
0.19,0.046875,0,0.8864156933949068
0.19,0.0625,0,0.8557914070972215
0.19,0.078125,0,0.8169253817260196
0.19,0.09375,0,0.7701919183519562
0.19,0.109375,0,0.7160410857744335
0.19,0.125,0,0.6549943861130292
0.19,0.140625,0,0.5876397324570031
0.19,0.15625,0,0.514625786940862
0.19,0.171875,0,0.43665571377340895
0.19,0.1875,0,0.3544804073820238
0.19,0.203125,0,0.2688912608888478
0.19,0.21875,0,0.1807125445623971
0.19,0.234375,0,0.09079346764428496
0.19,0.25,0,5.671963554548266e-17
0.19,0.265625,0,-0.09079346764428485
0.19,0.28125,0,-0.180712544562397
0.19,0.296875,0,-0.2688912608888476
0.19,0.3125,0,-0.3544804073820237
0.19,0.328125,0,-0.43665571377340884
0.19,0.34375,0,-0.5146257869408617
0.19,0.359375,0,-0.5876397324570031
0.19,0.375,0,-0.6549943861130291
0.19,0.390625,0,-0.7160410857744335
0.19,0.40625,0,-0.7701919183519563
0.19,0.421875,0,-0.8169253817260195
0.19,0.4375,0,-0.8557914070972215
0.19,0.453125,0,-0.8864156933949068
0.19,0.46875,0,-0.9085033120010909
0.19,0.484375,0,-0.9218415470742757
0.19,0.5,0,-0.9263019441192855
0.19,0.515625,0,-0.9218415470742757
0.19,0.53125,0,-0.9085033120010909
0.19,0.546875,0,-0.8864156933949069
0.19,0.5625,0,-0.8557914070972216
0.19,0.578125,0,-0.8169253817260196
0.19,0.59375,0,-0.7701919183519564
0.19,0.609375,0,-0.7160410857744336
0.19,0.625,0,-0.6549943861130293
0.19,0.640625,0,-0.5876397324570034
0.19,0.65625,0,-0.5146257869408619
0.19,0.671875,0,-0.43665571377340906
0.19,0.6875,0,-0.35448040738202424
0.19,0.703125,0,-0.2688912608888479
0.19,0.71875,0,-0.1807125445623974
0.19,0.734375,0,-0.09079346764428467
0.19,0.75,0,-1.70158906636448e-16
0.19,0.765625,0,0.09079346764428434
0.19,0.78125,0,0.18071254456239708
0.19,0.796875,0,0.2688912608888475
0.19,0.8125,0,0.35448040738202397
0.19,0.828125,0,0.4366557137734087
0.19,0.84375,0,0.5146257869408616
0.19,0.859375,0,0.5876397324570032
0.19,0.875,0,0.654994386113029
0.19,0.890625,0,0.7160410857744333
0.19,0.90625,0,0.7701919183519562
0.19,0.921875,0,0.8169253817260194
0.19,0.9375,0,0.8557914070972213
0.19,0.953125,0,0.8864156933949068
0.19,0.96875,0,0.9085033120010908
0.19,0.984375,0,0.9218415470742757
0.19,1.0,0,0.9263019441192855
0.2,0.0,0,0.9493781839091318
0.2,0.015625,0,0.944806668462156
0.2,0.03125,0,0.9311361483140275
0.2,0.046875,0,0.9084982780468392
0.2,0.0625,0,0.877111072726383
0.2,0.078125,0,0.8372768082978866
0.2,0.09375,0,0.7893791105034202
0.2,0.109375,0,0.7338792603562898
0.2,0.125,0,0.6713117517527164
0.2,0.140625,0,0.6022791440034315
0.2,0.15625,0,0.5274462588581231
0.2,0.171875,0,0.44753377790855675
0.2,0.1875,0,0.363311302030882
0.2,0.203125,0,0.2755899397084899
0.2,0.21875,0,0.18521449561391962
0.2,0.234375,0,0.09305533467804492
0.2,0.25,0,5.813264770523227e-17
0.2,0.265625,0,-0.0930553346780448
0.2,0.28125,0,-0.18521449561391948
0.2,0.296875,0,-0.2755899397084897
0.2,0.3125,0,-0.3633113020308819
0.2,0.328125,0,-0.44753377790855664
0.2,0.34375,0,-0.5274462588581228
0.2,0.359375,0,-0.6022791440034314
0.2,0.375,0,-0.6713117517527163
0.2,0.390625,0,-0.7338792603562898
0.2,0.40625,0,-0.7893791105034204
0.2,0.421875,0,-0.8372768082978865
0.2,0.4375,0,-0.877111072726383
0.2,0.453125,0,-0.9084982780468392
0.2,0.46875,0,-0.9311361483140275
0.2,0.484375,0,-0.9448066684621559
0.2,0.5,0,-0.9493781839091318
0.2,0.515625,0,-0.944806668462156
0.2,0.53125,0,-0.9311361483140275
0.2,0.546875,0,-0.9084982780468394
0.2,0.5625,0,-0.8771110727263831
0.2,0.578125,0,-0.8372768082978866
0.2,0.59375,0,-0.7893791105034205
0.2,0.609375,0,-0.7338792603562899
0.2,0.625,0,-0.6713117517527164
0.2,0.640625,0,-0.6022791440034319
0.2,0.65625,0,-0.527446258858123
0.2,0.671875,0,-0.44753377790855686
0.2,0.6875,0,-0.3633113020308825
0.2,0.703125,0,-0.27558993970849
0.2,0.71875,0,-0.18521449561391992
0.2,0.734375,0,-0.09305533467804462
0.2,0.75,0,-1.743979431156968e-16
0.2,0.765625,0,0.09305533467804428
0.2,0.78125,0,0.1852144956139196
0.2,0.796875,0,0.2755899397084896
0.2,0.8125,0,0.3633113020308822
0.2,0.828125,0,0.44753377790855653
0.2,0.84375,0,0.5274462588581228
0.2,0.859375,0,0.6022791440034316
0.2,0.875,0,0.6713117517527162
0.2,0.890625,0,0.7338792603562895
0.2,0.90625,0,0.7893791105034202
0.2,0.921875,0,0.8372768082978864
0.2,0.9375,0,0.8771110727263829
0.2,0.953125,0,0.9084982780468392
0.2,0.96875,0,0.9311361483140274
0.2,0.984375,0,0.944806668462156
0.2,1.0,0,0.9493781839091318
0.21,0.0,0,0.9678904108997807
0.21,0.015625,0,0.9632297540199386
0.21,0.03125,0,0.9492926680539393
0.21,0.046875,0,0.9262133747584217
0.21,0.0625,0,0.8942141403442466
0.21,0.078125,0,0.8536031349313835
0.21,0.09375,0,0.8047714647021919
0.21,0.109375,0,0.7481894053350853
0.21,0.125,0,0.6844018729926689
0.21,0.140625,0,0.6140231764812122
0.21,0.15625,0,0.5377311011210297
0.21,0.171875,0,0.4562603813033308
0.21,0.1875,0,0.37039562459638525
0.21,0.203125,0,0.2809637555457318
0.21,0.21875,0,0.18882605193876098
0.21,0.234375,0,0.09486985022880004
0.21,0.25,0,5.926619468169165e-17
0.21,0.265625,0,-0.09486985022879992
0.21,0.28125,0,-0.18882605193876084
0.21,0.296875,0,-0.2809637555457316
0.21,0.3125,0,-0.37039562459638514
0.21,0.328125,0,-0.4562603813033307
0.21,0.34375,0,-0.5377311011210294
0.21,0.359375,0,-0.6140231764812121
0.21,0.375,0,-0.6844018729926687
0.21,0.390625,0,-0.7481894053350853
0.21,0.40625,0,-0.804771464702192
0.21,0.421875,0,-0.8536031349313834
0.21,0.4375,0,-0.8942141403442466
0.21,0.453125,0,-0.9262133747584217
0.21,0.46875,0,-0.9492926680539393
0.21,0.484375,0,-0.9632297540199385
0.21,0.5,0,-0.9678904108997807
0.21,0.515625,0,-0.9632297540199386
0.21,0.53125,0,-0.9492926680539393
0.21,0.546875,0,-0.9262133747584218
0.21,0.5625,0,-0.8942141403442467
0.21,0.578125,0,-0.8536031349313835
0.21,0.59375,0,-0.8047714647021921
0.21,0.609375,0,-0.7481894053350854
0.21,0.625,0,-0.684401872992669
0.21,0.640625,0,-0.6140231764812125
0.21,0.65625,0,-0.5377311011210296
0.21,0.671875,0,-0.4562603813033309
0.21,0.6875,0,-0.3703956245963857
0.21,0.703125,0,-0.2809637555457319
0.21,0.71875,0,-0.1888260519387613
0.21,0.734375,0,-0.09486985022879973
0.21,0.75,0,-1.777985840450749e-16
0.21,0.765625,0,0.09486985022879937
0.21,0.78125,0,0.18882605193876095
0.21,0.796875,0,0.2809637555457315
0.21,0.8125,0,0.37039562459638536
0.21,0.828125,0,0.4562603813033306
0.21,0.84375,0,0.5377311011210293
0.21,0.859375,0,0.6140231764812123
0.21,0.875,0,0.6844018729926686
0.21,0.890625,0,0.7481894053350849
0.21,0.90625,0,0.8047714647021919
0.21,0.921875,0,0.8536031349313833
0.21,0.9375,0,0.8942141403442464
0.21,0.953125,0,0.9262133747584217
0.21,0.96875,0,0.9492926680539392
0.21,0.984375,0,0.9632297540199386
0.21,1.0,0,0.9678904108997807
0.22,0.0,0,0.9820632655381242
0.22,0.015625,0,0.9773343624893632
0.22,0.03125,0,0.9631931952645213
0.22,0.046875,0,0.9397759510343219
0.22,0.0625,0,0.9073081506618698
0.22,0.078125,0,0.8661024768134568
0.22,0.09375,0,0.8165557626535557
0.22,0.109375,0,0.7591451701245153
0.22,0.125,0,0.6944235946162127
0.22,0.140625,0,0.6230143402812048
0.22,0.15625,0,0.5456051172750072
0.22,0.171875,0,0.46294141873135514
0.22,0.1875,0,0.375819341255798
0.22,0.203125,0,0.2850779180801977
0.22,0.21875,0,0.19159103871404318
0.22,0.234375,0,0.09625903291075702
0.22,0.25,0,6.013403173507305e-17
0.22,0.265625,0,-0.0962590329107569
0.22,0.28125,0,-0.19159103871404307
0.22,0.296875,0,-0.28507791808019756
0.22,0.3125,0,-0.3758193412557979
0.22,0.328125,0,-0.462941418731355
0.22,0.34375,0,-0.5456051172750068
0.22,0.359375,0,-0.6230143402812047
0.22,0.375,0,-0.6944235946162126
0.22,0.390625,0,-0.7591451701245153
0.22,0.40625,0,-0.8165557626535558
0.22,0.421875,0,-0.8661024768134568
0.22,0.4375,0,-0.9073081506618698
0.22,0.453125,0,-0.9397759510343219
0.22,0.46875,0,-0.9631931952645213
0.22,0.484375,0,-0.9773343624893631
0.22,0.5,0,-0.9820632655381242
0.22,0.515625,0,-0.9773343624893632
0.22,0.53125,0,-0.9631931952645213
0.22,0.546875,0,-0.939775951034322
0.22,0.5625,0,-0.9073081506618699
0.22,0.578125,0,-0.8661024768134568
0.22,0.59375,0,-0.8165557626535559
0.22,0.609375,0,-0.7591451701245154
0.22,0.625,0,-0.6944235946162128
0.22,0.640625,0,-0.6230143402812052
0.22,0.65625,0,-0.545605117275007
0.22,0.671875,0,-0.46294141873135525
0.22,0.6875,0,-0.37581934125579847
0.22,0.703125,0,-0.28507791808019783
0.22,0.71875,0,-0.1915910387140435
0.22,0.734375,0,-0.0962590329107567
0.22,0.75,0,-1.8040209520521913e-16
0.22,0.765625,0,0.09625903291075635
0.22,0.78125,0,0.19159103871404315
0.22,0.796875,0,0.28507791808019745
0.22,0.8125,0,0.3758193412557982
0.22,0.828125,0,0.4629414187313549
0.22,0.84375,0,0.5456051172750068
0.22,0.859375,0,0.623014340281205
0.22,0.875,0,0.6944235946162125
0.22,0.890625,0,0.759145170124515
0.22,0.90625,0,0.8165557626535557
0.22,0.921875,0,0.8661024768134566
0.22,0.9375,0,0.9073081506618697
0.22,0.953125,0,0.9397759510343219
0.22,0.96875,0,0.9631931952645212
0.22,0.984375,0,0.9773343624893632
0.22,1.0,0,0.9820632655381242
0.23,0.0,0,0.9920674686338736
0.23,0.015625,0,0.9872903926127798
0.23,0.03125,0,0.9730051704029967
0.23,0.046875,0,0.9493493765035016
0.23,0.0625,0,0.9165508291411187
0.23,0.078125,0,0.8749253962564579
0.23,0.09375,0,0.8248739535229743
0.23,0.109375,0,0.7668785236950935
0.23,0.125,0,0.7014976344655847
0.23,0.140625,0,0.6293609395385574
0.23,0.15625,0,0.5511631547200881
0.23,0.171875,0,0.46765736742523595
0.23,0.1875,0,0.37964778403455685
0.23,0.203125,0,0.2879819849470354
0.23,0.21875,0,0.1935427619175077
0.23,0.234375,0,0.09723961628947853
0.23,0.25,0,6.074661250003453e-17
0.23,0.265625,0,-0.0972396162894784
0.23,0.28125,0,-0.19354276191750755
0.23,0.296875,0,-0.28798198494703525
0.23,0.3125,0,-0.37964778403455673
0.23,0.328125,0,-0.46765736742523584
0.23,0.34375,0,-0.5511631547200878
0.23,0.359375,0,-0.6293609395385573
0.23,0.375,0,-0.7014976344655846
0.23,0.390625,0,-0.7668785236950935
0.23,0.40625,0,-0.8248739535229744
0.23,0.421875,0,-0.8749253962564578
0.23,0.4375,0,-0.9165508291411187
0.23,0.453125,0,-0.9493493765035016
0.23,0.46875,0,-0.9730051704029967
0.23,0.484375,0,-0.9872903926127797
0.23,0.5,0,-0.9920674686338736
0.23,0.515625,0,-0.9872903926127798
0.23,0.53125,0,-0.9730051704029967
0.23,0.546875,0,-0.9493493765035017
0.23,0.5625,0,-0.9165508291411189
0.23,0.578125,0,-0.8749253962564579
0.23,0.59375,0,-0.8248739535229745
0.23,0.609375,0,-0.7668785236950936
0.23,0.625,0,-0.7014976344655848
0.23,0.640625,0,-0.6293609395385578
0.23,0.65625,0,-0.551163154720088
0.23,0.671875,0,-0.46765736742523606
0.23,0.6875,0,-0.37964778403455735
0.23,0.703125,0,-0.28798198494703553
0.23,0.71875,0,-0.19354276191750802
0.23,0.734375,0,-0.0972396162894782
0.23,0.75,0,-1.8223983750010357e-16
0.23,0.765625,0,0.09723961628947785
0.23,0.78125,0,0.19354276191750766
0.23,0.796875,0,0.28798198494703514
0.23,0.8125,0,0.379647784034557
0.23,0.828125,0,0.4676573674252357
0.23,0.84375,0,0.5511631547200877
0.23,0.859375,0,0.6293609395385575
0.23,0.875,0,0.7014976344655844
0.23,0.890625,0,0.7668785236950932
0.23,0.90625,0,0.8248739535229743
0.23,0.921875,0,0.8749253962564577
0.23,0.9375,0,0.9165508291411185
0.23,0.953125,0,0.9493493765035016
0.23,0.96875,0,0.9730051704029966
0.23,0.984375,0,0.9872903926127798
0.23,1.0,0,0.9920674686338736
0.24,0.0,0,0.9980227391519906
0.24,0.015625,0,0.993216986875611
0.24,0.03125,0,0.9788460120679852
0.24,0.046875,0,0.9550482150724845
0.24,0.0625,0,0.9220527816833749
0.24,0.078125,0,0.8801774759613321
0.24,0.09375,0,0.8298255799918298
0.24,0.109375,0,0.7714820100582008
0.24,0.125,0,0.7057086466327455
0.24,0.140625,0,0.6331389231606286
0.24,0.15625,0,0.5544717257495332
0.24,0.171875,0,0.47046466251439234
0.24,0.1875,0,0.38192676739709247
0.24,0.203125,0,0.28971070872735005
0.24,0.21875,0,0.1947045775605803
0.24,0.234375,0,0.09782333487555328
0.24,0.25,0,6.111126764893795e-17
0.24,0.265625,0,-0.09782333487555316
0.24,0.28125,0,-0.19470457756058016
0.24,0.296875,0,-0.2897107087273499
0.24,0.3125,0,-0.38192676739709236
0.24,0.328125,0,-0.47046466251439223
0.24,0.34375,0,-0.5544717257495329
0.24,0.359375,0,-0.6331389231606285
0.24,0.375,0,-0.7057086466327454
0.24,0.390625,0,-0.7714820100582008
0.24,0.40625,0,-0.8298255799918299
0.24,0.421875,0,-0.880177475961332
0.24,0.4375,0,-0.9220527816833749
0.24,0.453125,0,-0.9550482150724845
0.24,0.46875,0,-0.9788460120679852
0.24,0.484375,0,-0.9932169868756109
0.24,0.5,0,-0.9980227391519906
0.24,0.515625,0,-0.993216986875611
0.24,0.53125,0,-0.9788460120679852
0.24,0.546875,0,-0.9550482150724846
0.24,0.5625,0,-0.922052781683375
0.24,0.578125,0,-0.8801774759613321
0.24,0.59375,0,-0.82982557999183
0.24,0.609375,0,-0.7714820100582009
0.24,0.625,0,-0.7057086466327456
0.24,0.640625,0,-0.6331389231606289
0.24,0.65625,0,-0.5544717257495331
0.24,0.671875,0,-0.47046466251439245
0.24,0.6875,0,-0.38192676739709297
0.24,0.703125,0,-0.28971070872735016
0.24,0.71875,0,-0.19470457756058063
0.24,0.734375,0,-0.09782333487555296
0.24,0.75,0,-1.8333380294681384e-16
0.24,0.765625,0,0.0978233348755526
0.24,0.78125,0,0.19470457756058027
0.24,0.796875,0,0.2897107087273498
0.24,0.8125,0,0.38192676739709264
0.24,0.828125,0,0.4704646625143921
0.24,0.84375,0,0.5544717257495327
0.24,0.859375,0,0.6331389231606287
0.24,0.875,0,0.7057086466327452
0.24,0.890625,0,0.7714820100582005
0.24,0.90625,0,0.8298255799918298
0.24,0.921875,0,0.8801774759613319
0.24,0.9375,0,0.9220527816833747
0.24,0.953125,0,0.9550482150724845
0.24,0.96875,0,0.978846012067985
0.24,0.984375,0,0.993216986875611
0.24,1.0,0,0.9980227391519906
0.25,0.0,0,1.0
0.25,0.015625,0,0.9951847266721969
0.25,0.03125,0,0.9807852804032304
0.25,0.046875,0,0.9569403357322088
0.25,0.0625,0,0.9238795325112867
0.25,0.078125,0,0.881921264348355
0.25,0.09375,0,0.8314696123025452
0.25,0.109375,0,0.773010453362737
0.25,0.125,0,0.7071067811865476
0.25,0.140625,0,0.6343932841636455
0.25,0.15625,0,0.5555702330196023
0.25,0.171875,0,0.4713967368259978
0.25,0.1875,0,0.38268343236508984
0.25,0.203125,0,0.29028467725446233
0.25,0.21875,0,0.19509032201612833
0.25,0.234375,0,0.09801714032956077
0.25,0.25,0,6.123233995736766e-17
0.25,0.265625,0,-0.09801714032956065
0.25,0.28125,0,-0.1950903220161282
0.25,0.296875,0,-0.29028467725446216
0.25,0.3125,0,-0.3826834323650897
0.25,0.328125,0,-0.4713967368259977
0.25,0.34375,0,-0.555570233019602
0.25,0.359375,0,-0.6343932841636454
0.25,0.375,0,-0.7071067811865475
0.25,0.390625,0,-0.773010453362737
0.25,0.40625,0,-0.8314696123025453
0.25,0.421875,0,-0.8819212643483549
0.25,0.4375,0,-0.9238795325112867
0.25,0.453125,0,-0.9569403357322088
0.25,0.46875,0,-0.9807852804032304
0.25,0.484375,0,-0.9951847266721968
0.25,0.5,0,-1.0
0.25,0.515625,0,-0.9951847266721969
0.25,0.53125,0,-0.9807852804032304
0.25,0.546875,0,-0.9569403357322089
0.25,0.5625,0,-0.9238795325112868
0.25,0.578125,0,-0.881921264348355
0.25,0.59375,0,-0.8314696123025455
0.25,0.609375,0,-0.7730104533627371
0.25,0.625,0,-0.7071067811865477
0.25,0.640625,0,-0.6343932841636458
0.25,0.65625,0,-0.5555702330196022
0.25,0.671875,0,-0.4713967368259979
0.25,0.6875,0,-0.38268343236509034
0.25,0.703125,0,-0.29028467725446244
0.25,0.71875,0,-0.19509032201612866
0.25,0.734375,0,-0.09801714032956045
0.25,0.75,0,-1.8369701987210297e-16
0.25,0.765625,0,0.09801714032956009
0.25,0.78125,0,0.1950903220161283
0.25,0.796875,0,0.29028467725446205
0.25,0.8125,0,0.38268343236509
0.25,0.828125,0,0.4713967368259976
0.25,0.84375,0,0.5555702330196018
0.25,0.859375,0,0.6343932841636456
0.25,0.875,0,0.7071067811865474
0.25,0.890625,0,0.7730104533627367
0.25,0.90625,0,0.8314696123025452
0.25,0.921875,0,0.8819212643483548
0.25,0.9375,0,0.9238795325112865
0.25,0.953125,0,0.9569403357322088
0.25,0.96875,0,0.9807852804032303
0.25,0.984375,0,0.9951847266721969
0.25,1.0,0,1.0
0.26,0.0,0,0.9980227391519906
0.26,0.015625,0,0.993216986875611
0.26,0.03125,0,0.9788460120679852
0.26,0.046875,0,0.9550482150724845
0.26,0.0625,0,0.9220527816833749
0.26,0.078125,0,0.8801774759613321
0.26,0.09375,0,0.8298255799918298
0.26,0.109375,0,0.7714820100582008
0.26,0.125,0,0.7057086466327455
0.26,0.140625,0,0.6331389231606286
0.26,0.15625,0,0.5544717257495332
0.26,0.171875,0,0.47046466251439234
0.26,0.1875,0,0.38192676739709247
0.26,0.203125,0,0.28971070872735005
0.26,0.21875,0,0.1947045775605803
0.26,0.234375,0,0.09782333487555328
0.26,0.25,0,6.111126764893795e-17
0.26,0.265625,0,-0.09782333487555316
0.26,0.28125,0,-0.19470457756058016
0.26,0.296875,0,-0.2897107087273499
0.26,0.3125,0,-0.38192676739709236
0.26,0.328125,0,-0.47046466251439223
0.26,0.34375,0,-0.5544717257495329
0.26,0.359375,0,-0.6331389231606285
0.26,0.375,0,-0.7057086466327454
0.26,0.390625,0,-0.7714820100582008
0.26,0.40625,0,-0.8298255799918299
0.26,0.421875,0,-0.880177475961332
0.26,0.4375,0,-0.9220527816833749
0.26,0.453125,0,-0.9550482150724845
0.26,0.46875,0,-0.9788460120679852
0.26,0.484375,0,-0.9932169868756109
0.26,0.5,0,-0.9980227391519906
0.26,0.515625,0,-0.993216986875611
0.26,0.53125,0,-0.9788460120679852
0.26,0.546875,0,-0.9550482150724846
0.26,0.5625,0,-0.922052781683375
0.26,0.578125,0,-0.8801774759613321
0.26,0.59375,0,-0.82982557999183
0.26,0.609375,0,-0.7714820100582009
0.26,0.625,0,-0.7057086466327456
0.26,0.640625,0,-0.6331389231606289
0.26,0.65625,0,-0.5544717257495331
0.26,0.671875,0,-0.47046466251439245
0.26,0.6875,0,-0.38192676739709297
0.26,0.703125,0,-0.28971070872735016
0.26,0.71875,0,-0.19470457756058063
0.26,0.734375,0,-0.09782333487555296
0.26,0.75,0,-1.8333380294681384e-16
0.26,0.765625,0,0.0978233348755526
0.26,0.78125,0,0.19470457756058027
0.26,0.796875,0,0.2897107087273498
0.26,0.8125,0,0.38192676739709264
0.26,0.828125,0,0.4704646625143921
0.26,0.84375,0,0.5544717257495327
0.26,0.859375,0,0.6331389231606287
0.26,0.875,0,0.7057086466327452
0.26,0.890625,0,0.7714820100582005
0.26,0.90625,0,0.8298255799918298
0.26,0.921875,0,0.8801774759613319
0.26,0.9375,0,0.9220527816833747
0.26,0.953125,0,0.9550482150724845
0.26,0.96875,0,0.978846012067985
0.26,0.984375,0,0.993216986875611
0.26,1.0,0,0.9980227391519906
0.27,0.0,0,0.9920674686338736
0.27,0.015625,0,0.9872903926127798
0.27,0.03125,0,0.9730051704029967
0.27,0.046875,0,0.9493493765035016
0.27,0.0625,0,0.9165508291411187
0.27,0.078125,0,0.8749253962564579
0.27,0.09375,0,0.8248739535229743
0.27,0.109375,0,0.7668785236950935
0.27,0.125,0,0.7014976344655847
0.27,0.140625,0,0.6293609395385574
0.27,0.15625,0,0.5511631547200881
0.27,0.171875,0,0.46765736742523595
0.27,0.1875,0,0.37964778403455685
0.27,0.203125,0,0.2879819849470354
0.27,0.21875,0,0.1935427619175077
0.27,0.234375,0,0.09723961628947853
0.27,0.25,0,6.074661250003453e-17
0.27,0.265625,0,-0.0972396162894784
0.27,0.28125,0,-0.19354276191750755
0.27,0.296875,0,-0.28798198494703525
0.27,0.3125,0,-0.37964778403455673
0.27,0.328125,0,-0.46765736742523584
0.27,0.34375,0,-0.5511631547200878
0.27,0.359375,0,-0.6293609395385573
0.27,0.375,0,-0.7014976344655846
0.27,0.390625,0,-0.7668785236950935
0.27,0.40625,0,-0.8248739535229744
0.27,0.421875,0,-0.8749253962564578
0.27,0.4375,0,-0.9165508291411187
0.27,0.453125,0,-0.9493493765035016
0.27,0.46875,0,-0.9730051704029967
0.27,0.484375,0,-0.9872903926127797
0.27,0.5,0,-0.9920674686338736
0.27,0.515625,0,-0.9872903926127798
0.27,0.53125,0,-0.9730051704029967
0.27,0.546875,0,-0.9493493765035017
0.27,0.5625,0,-0.9165508291411189
0.27,0.578125,0,-0.8749253962564579
0.27,0.59375,0,-0.8248739535229745
0.27,0.609375,0,-0.7668785236950936
0.27,0.625,0,-0.7014976344655848
0.27,0.640625,0,-0.6293609395385578
0.27,0.65625,0,-0.551163154720088
0.27,0.671875,0,-0.46765736742523606
0.27,0.6875,0,-0.37964778403455735
0.27,0.703125,0,-0.28798198494703553
0.27,0.71875,0,-0.19354276191750802
0.27,0.734375,0,-0.0972396162894782
0.27,0.75,0,-1.8223983750010357e-16
0.27,0.765625,0,0.09723961628947785
0.27,0.78125,0,0.19354276191750766
0.27,0.796875,0,0.28798198494703514
0.27,0.8125,0,0.379647784034557
0.27,0.828125,0,0.4676573674252357
0.27,0.84375,0,0.5511631547200877
0.27,0.859375,0,0.6293609395385575
0.27,0.875,0,0.7014976344655844
0.27,0.890625,0,0.7668785236950932
0.27,0.90625,0,0.8248739535229743
0.27,0.921875,0,0.8749253962564577
0.27,0.9375,0,0.9165508291411185
0.27,0.953125,0,0.9493493765035016
0.27,0.96875,0,0.9730051704029966
0.27,0.984375,0,0.9872903926127798
0.27,1.0,0,0.9920674686338736
0.28,0.0,0,0.9820632655381242
0.28,0.015625,0,0.9773343624893632
0.28,0.03125,0,0.9631931952645213
0.28,0.046875,0,0.9397759510343219
0.28,0.0625,0,0.9073081506618698
0.28,0.078125,0,0.8661024768134568
0.28,0.09375,0,0.8165557626535557
0.28,0.109375,0,0.7591451701245153
0.28,0.125,0,0.6944235946162127
0.28,0.140625,0,0.6230143402812048
0.28,0.15625,0,0.5456051172750072
0.28,0.171875,0,0.46294141873135514
0.28,0.1875,0,0.375819341255798
0.28,0.203125,0,0.2850779180801977
0.28,0.21875,0,0.19159103871404318
0.28,0.234375,0,0.09625903291075702
0.28,0.25,0,6.013403173507305e-17
0.28,0.265625,0,-0.0962590329107569
0.28,0.28125,0,-0.19159103871404307
0.28,0.296875,0,-0.28507791808019756
0.28,0.3125,0,-0.3758193412557979
0.28,0.328125,0,-0.462941418731355
0.28,0.34375,0,-0.5456051172750068
0.28,0.359375,0,-0.6230143402812047
0.28,0.375,0,-0.6944235946162126
0.28,0.390625,0,-0.7591451701245153
0.28,0.40625,0,-0.8165557626535558
0.28,0.421875,0,-0.8661024768134568
0.28,0.4375,0,-0.9073081506618698
0.28,0.453125,0,-0.9397759510343219
0.28,0.46875,0,-0.9631931952645213
0.28,0.484375,0,-0.9773343624893631
0.28,0.5,0,-0.9820632655381242
0.28,0.515625,0,-0.9773343624893632
0.28,0.53125,0,-0.9631931952645213
0.28,0.546875,0,-0.939775951034322
0.28,0.5625,0,-0.9073081506618699
0.28,0.578125,0,-0.8661024768134568
0.28,0.59375,0,-0.8165557626535559
0.28,0.609375,0,-0.7591451701245154
0.28,0.625,0,-0.6944235946162128
0.28,0.640625,0,-0.6230143402812052
0.28,0.65625,0,-0.545605117275007
0.28,0.671875,0,-0.46294141873135525
0.28,0.6875,0,-0.37581934125579847
0.28,0.703125,0,-0.28507791808019783
0.28,0.71875,0,-0.1915910387140435
0.28,0.734375,0,-0.0962590329107567
0.28,0.75,0,-1.8040209520521913e-16
0.28,0.765625,0,0.09625903291075635
0.28,0.78125,0,0.19159103871404315
0.28,0.796875,0,0.28507791808019745
0.28,0.8125,0,0.3758193412557982
0.28,0.828125,0,0.4629414187313549
0.28,0.84375,0,0.5456051172750068
0.28,0.859375,0,0.623014340281205
0.28,0.875,0,0.6944235946162125
0.28,0.890625,0,0.759145170124515
0.28,0.90625,0,0.8165557626535557
0.28,0.921875,0,0.8661024768134566
0.28,0.9375,0,0.9073081506618697
0.28,0.953125,0,0.9397759510343219
0.28,0.96875,0,0.9631931952645212
0.28,0.984375,0,0.9773343624893632
0.28,1.0,0,0.9820632655381242
0.29,0.0,0,0.9678904108997807
0.29,0.015625,0,0.9632297540199386
0.29,0.03125,0,0.9492926680539393
0.29,0.046875,0,0.9262133747584217
0.29,0.0625,0,0.8942141403442466
0.29,0.078125,0,0.8536031349313835
0.29,0.09375,0,0.8047714647021919
0.29,0.109375,0,0.7481894053350853
0.29,0.125,0,0.6844018729926689
0.29,0.140625,0,0.6140231764812122
0.29,0.15625,0,0.5377311011210297
0.29,0.171875,0,0.4562603813033308
0.29,0.1875,0,0.37039562459638525
0.29,0.203125,0,0.2809637555457318
0.29,0.21875,0,0.18882605193876098
0.29,0.234375,0,0.09486985022880004
0.29,0.25,0,5.926619468169165e-17
0.29,0.265625,0,-0.09486985022879992
0.29,0.28125,0,-0.18882605193876084
0.29,0.296875,0,-0.2809637555457316
0.29,0.3125,0,-0.37039562459638514
0.29,0.328125,0,-0.4562603813033307
0.29,0.34375,0,-0.5377311011210294
0.29,0.359375,0,-0.6140231764812121
0.29,0.375,0,-0.6844018729926687
0.29,0.390625,0,-0.7481894053350853
0.29,0.40625,0,-0.804771464702192
0.29,0.421875,0,-0.8536031349313834
0.29,0.4375,0,-0.8942141403442466
0.29,0.453125,0,-0.9262133747584217
0.29,0.46875,0,-0.9492926680539393
0.29,0.484375,0,-0.9632297540199385
0.29,0.5,0,-0.9678904108997807
0.29,0.515625,0,-0.9632297540199386
0.29,0.53125,0,-0.9492926680539393
0.29,0.546875,0,-0.9262133747584218
0.29,0.5625,0,-0.8942141403442467
0.29,0.578125,0,-0.8536031349313835
0.29,0.59375,0,-0.8047714647021921
0.29,0.609375,0,-0.7481894053350854
0.29,0.625,0,-0.684401872992669
0.29,0.640625,0,-0.6140231764812125
0.29,0.65625,0,-0.5377311011210296
0.29,0.671875,0,-0.4562603813033309
0.29,0.6875,0,-0.3703956245963857
0.29,0.703125,0,-0.2809637555457319
0.29,0.71875,0,-0.1888260519387613
0.29,0.734375,0,-0.09486985022879973
0.29,0.75,0,-1.777985840450749e-16
0.29,0.765625,0,0.09486985022879937
0.29,0.78125,0,0.18882605193876095
0.29,0.796875,0,0.2809637555457315
0.29,0.8125,0,0.37039562459638536
0.29,0.828125,0,0.4562603813033306
0.29,0.84375,0,0.5377311011210293
0.29,0.859375,0,0.6140231764812123
0.29,0.875,0,0.6844018729926686
0.29,0.890625,0,0.7481894053350849
0.29,0.90625,0,0.8047714647021919
0.29,0.921875,0,0.8536031349313833
0.29,0.9375,0,0.8942141403442464
0.29,0.953125,0,0.9262133747584217
0.29,0.96875,0,0.9492926680539392
0.29,0.984375,0,0.9632297540199386
0.29,1.0,0,0.9678904108997807
0.3,0.0,0,0.9493781839091318
0.3,0.015625,0,0.944806668462156
0.3,0.03125,0,0.9311361483140275
0.3,0.046875,0,0.9084982780468392
0.3,0.0625,0,0.877111072726383
0.3,0.078125,0,0.8372768082978866
0.3,0.09375,0,0.7893791105034202
0.3,0.109375,0,0.7338792603562898
0.3,0.125,0,0.6713117517527164
0.3,0.140625,0,0.6022791440034315
0.3,0.15625,0,0.5274462588581231
0.3,0.171875,0,0.44753377790855675
0.3,0.1875,0,0.363311302030882
0.3,0.203125,0,0.2755899397084899
0.3,0.21875,0,0.18521449561391962
0.3,0.234375,0,0.09305533467804492
0.3,0.25,0,5.813264770523227e-17
0.3,0.265625,0,-0.0930553346780448
0.3,0.28125,0,-0.18521449561391948
0.3,0.296875,0,-0.2755899397084897
0.3,0.3125,0,-0.3633113020308819
0.3,0.328125,0,-0.44753377790855664
0.3,0.34375,0,-0.5274462588581228
0.3,0.359375,0,-0.6022791440034314
0.3,0.375,0,-0.6713117517527163
0.3,0.390625,0,-0.7338792603562898
0.3,0.40625,0,-0.7893791105034204
0.3,0.421875,0,-0.8372768082978865
0.3,0.4375,0,-0.877111072726383
0.3,0.453125,0,-0.9084982780468392
0.3,0.46875,0,-0.9311361483140275
0.3,0.484375,0,-0.9448066684621559
0.3,0.5,0,-0.9493781839091318
0.3,0.515625,0,-0.944806668462156
0.3,0.53125,0,-0.9311361483140275
0.3,0.546875,0,-0.9084982780468394
0.3,0.5625,0,-0.8771110727263831
0.3,0.578125,0,-0.8372768082978866
0.3,0.59375,0,-0.7893791105034205
0.3,0.609375,0,-0.7338792603562899
0.3,0.625,0,-0.6713117517527164
0.3,0.640625,0,-0.6022791440034319
0.3,0.65625,0,-0.527446258858123
0.3,0.671875,0,-0.44753377790855686
0.3,0.6875,0,-0.3633113020308825
0.3,0.703125,0,-0.27558993970849
0.3,0.71875,0,-0.18521449561391992
0.3,0.734375,0,-0.09305533467804462
0.3,0.75,0,-1.743979431156968e-16
0.3,0.765625,0,0.09305533467804428
0.3,0.78125,0,0.1852144956139196
0.3,0.796875,0,0.2755899397084896
0.3,0.8125,0,0.3633113020308822
0.3,0.828125,0,0.44753377790855653
0.3,0.84375,0,0.5274462588581228
0.3,0.859375,0,0.6022791440034316
0.3,0.875,0,0.6713117517527162
0.3,0.890625,0,0.7338792603562895
0.3,0.90625,0,0.7893791105034202
0.3,0.921875,0,0.8372768082978864
0.3,0.9375,0,0.8771110727263829
0.3,0.953125,0,0.9084982780468392
0.3,0.96875,0,0.9311361483140274
0.3,0.984375,0,0.944806668462156
0.3,1.0,0,0.9493781839091318
0.31,0.0,0,0.9263019441192855
0.31,0.015625,0,0.9218415470742757
0.31,0.03125,0,0.9085033120010909
0.31,0.046875,0,0.8864156933949068
0.31,0.0625,0,0.8557914070972215
0.31,0.078125,0,0.8169253817260196
0.31,0.09375,0,0.7701919183519562
0.31,0.109375,0,0.7160410857744335
0.31,0.125,0,0.6549943861130292
0.31,0.140625,0,0.5876397324570031
0.31,0.15625,0,0.514625786940862
0.31,0.171875,0,0.43665571377340895
0.31,0.1875,0,0.3544804073820238
0.31,0.203125,0,0.2688912608888478
0.31,0.21875,0,0.1807125445623971
0.31,0.234375,0,0.09079346764428496
0.31,0.25,0,5.671963554548266e-17
0.31,0.265625,0,-0.09079346764428485
0.31,0.28125,0,-0.180712544562397
0.31,0.296875,0,-0.2688912608888476
0.31,0.3125,0,-0.3544804073820237
0.31,0.328125,0,-0.43665571377340884
0.31,0.34375,0,-0.5146257869408617
0.31,0.359375,0,-0.5876397324570031
0.31,0.375,0,-0.6549943861130291
0.31,0.390625,0,-0.7160410857744335
0.31,0.40625,0,-0.7701919183519563
0.31,0.421875,0,-0.8169253817260195
0.31,0.4375,0,-0.8557914070972215
0.31,0.453125,0,-0.8864156933949068
0.31,0.46875,0,-0.9085033120010909
0.31,0.484375,0,-0.9218415470742757
0.31,0.5,0,-0.9263019441192855
0.31,0.515625,0,-0.9218415470742757
0.31,0.53125,0,-0.9085033120010909
0.31,0.546875,0,-0.8864156933949069
0.31,0.5625,0,-0.8557914070972216
0.31,0.578125,0,-0.8169253817260196
0.31,0.59375,0,-0.7701919183519564
0.31,0.609375,0,-0.7160410857744336
0.31,0.625,0,-0.6549943861130293
0.31,0.640625,0,-0.5876397324570034
0.31,0.65625,0,-0.5146257869408619
0.31,0.671875,0,-0.43665571377340906
0.31,0.6875,0,-0.35448040738202424
0.31,0.703125,0,-0.2688912608888479
0.31,0.71875,0,-0.1807125445623974
0.31,0.734375,0,-0.09079346764428467
0.31,0.75,0,-1.70158906636448e-16
0.31,0.765625,0,0.09079346764428434
0.31,0.78125,0,0.18071254456239708
0.31,0.796875,0,0.2688912608888475
0.31,0.8125,0,0.35448040738202397
0.31,0.828125,0,0.4366557137734087
0.31,0.84375,0,0.5146257869408616
0.31,0.859375,0,0.5876397324570032
0.31,0.875,0,0.654994386113029
0.31,0.890625,0,0.7160410857744333
0.31,0.90625,0,0.7701919183519562
0.31,0.921875,0,0.8169253817260194
0.31,0.9375,0,0.8557914070972213
0.31,0.953125,0,0.8864156933949068
0.31,0.96875,0,0.9085033120010908
0.31,0.984375,0,0.9218415470742757
0.31,1.0,0,0.9263019441192855
0.32,0.0,0,0.8983797788082356
0.32,0.015625,0,0.8940538346211027
0.32,0.03125,0,0.8811176632670275
0.32,0.046875,0,0.8596958471477805
0.32,0.0625,0,0.8299946900629459
0.32,0.078125,0,0.7923002303915547
0.32,0.09375,0,0.74697548638613
0.32,0.109375,0,0.6944569601084696
0.32,0.125,0,0.6352504336761741
0.32,0.140625,0,0.569926098304366
0.32,0.15625,0,0.49911306305259023
0.32,0.171875,0,0.42349329616066395
0.32,0.1875,0,0.34379505732172577
0.32,0.203125,0,0.2607858841432839
0.32,0.21875,0,0.17526520034047682
0.32,0.234375,0,0.0880566168486866
0.32,0.25,0,5.5009896026810647e-17
0.32,0.265625,0,-0.08805661684868649
0.32,0.28125,0,-0.1752652003404767
0.32,0.296875,0,-0.2607858841432838
0.32,0.3125,0,-0.3437950573217257
0.32,0.328125,0,-0.4234932961606639
0.32,0.34375,0,-0.4991130630525899
0.32,0.359375,0,-0.5699260983043659
0.32,0.375,0,-0.635250433676174
0.32,0.390625,0,-0.6944569601084696
0.32,0.40625,0,-0.7469754863861301
0.32,0.421875,0,-0.7923002303915546
0.32,0.4375,0,-0.8299946900629459
0.32,0.453125,0,-0.8596958471477805
0.32,0.46875,0,-0.8811176632670275
0.32,0.484375,0,-0.8940538346211025
0.32,0.5,0,-0.8983797788082356
0.32,0.515625,0,-0.8940538346211027
0.32,0.53125,0,-0.8811176632670275
0.32,0.546875,0,-0.8596958471477806
0.32,0.5625,0,-0.829994690062946
0.32,0.578125,0,-0.7923002303915547
0.32,0.59375,0,-0.7469754863861302
0.32,0.609375,0,-0.6944569601084697
0.32,0.625,0,-0.6352504336761742
0.32,0.640625,0,-0.5699260983043662
0.32,0.65625,0,-0.4991130630525901
0.32,0.671875,0,-0.42349329616066406
0.32,0.6875,0,-0.34379505732172627
0.32,0.703125,0,-0.260785884143284
0.32,0.71875,0,-0.17526520034047713
0.32,0.734375,0,-0.0880566168486863
0.32,0.75,0,-1.6502968808043192e-16
0.32,0.765625,0,0.08805661684868599
0.32,0.78125,0,0.1752652003404768
0.32,0.796875,0,0.2607858841432837
0.32,0.8125,0,0.34379505732172594
0.32,0.828125,0,0.4234932961606638
0.32,0.84375,0,0.49911306305258984
0.32,0.859375,0,0.5699260983043661
0.32,0.875,0,0.6352504336761738
0.32,0.890625,0,0.6944569601084692
0.32,0.90625,0,0.74697548638613
0.32,0.921875,0,0.7923002303915545
0.32,0.9375,0,0.8299946900629457
0.32,0.953125,0,0.8596958471477805
0.32,0.96875,0,0.8811176632670273
0.32,0.984375,0,0.8940538346211027
0.32,1.0,0,0.8983797788082356
0.33,0.0,0,0.8652692680209835
0.33,0.015625,0,0.8611027599933143
0.33,0.03125,0,0.8486433616602582
0.33,0.046875,0,0.8280110638387626
0.33,0.0625,0,0.7994045668356095
0.33,0.078125,0,0.7630993668548415
0.33,0.09375,0,0.7194451028187142
0.33,0.109375,0,0.6688621891537441
0.33,0.125,0,0.6118377669699577
0.33,0.140625,0,0.5489210126257053
0.33,0.15625,0,0.4807178488591185
0.33,0.171875,0,0.40788510942091133
0.33,0.1875,0,0.33112421340629883
0.33,0.203125,0,0.25117441020567605
0.33,0.21875,0,0.16880566012887332
0.33,0.234375,0,0.08481121926646906
0.33,0.25,0,5.2982461974123535e-17
0.33,0.265625,0,-0.08481121926646897
0.33,0.28125,0,-0.1688056601288732
0.33,0.296875,0,-0.2511744102056759
0.33,0.3125,0,-0.3311242134062987
0.33,0.328125,0,-0.4078851094209112
0.33,0.34375,0,-0.4807178488591182
0.33,0.359375,0,-0.5489210126257053
0.33,0.375,0,-0.6118377669699576
0.33,0.390625,0,-0.6688621891537441
0.33,0.40625,0,-0.7194451028187143
0.33,0.421875,0,-0.7630993668548414
0.33,0.4375,0,-0.7994045668356095
0.33,0.453125,0,-0.8280110638387626
0.33,0.46875,0,-0.8486433616602582
0.33,0.484375,0,-0.8611027599933142
0.33,0.5,0,-0.8652692680209835
0.33,0.515625,0,-0.8611027599933143
0.33,0.53125,0,-0.8486433616602582
0.33,0.546875,0,-0.8280110638387626
0.33,0.5625,0,-0.7994045668356096
0.33,0.578125,0,-0.7630993668548415
0.33,0.59375,0,-0.7194451028187144
0.33,0.609375,0,-0.6688621891537441
0.33,0.625,0,-0.6118377669699578
0.33,0.640625,0,-0.5489210126257056
0.33,0.65625,0,-0.4807178488591184
0.33,0.671875,0,-0.4078851094209114
0.33,0.6875,0,-0.3311242134062993
0.33,0.703125,0,-0.25117441020567616
0.33,0.71875,0,-0.1688056601288736
0.33,0.734375,0,-0.08481121926646878
0.33,0.75,0,-1.5894738592237059e-16
0.33,0.765625,0,0.08481121926646848
0.33,0.78125,0,0.1688056601288733
0.33,0.796875,0,0.2511744102056758
0.33,0.8125,0,0.33112421340629894
0.33,0.828125,0,0.4078851094209111
0.33,0.84375,0,0.4807178488591181
0.33,0.859375,0,0.5489210126257054
0.33,0.875,0,0.6118377669699575
0.33,0.890625,0,0.6688621891537437
0.33,0.90625,0,0.7194451028187142
0.33,0.921875,0,0.7630993668548413
0.33,0.9375,0,0.7994045668356092
0.33,0.953125,0,0.8280110638387626
0.33,0.96875,0,0.8486433616602581
0.33,0.984375,0,0.8611027599933143
0.33,1.0,0,0.8652692680209835
0.34,0.0,0,0.8265654376242381
0.34,0.015625,0,0.8225852991187622
0.34,0.03125,0,0.8106832145119072
0.34,0.046875,0,0.7909738073847785
0.34,0.0625,0,0.7636468901022682
0.34,0.078125,0,0.7289656358162194
0.34,0.09375,0,0.6872640439641089
0.34,0.109375,0,0.6389437236718813
0.34,0.125,0,0.584470026038525
0.34,0.140625,0,0.5243675625506012
0.34,0.15625,0,0.4592151527868475
0.34,0.171875,0,0.38964025006921865
0.34,0.1875,0,0.316312898744396
0.34,0.203125,0,0.23993928129044537
0.34,0.21875,0,0.16125491739351464
0.34,0.234375,0,0.08101758049117976
0.34,0.25,0,5.061253587361772e-17
0.34,0.265625,0,-0.08101758049117964
0.34,0.28125,0,-0.16125491739351452
0.34,0.296875,0,-0.23993928129044523
0.34,0.3125,0,-0.3163128987443959
0.34,0.328125,0,-0.38964025006921854
0.34,0.34375,0,-0.4592151527868472
0.34,0.359375,0,-0.5243675625506011
0.34,0.375,0,-0.5844700260385249
0.34,0.390625,0,-0.6389437236718813
0.34,0.40625,0,-0.687264043964109
0.34,0.421875,0,-0.7289656358162193
0.34,0.4375,0,-0.7636468901022682
0.34,0.453125,0,-0.7909738073847785
0.34,0.46875,0,-0.8106832145119072
0.34,0.484375,0,-0.8225852991187621
0.34,0.5,0,-0.8265654376242381
0.34,0.515625,0,-0.8225852991187622
0.34,0.53125,0,-0.8106832145119072
0.34,0.546875,0,-0.7909738073847786
0.34,0.5625,0,-0.7636468901022683
0.34,0.578125,0,-0.7289656358162194
0.34,0.59375,0,-0.687264043964109
0.34,0.609375,0,-0.6389437236718815
0.34,0.625,0,-0.5844700260385252
0.34,0.640625,0,-0.5243675625506016
0.34,0.65625,0,-0.4592151527868474
0.34,0.671875,0,-0.38964025006921876
0.34,0.6875,0,-0.3163128987443964
0.34,0.703125,0,-0.23993928129044545
0.34,0.71875,0,-0.1612549173935149
0.34,0.734375,0,-0.08101758049117949
0.34,0.75,0,-1.5183760762085315e-16
0.34,0.765625,0,0.08101758049117919
0.34,0.78125,0,0.1612549173935146
0.34,0.796875,0,0.23993928129044514
0.34,0.8125,0,0.3163128987443961
0.34,0.828125,0,0.3896402500692185
0.34,0.84375,0,0.4592151527868471
0.34,0.859375,0,0.5243675625506014
0.34,0.875,0,0.5844700260385248
0.34,0.890625,0,0.6389437236718811
0.34,0.90625,0,0.6872640439641089
0.34,0.921875,0,0.7289656358162192
0.34,0.9375,0,0.763646890102268
0.34,0.953125,0,0.7909738073847785
0.34,0.96875,0,0.8106832145119071
0.34,0.984375,0,0.8225852991187622
0.34,1.0,0,0.8265654376242381
0.35000000000000003,0.0,0,0.7818019384516084
0.35000000000000003,0.015625,0,0.7780373484297576
0.35000000000000003,0.03125,0,0.7667798334240499
0.35000000000000003,0.046875,0,0.7481378094579738
0.35000000000000003,0.0625,0,0.7222908094130898
0.35000000000000003,0.078125,0,0.6894877540292373
0.35000000000000003,0.09375,0,0.6500445546617372
0.35000000000000003,0.109375,0,0.6043410708823445
0.35000000000000003,0.125,0,0.5528174522239202
0.35000000000000003,0.140625,0,0.4959698992998201
0.35000000000000003,0.15625,0,0.43434588512073685
0.35000000000000003,0.171875,0,0.3685388826303278
0.35000000000000003,0.1875,0,0.2991826492363422
0.35000000000000003,0.203125,0,0.22694512338033818
0.35000000000000003,0.21875,0,0.15252199192535762
0.35000000000000003,0.234375,0,0.07662999031113393
0.35000000000000003,0.25,0,4.787156207459791e-17
0.35000000000000003,0.265625,0,-0.07662999031113384
0.35000000000000003,0.28125,0,-0.1525219919253575
0.35000000000000003,0.296875,0,-0.22694512338033804
0.35000000000000003,0.3125,0,-0.29918264923634214
0.35000000000000003,0.328125,0,-0.3685388826303277
0.35000000000000003,0.34375,0,-0.4343458851207366
0.35000000000000003,0.359375,0,-0.49596989929982
0.35000000000000003,0.375,0,-0.5528174522239201
0.35000000000000003,0.390625,0,-0.6043410708823445
0.35000000000000003,0.40625,0,-0.6500445546617373
0.35000000000000003,0.421875,0,-0.6894877540292372
0.35000000000000003,0.4375,0,-0.7222908094130898
0.35000000000000003,0.453125,0,-0.7481378094579738
0.35000000000000003,0.46875,0,-0.7667798334240499
0.35000000000000003,0.484375,0,-0.7780373484297576
0.35000000000000003,0.5,0,-0.7818019384516084
0.35000000000000003,0.515625,0,-0.7780373484297576
0.35000000000000003,0.53125,0,-0.7667798334240499
0.35000000000000003,0.546875,0,-0.7481378094579739
0.35000000000000003,0.5625,0,-0.7222908094130898
0.35000000000000003,0.578125,0,-0.6894877540292373
0.35000000000000003,0.59375,0,-0.6500445546617374
0.35000000000000003,0.609375,0,-0.6043410708823445
0.35000000000000003,0.625,0,-0.5528174522239203
0.35000000000000003,0.640625,0,-0.4959698992998203
0.35000000000000003,0.65625,0,-0.43434588512073674
0.35000000000000003,0.671875,0,-0.36853888263032786
0.35000000000000003,0.6875,0,-0.2991826492363426
0.35000000000000003,0.703125,0,-0.22694512338033826
0.35000000000000003,0.71875,0,-0.1525219919253579
0.35000000000000003,0.734375,0,-0.07662999031113368
0.35000000000000003,0.75,0,-1.4361468622379372e-16
0.35000000000000003,0.765625,0,0.0766299903111334
0.35000000000000003,0.78125,0,0.1525219919253576
0.35000000000000003,0.796875,0,0.22694512338033795
0.35000000000000003,0.8125,0,0.29918264923634236
0.35000000000000003,0.828125,0,0.3685388826303276
0.35000000000000003,0.84375,0,0.4343458851207365
0.35000000000000003,0.859375,0,0.49596989929982016
0.35000000000000003,0.875,0,0.55281745222392
0.35000000000000003,0.890625,0,0.6043410708823441
0.35000000000000003,0.90625,0,0.6500445546617372
0.35000000000000003,0.921875,0,0.6894877540292371
0.35000000000000003,0.9375,0,0.7222908094130895
0.35000000000000003,0.953125,0,0.7481378094579738
0.35000000000000003,0.96875,0,0.7667798334240498
0.35000000000000003,0.984375,0,0.7780373484297576
0.35000000000000003,1.0,0,0.7818019384516084
0.36,0.0,0,0.7304592996489768
0.36,0.015625,0,0.7269419384663314
0.36,0.03125,0,0.716423729029369
0.36,0.046875,0,0.699005967444806
0.36,0.0625,0,0.6748563962782186
0.36,0.078125,0,0.6442075891014396
0.36,0.09375,0,0.6073547106819235
0.36,0.109375,0,0.5646526743846829
0.36,0.125,0,0.5165127241625679
0.36,0.140625,0,0.4633984740521908
0.36,0.15625,0,0.40582144331731757
0.36,0.171875,0,0.3443361302387314
0.36,0.1875,0,0.2795346719926701
0.36,0.203125,0,0.21204114204612382
0.36,0.21875,0,0.14250553998819446
0.36,0.234375,0,0.07159753167872644
0.36,0.25,0,4.472773216112684e-17
0.36,0.265625,0,-0.07159753167872634
0.36,0.28125,0,-0.14250553998819437
0.36,0.296875,0,-0.2120411420461237
0.36,0.3125,0,-0.27953467199267
0.36,0.328125,0,-0.34433613023873133
0.36,0.34375,0,-0.4058214433173173
0.36,0.359375,0,-0.46339847405219076
0.36,0.375,0,-0.5165127241625678
0.36,0.390625,0,-0.5646526743846829
0.36,0.40625,0,-0.6073547106819236
0.36,0.421875,0,-0.6442075891014395
0.36,0.4375,0,-0.6748563962782186
0.36,0.453125,0,-0.699005967444806
0.36,0.46875,0,-0.716423729029369
0.36,0.484375,0,-0.7269419384663313
0.36,0.5,0,-0.7304592996489768
0.36,0.515625,0,-0.7269419384663314
0.36,0.53125,0,-0.716423729029369
0.36,0.546875,0,-0.6990059674448061
0.36,0.5625,0,-0.6748563962782187
0.36,0.578125,0,-0.6442075891014396
0.36,0.59375,0,-0.6073547106819236
0.36,0.609375,0,-0.564652674384683
0.36,0.625,0,-0.5165127241625679
0.36,0.640625,0,-0.4633984740521911
0.36,0.65625,0,-0.40582144331731745
0.36,0.671875,0,-0.3443361302387315
0.36,0.6875,0,-0.27953467199267046
0.36,0.703125,0,-0.2120411420461239
0.36,0.71875,0,-0.1425055399881947
0.36,0.734375,0,-0.0715975316787262
0.36,0.75,0,-1.3418319648338051e-16
0.36,0.765625,0,0.07159753167872594
0.36,0.78125,0,0.14250553998819446
0.36,0.796875,0,0.21204114204612362
0.36,0.8125,0,0.27953467199267024
0.36,0.828125,0,0.3443361302387312
0.36,0.84375,0,0.40582144331731723
0.36,0.859375,0,0.4633984740521909
0.36,0.875,0,0.5165127241625677
0.36,0.890625,0,0.5646526743846827
0.36,0.90625,0,0.6073547106819235
0.36,0.921875,0,0.6442075891014394
0.36,0.9375,0,0.6748563962782185
0.36,0.953125,0,0.699005967444806
0.36,0.96875,0,0.716423729029369
0.36,0.984375,0,0.7269419384663314
0.36,1.0,0,0.7304592996489768
0.37,0.0,0,0.6719875079779414
0.37,0.015625,0,0.6687517044541583
0.37,0.03125,0,0.6590754564396133
0.37,0.046875,0,0.6430519514922616
0.37,0.0625,0,0.620835504724085
0.37,0.078125,0,0.5926400726622064
0.37,0.09375,0,0.5587371927305724
0.37,0.109375,0,0.5194533681961243
0.37,0.125,0,0.4751669237638516
0.37,0.140625,0,0.42630436210307016
0.37,0.15625,0,0.37333625639356677
0.37,0.171875,0,0.31677271844863575
0.37,0.1875,0,0.2571584860594618
0.37,0.203125,0,0.19506767687240714
0.37,0.21875,0,0.13109825932223218
0.37,0.234375,0,0.06586629386918572
0.37,0.25,0,4.114736753560962e-17
0.37,0.265625,0,-0.06586629386918563
0.37,0.28125,0,-0.1310982593222321
0.37,0.296875,0,-0.19506767687240703
0.37,0.3125,0,-0.25715848605946173
0.37,0.328125,0,-0.31677271844863564
0.37,0.34375,0,-0.37333625639356655
0.37,0.359375,0,-0.4263043621030701
0.37,0.375,0,-0.4751669237638515
0.37,0.390625,0,-0.5194533681961243
0.37,0.40625,0,-0.5587371927305725
0.37,0.421875,0,-0.5926400726622063
0.37,0.4375,0,-0.620835504724085
0.37,0.453125,0,-0.6430519514922616
0.37,0.46875,0,-0.6590754564396133
0.37,0.484375,0,-0.6687517044541583
0.37,0.5,0,-0.6719875079779414
0.37,0.515625,0,-0.6687517044541583
0.37,0.53125,0,-0.6590754564396133
0.37,0.546875,0,-0.6430519514922617
0.37,0.5625,0,-0.6208355047240851
0.37,0.578125,0,-0.5926400726622064
0.37,0.59375,0,-0.5587371927305725
0.37,0.609375,0,-0.5194533681961244
0.37,0.625,0,-0.47516692376385167
0.37,0.640625,0,-0.4263043621030704
0.37,0.65625,0,-0.37333625639356666
0.37,0.671875,0,-0.3167727184486358
0.37,0.6875,0,-0.2571584860594621
0.37,0.703125,0,-0.19506767687240723
0.37,0.71875,0,-0.1310982593222324
0.37,0.734375,0,-0.06586629386918551
0.37,0.75,0,-1.2344210260682886e-16
0.37,0.765625,0,0.06586629386918526
0.37,0.78125,0,0.13109825932223218
0.37,0.796875,0,0.19506767687240695
0.37,0.8125,0,0.2571584860594619
0.37,0.828125,0,0.3167727184486356
0.37,0.84375,0,0.37333625639356643
0.37,0.859375,0,0.4263043621030702
0.37,0.875,0,0.47516692376385145
0.37,0.890625,0,0.5194533681961241
0.37,0.90625,0,0.5587371927305724
0.37,0.921875,0,0.5926400726622062
0.37,0.9375,0,0.6208355047240849
0.37,0.953125,0,0.6430519514922616
0.37,0.96875,0,0.6590754564396132
0.37,0.984375,0,0.6687517044541583
0.37,1.0,0,0.6719875079779414
0.38,0.0,0,0.605856612003145
0.38,0.015625,0,0.6029392468188931
0.38,0.03125,0,0.5942152470876557
0.38,0.046875,0,0.5797686296958682
0.38,0.0625,0,0.5597385234663377
0.38,0.078125,0,0.5343178292716244
0.38,0.09375,0,0.5037513622931885
0.38,0.109375,0,0.468333494317363
0.38,0.125,0,0.4284053187741309
0.38,0.140625,0,0.38435136582093465
0.38,0.15625,0,0.33659589910705406
0.38,0.171875,0,0.2855988298827372
0.38,0.1875,0,0.23185128780244801
0.38,0.203125,0,0.17587089107781495
0.38,0.21875,0,0.11819676153129408
0.38,0.234375,0,0.05938433255830452
0.38,0.25,0,3.709801803159557e-17
0.38,0.265625,0,-0.05938433255830444
0.38,0.28125,0,-0.11819676153129399
0.38,0.296875,0,-0.17587089107781487
0.38,0.3125,0,-0.23185128780244796
0.38,0.328125,0,-0.28559882988273716
0.38,0.34375,0,-0.33659589910705384
0.38,0.359375,0,-0.3843513658209346
0.38,0.375,0,-0.42840531877413085
0.38,0.390625,0,-0.468333494317363
0.38,0.40625,0,-0.5037513622931886
0.38,0.421875,0,-0.5343178292716243
0.38,0.4375,0,-0.5597385234663377
0.38,0.453125,0,-0.5797686296958682
0.38,0.46875,0,-0.5942152470876557
0.38,0.484375,0,-0.6029392468188931
0.38,0.5,0,-0.605856612003145
0.38,0.515625,0,-0.6029392468188931
0.38,0.53125,0,-0.5942152470876557
0.38,0.546875,0,-0.5797686296958682
0.38,0.5625,0,-0.5597385234663377
0.38,0.578125,0,-0.5343178292716244
0.38,0.59375,0,-0.5037513622931887
0.38,0.609375,0,-0.46833349431736304
0.38,0.625,0,-0.42840531877413096
0.38,0.640625,0,-0.3843513658209349
0.38,0.65625,0,-0.33659589910705395
0.38,0.671875,0,-0.28559882988273727
0.38,0.6875,0,-0.23185128780244832
0.38,0.703125,0,-0.17587089107781503
0.38,0.71875,0,-0.11819676153129428
0.38,0.734375,0,-0.059384332558304324
0.38,0.75,0,-1.112940540947867e-16
0.38,0.765625,0,0.0593843325583041
0.38,0.78125,0,0.11819676153129406
0.38,0.796875,0,0.17587089107781478
0.38,0.8125,0,0.23185128780244812
0.38,0.828125,0,0.28559882988273705
0.38,0.84375,0,0.3365958991070538
0.38,0.859375,0,0.38435136582093476
0.38,0.875,0,0.4284053187741308
0.38,0.890625,0,0.46833349431736276
0.38,0.90625,0,0.5037513622931885
0.38,0.921875,0,0.5343178292716243
0.38,0.9375,0,0.5597385234663375
0.38,0.953125,0,0.5797686296958682
0.38,0.96875,0,0.5942152470876557
0.38,0.984375,0,0.6029392468188931
0.38,1.0,0,0.605856612003145
0.39,0.0,0,0.5316613301341575
0.39,0.015625,0,0.5291012355117382
0.39,0.03125,0,0.5214456067551841
0.39,0.046875,0,0.5087681717544134
0.39,0.0625,0,0.4911910211386743
0.39,0.078125,0,0.4688834324770444
0.39,0.09375,0,0.44206024004290345
0.39,0.109375,0,0.4109797658424409
0.39,0.125,0,0.37594133183252254
0.39,0.140625,0,0.3372823772866203
0.39,0.15625,0,0.2953752090701456
0.39,0.171875,0,0.2506234161218114
0.39,0.1875,0,0.20345798267152856
0.39,0.203125,0,0.15433313762667206
0.39,0.21875,0,0.1037219800993959
0.39,0.234375,0,0.05211192320356065
0.39,0.25,0,3.255486730896101e-17
0.39,0.265625,0,-0.05211192320356059
0.39,0.28125,0,-0.10372198009939583
0.39,0.296875,0,-0.15433313762667197
0.39,0.3125,0,-0.2034579826715285
0.39,0.328125,0,-0.2506234161218113
0.39,0.34375,0,-0.2953752090701454
0.39,0.359375,0,-0.33728237728662025
0.39,0.375,0,-0.3759413318325225
0.39,0.390625,0,-0.4109797658424409
0.39,0.40625,0,-0.4420602400429035
0.39,0.421875,0,-0.46888343247704434
0.39,0.4375,0,-0.4911910211386743
0.39,0.453125,0,-0.5087681717544134
0.39,0.46875,0,-0.5214456067551841
0.39,0.484375,0,-0.5291012355117382
0.39,0.5,0,-0.5316613301341575
0.39,0.515625,0,-0.5291012355117382
0.39,0.53125,0,-0.5214456067551841
0.39,0.546875,0,-0.5087681717544135
0.39,0.5625,0,-0.49119102113867436
0.39,0.578125,0,-0.4688834324770444
0.39,0.59375,0,-0.44206024004290356
0.39,0.609375,0,-0.41097976584244095
0.39,0.625,0,-0.3759413318325226
0.39,0.640625,0,-0.33728237728662047
0.39,0.65625,0,-0.29537520907014553
0.39,0.671875,0,-0.25062341612181144
0.39,0.6875,0,-0.20345798267152884
0.39,0.703125,0,-0.1543331376266721
0.39,0.71875,0,-0.10372198009939608
0.39,0.734375,0,-0.052111923203560485
0.39,0.75,0,-9.766460192688303e-17
0.39,0.765625,0,0.05211192320356029
0.39,0.78125,0,0.10372198009939589
0.39,0.796875,0,0.15433313762667192
0.39,0.8125,0,0.20345798267152865
0.39,0.828125,0,0.25062341612181127
0.39,0.84375,0,0.29537520907014536
0.39,0.859375,0,0.33728237728662036
0.39,0.875,0,0.37594133183252243
0.39,0.890625,0,0.4109797658424407
0.39,0.90625,0,0.44206024004290345
0.39,0.921875,0,0.4688834324770443
0.39,0.9375,0,0.4911910211386742
0.39,0.953125,0,0.5087681717544134
0.39,0.96875,0,0.521445606755184
0.39,0.984375,0,0.5291012355117382
0.39,1.0,0,0.5316613301341575
0.4,0.0,0,0.44932896411722145
0.4,0.015625,0,0.4471653223408984
0.4,0.03125,0,0.4406952340650021
0.4,0.046875,0,0.4299810097765395
0.4,0.0625,0,0.4151258333123993
0.4,0.078125,0,0.3962727681425966
0.4,0.09375,0,0.3736033795908504
0.4,0.109375,0,0.34733598626126233
0.4,0.125,0,0.3177235575108142
0.4,0.140625,0,0.28505127721617296
0.4,0.15625,0,0.24963379729706123
0.4,0.171875,0,0.21181220744626406
0.4,0.1875,0,0.1719507502494286
0.4,0.203125,0,0.1304333133298495
0.4,0.21875,0,0.08765973230080211
0.4,0.234375,0,0.04404194013001387
0.4,0.25,0,2.751346388351756e-17
0.4,0.265625,0,-0.044041940130013814
0.4,0.28125,0,-0.08765973230080204
0.4,0.296875,0,-0.13043331332984945
0.4,0.3125,0,-0.17195075024942855
0.4,0.328125,0,-0.211812207446264
0.4,0.34375,0,-0.2496337972970611
0.4,0.359375,0,-0.2850512772161729
0.4,0.375,0,-0.31772355751081416
0.4,0.390625,0,-0.34733598626126233
0.4,0.40625,0,-0.37360337959085044
0.4,0.421875,0,-0.39627276814259654
0.4,0.4375,0,-0.4151258333123993
0.4,0.453125,0,-0.4299810097765395
0.4,0.46875,0,-0.4406952340650021
0.4,0.484375,0,-0.44716532234089834
0.4,0.5,0,-0.44932896411722145
0.4,0.515625,0,-0.4471653223408984
0.4,0.53125,0,-0.4406952340650021
0.4,0.546875,0,-0.4299810097765396
0.4,0.5625,0,-0.41512583331239933
0.4,0.578125,0,-0.3962727681425966
0.4,0.59375,0,-0.3736033795908505
0.4,0.609375,0,-0.3473359862612624
0.4,0.625,0,-0.31772355751081427
0.4,0.640625,0,-0.28505127721617307
0.4,0.65625,0,-0.2496337972970612
0.4,0.671875,0,-0.2118122074462641
0.4,0.6875,0,-0.17195075024942882
0.4,0.703125,0,-0.13043331332984956
0.4,0.71875,0,-0.08765973230080225
0.4,0.734375,0,-0.04404194013001373
0.4,0.75,0,-8.254039165055268e-17
0.4,0.765625,0,0.044041940130013564
0.4,0.78125,0,0.0876597323008021
0.4,0.796875,0,0.1304333133298494
0.4,0.8125,0,0.17195075024942866
0.4,0.828125,0,0.21181220744626394
0.4,0.84375,0,0.24963379729706103
0.4,0.859375,0,0.28505127721617296
0.4,0.875,0,0.3177235575108141
0.4,0.890625,0,0.34733598626126216
0.4,0.90625,0,0.3736033795908504
0.4,0.921875,0,0.3962727681425965
0.4,0.9375,0,0.41512583331239916
0.4,0.953125,0,0.4299810097765395
0.4,0.96875,0,0.44069523406500205
0.4,0.984375,0,0.4471653223408984
0.4,1.0,0,0.44932896411722145
0.41000000000000003,0.0,0,0.35952303708250916
0.41000000000000003,0.015625,0,0.357791835391315
0.41000000000000003,0.03125,0,0.35261490273638973
0.41000000000000003,0.046875,0,0.3440420958091997
0.41000000000000003,0.0625,0,0.33215597542682657
0.41000000000000003,0.078125,0,0.317071011426167
0.41000000000000003,0.09375,0,0.2989324802568275
0.41000000000000003,0.109375,0,0.2779150658894985
0.41000000000000003,0.125,0,0.25422117751382484
0.41000000000000003,0.140625,0,0.22807900022726108
0.41000000000000003,0.15625,0,0.19974029748784472
0.41000000000000003,0.171875,0,0.16947798649446702
0.41000000000000003,0.1875,0,0.13758350984505607
0.41000000000000003,0.203125,0,0.10436402878504027
0.41000000000000003,0.21875,0,0.07013946507664316
0.41000000000000003,0.234375,0,0.03523941997742618
0.41000000000000003,0.25,0,2.2014436829141502e-17
0.41000000000000003,0.265625,0,-0.035239419977426134
0.41000000000000003,0.28125,0,-0.0701394650766431
0.41000000000000003,0.296875,0,-0.1043640287850402
0.41000000000000003,0.3125,0,-0.13758350984505605
0.41000000000000003,0.328125,0,-0.169477986494467
0.41000000000000003,0.34375,0,-0.1997402974878446
0.41000000000000003,0.359375,0,-0.22807900022726105
0.41000000000000003,0.375,0,-0.2542211775138248
0.41000000000000003,0.390625,0,-0.2779150658894985
0.41000000000000003,0.40625,0,-0.2989324802568275
0.41000000000000003,0.421875,0,-0.31707101142616695
0.41000000000000003,0.4375,0,-0.33215597542682657
0.41000000000000003,0.453125,0,-0.3440420958091997
0.41000000000000003,0.46875,0,-0.35261490273638973
0.41000000000000003,0.484375,0,-0.3577918353913149
0.41000000000000003,0.5,0,-0.35952303708250916
0.41000000000000003,0.515625,0,-0.357791835391315
0.41000000000000003,0.53125,0,-0.35261490273638973
0.41000000000000003,0.546875,0,-0.3440420958091997
0.41000000000000003,0.5625,0,-0.3321559754268266
0.41000000000000003,0.578125,0,-0.317071011426167
0.41000000000000003,0.59375,0,-0.29893248025682756
0.41000000000000003,0.609375,0,-0.27791506588949855
0.41000000000000003,0.625,0,-0.2542211775138249
0.41000000000000003,0.640625,0,-0.2280790002272612
0.41000000000000003,0.65625,0,-0.1997402974878447
0.41000000000000003,0.671875,0,-0.16947798649446705
0.41000000000000003,0.6875,0,-0.13758350984505627
0.41000000000000003,0.703125,0,-0.10436402878504031
0.41000000000000003,0.71875,0,-0.07013946507664327
0.41000000000000003,0.734375,0,-0.035239419977426065
0.41000000000000003,0.75,0,-6.60433104874245e-17
0.41000000000000003,0.765625,0,0.03523941997742593
0.41000000000000003,0.78125,0,0.07013946507664315
0.41000000000000003,0.796875,0,0.10436402878504017
0.41000000000000003,0.8125,0,0.13758350984505613
0.41000000000000003,0.828125,0,0.16947798649446694
0.41000000000000003,0.84375,0,0.19974029748784455
0.41000000000000003,0.859375,0,0.22807900022726113
0.41000000000000003,0.875,0,0.2542211775138247
0.41000000000000003,0.890625,0,0.2779150658894984
0.41000000000000003,0.90625,0,0.2989324802568275
0.41000000000000003,0.921875,0,0.31707101142616695
0.41000000000000003,0.9375,0,0.3321559754268265
0.41000000000000003,0.953125,0,0.3440420958091997
0.41000000000000003,0.96875,0,0.35261490273638973
0.41000000000000003,0.984375,0,0.357791835391315
0.41000000000000003,1.0,0,0.35952303708250916
0.42,0.0,0,0.2644072708270514
0.42,0.015625,0,0.2631340775481607
0.42,0.03125,0,0.2593267592587625
0.42,0.046875,0,0.25302198251527563
0.42,0.0625,0,0.24428046576428142
0.42,0.078125,0,0.2331863945906911
0.42,0.09375,0,0.2198466109645425
0.42,0.109375,0,0.204389584294423
0.42,0.125,0,0.18696417419683606
0.42,0.140625,0,0.1677381968967196
0.42,0.15625,0,0.14689680906546204
0.42,0.171875,0,0.12464072466093988
0.42,0.1875,0,0.10118428194238191
0.42,0.203125,0,0.07675337927576383
0.42,0.21875,0,0.05158329960905511
0.42,0.234375,0,0.025916444568811276
0.42,0.25,0,1.619027589448179e-17
0.42,0.265625,0,-0.025916444568811245
0.42,0.28125,0,-0.051583299609055076
0.42,0.296875,0,-0.07675337927576378
0.42,0.3125,0,-0.10118428194238188
0.42,0.328125,0,-0.12464072466093985
0.42,0.34375,0,-0.14689680906546196
0.42,0.359375,0,-0.16773819689671957
0.42,0.375,0,-0.18696417419683603
0.42,0.390625,0,-0.204389584294423
0.42,0.40625,0,-0.21984661096454253
0.42,0.421875,0,-0.23318639459069107
0.42,0.4375,0,-0.24428046576428142
0.42,0.453125,0,-0.25302198251527563
0.42,0.46875,0,-0.2593267592587625
0.42,0.484375,0,-0.26313407754816065
0.42,0.5,0,-0.2644072708270514
0.42,0.515625,0,-0.2631340775481607
0.42,0.53125,0,-0.2593267592587625
0.42,0.546875,0,-0.25302198251527563
0.42,0.5625,0,-0.24428046576428147
0.42,0.578125,0,-0.2331863945906911
0.42,0.59375,0,-0.21984661096454255
0.42,0.609375,0,-0.20438958429442303
0.42,0.625,0,-0.18696417419683609
0.42,0.640625,0,-0.16773819689671968
0.42,0.65625,0,-0.14689680906546201
0.42,0.671875,0,-0.12464072466093991
0.42,0.6875,0,-0.10118428194238205
0.42,0.703125,0,-0.07675337927576385
0.42,0.71875,0,-0.0515832996090552
0.42,0.734375,0,-0.025916444568811193
0.42,0.75,0,-4.8570827683445374e-17
0.42,0.765625,0,0.025916444568811096
0.42,0.78125,0,0.051583299609055104
0.42,0.796875,0,0.07675337927576376
0.42,0.8125,0,0.10118428194238197
0.42,0.828125,0,0.12464072466093981
0.42,0.84375,0,0.14689680906546193
0.42,0.859375,0,0.16773819689671962
0.42,0.875,0,0.186964174196836
0.42,0.890625,0,0.2043895842944229
0.42,0.90625,0,0.2198466109645425
0.42,0.921875,0,0.23318639459069104
0.42,0.9375,0,0.24428046576428136
0.42,0.953125,0,0.25302198251527563
0.42,0.96875,0,0.2593267592587625
0.42,0.984375,0,0.2631340775481607
0.42,1.0,0,0.2644072708270514
0.43,0.0,0,0.16901331540606618
0.43,0.015625,0,0.16819947009634778
0.43,0.03125,0,0.16576577194241823
0.43,0.046875,0,0.16173565878789467
0.43,0.0625,0,0.15614794282553907
0.43,0.078125,0,0.1490564368146252
0.43,0.09375,0,0.14052943583464964
0.43,0.109375,0,0.13064905956638248
0.43,0.125,0,0.11951046143445018
0.43,0.140625,0,0.10722091222784039
0.43,0.15625,0,0.09389876702356373
0.43,0.171875,0,0.07967232536256275
0.43,0.1875,0,0.06467859565499692
0.43,0.203125,0,0.04906197571435657
0.43,0.21875,0,0.032972862127582915
0.43,0.234375,0,0.016566201853720704
0.43,0.25,0,1.034908078626605e-17
0.43,0.265625,0,-0.016566201853720684
0.43,0.28125,0,-0.03297286212758289
0.43,0.296875,0,-0.04906197571435654
0.43,0.3125,0,-0.06467859565499691
0.43,0.328125,0,-0.07967232536256272
0.43,0.34375,0,-0.09389876702356367
0.43,0.359375,0,-0.10722091222784036
0.43,0.375,0,-0.11951046143445017
0.43,0.390625,0,-0.13064905956638248
0.43,0.40625,0,-0.14052943583464966
0.43,0.421875,0,-0.1490564368146252
0.43,0.4375,0,-0.15614794282553907
0.43,0.453125,0,-0.16173565878789467
0.43,0.46875,0,-0.16576577194241823
0.43,0.484375,0,-0.16819947009634775
0.43,0.5,0,-0.16901331540606618
0.43,0.515625,0,-0.16819947009634778
0.43,0.53125,0,-0.16576577194241823
0.43,0.546875,0,-0.1617356587878947
0.43,0.5625,0,-0.1561479428255391
0.43,0.578125,0,-0.1490564368146252
0.43,0.59375,0,-0.1405294358346497
0.43,0.609375,0,-0.1306490595663825
0.43,0.625,0,-0.11951046143445021
0.43,0.640625,0,-0.10722091222784044
0.43,0.65625,0,-0.0938987670235637
0.43,0.671875,0,-0.07967232536256276
0.43,0.6875,0,-0.064678595654997
0.43,0.703125,0,-0.04906197571435659
0.43,0.71875,0,-0.03297286212758297
0.43,0.734375,0,-0.01656620185372065
0.43,0.75,0,-3.104724235879815e-17
0.43,0.765625,0,0.01656620185372059
0.43,0.78125,0,0.03297286212758291
0.43,0.796875,0,0.04906197571435652
0.43,0.8125,0,0.06467859565499695
0.43,0.828125,0,0.0796723253625627
0.43,0.84375,0,0.09389876702356365
0.43,0.859375,0,0.1072209122278404
0.43,0.875,0,0.11951046143445015
0.43,0.890625,0,0.13064905956638243
0.43,0.90625,0,0.14052943583464964
0.43,0.921875,0,0.14905643681462516
0.43,0.9375,0,0.15614794282553904
0.43,0.953125,0,0.16173565878789467
0.43,0.96875,0,0.16576577194241823
0.43,0.984375,0,0.16819947009634778
0.43,1.0,0,0.16901331540606618
0.44,0.0,0,0.08329472545891176
0.44,0.015625,0,0.08289363858906278
0.44,0.03125,0,0.08169424066532886
0.44,0.046875,0,0.07970808254537318
0.44,0.0625,0,0.07695429201763537
0.44,0.078125,0,0.07345938959027258
0.44,0.09375,0,0.0692570330841683
0.44,0.109375,0,0.06438769348971808
0.44,0.125,0,0.05889826520906827
0.44,0.140625,0,0.05284161443738824
0.44,0.15625,0,0.046276070032511406
0.44,0.171875,0,0.039264861776148366
0.44,0.1875,0,0.03187551143652418
0.44,0.203125,0,0.024179182496839247
0.44,0.21875,0,0.016249994812024098
0.44,0.234375,0,0.008164310794018392
0.44,0.25,0,5.100330945955692e-18
0.44,0.265625,0,-0.008164310794018382
0.44,0.28125,0,-0.016249994812024087
0.44,0.296875,0,-0.024179182496839233
0.44,0.3125,0,-0.03187551143652417
0.44,0.328125,0,-0.03926486177614835
0.44,0.34375,0,-0.04627607003251138
0.44,0.359375,0,-0.05284161443738823
0.44,0.375,0,-0.05889826520906826
0.44,0.390625,0,-0.06438769348971808
0.44,0.40625,0,-0.0692570330841683
0.44,0.421875,0,-0.07345938959027257
0.44,0.4375,0,-0.07695429201763537
0.44,0.453125,0,-0.07970808254537318
0.44,0.46875,0,-0.08169424066532886
0.44,0.484375,0,-0.08289363858906276
0.44,0.5,0,-0.08329472545891176
0.44,0.515625,0,-0.08289363858906278
0.44,0.53125,0,-0.08169424066532886
0.44,0.546875,0,-0.07970808254537319
0.44,0.5625,0,-0.07695429201763537
0.44,0.578125,0,-0.07345938959027258
0.44,0.59375,0,-0.06925703308416832
0.44,0.609375,0,-0.0643876934897181
0.44,0.625,0,-0.058898265209068275
0.44,0.640625,0,-0.052841614437388267
0.44,0.65625,0,-0.04627607003251139
0.44,0.671875,0,-0.03926486177614837
0.44,0.6875,0,-0.03187551143652422
0.44,0.703125,0,-0.024179182496839254
0.44,0.71875,0,-0.016249994812024125
0.44,0.734375,0,-0.008164310794018366
0.44,0.75,0,-1.5300992837867074e-17
0.44,0.765625,0,0.008164310794018335
0.44,0.78125,0,0.016249994812024094
0.44,0.796875,0,0.024179182496839223
0.44,0.8125,0,0.031875511436524194
0.44,0.828125,0,0.039264861776148345
0.44,0.84375,0,0.046276070032511364
0.44,0.859375,0,0.05284161443738825
0.44,0.875,0,0.05889826520906825
0.44,0.890625,0,0.06438769348971805
0.44,0.90625,0,0.0692570330841683
0.44,0.921875,0,0.07345938959027255
0.44,0.9375,0,0.07695429201763535
0.44,0.953125,0,0.07970808254537318
0.44,0.96875,0,0.08169424066532885
0.44,0.984375,0,0.08289363858906278
0.44,1.0,0,0.08329472545891176
0.45,0.0,0,0.023174427241061203
0.45,0.015625,0,0.023062836039680207
0.45,0.03125,0,0.022729137119808476
0.45,0.046875,0,0.022176544184462754
0.45,0.0625,0,0.021410379005688453
0.45,0.078125,0,0.020438020172985658
0.45,0.09375,0,0.0192688320334587
0.45,0.109375,0,0.017914074508034485
0.45,0.125,0,0.01638679465226863
0.45,0.140625,0,0.014701701006068267
0.45,0.15625,0,0.012875021942412192
0.45,0.171875,0,0.010924349379247763
0.45,0.1875,0,0.00886846935970434
0.45,0.203125,0,0.006727181132228472
0.45,0.21875,0,0.004521106472997967
0.45,0.234375,0,0.0022714910869442917
0.45,0.25,0,1.4190244071419415e-18
0.45,0.265625,0,-0.002271491086944289
0.45,0.28125,0,-0.004521106472997963
0.45,0.296875,0,-0.006727181132228467
0.45,0.3125,0,-0.008868469359704338
0.45,0.328125,0,-0.01092434937924776
0.45,0.34375,0,-0.012875021942412183
0.45,0.359375,0,-0.014701701006068265
0.45,0.375,0,-0.016386794652268628
0.45,0.390625,0,-0.017914074508034485
0.45,0.40625,0,-0.019268832033458704
0.45,0.421875,0,-0.020438020172985655
0.45,0.4375,0,-0.021410379005688453
0.45,0.453125,0,-0.022176544184462754
0.45,0.46875,0,-0.022729137119808476
0.45,0.484375,0,-0.023062836039680207
0.45,0.5,0,-0.023174427241061203
0.45,0.515625,0,-0.023062836039680207
0.45,0.53125,0,-0.022729137119808476
0.45,0.546875,0,-0.022176544184462757
0.45,0.5625,0,-0.021410379005688457
0.45,0.578125,0,-0.020438020172985658
0.45,0.59375,0,-0.019268832033458708
0.45,0.609375,0,-0.017914074508034485
0.45,0.625,0,-0.016386794652268635
0.45,0.640625,0,-0.014701701006068274
0.45,0.65625,0,-0.012875021942412189
0.45,0.671875,0,-0.010924349379247765
0.45,0.6875,0,-0.008868469359704352
0.45,0.703125,0,-0.0067271811322284734
0.45,0.71875,0,-0.0045211064729979746
0.45,0.734375,0,-0.0022714910869442843
0.45,0.75,0,-4.257073221425824e-18
0.45,0.765625,0,0.002271491086944276
0.45,0.78125,0,0.004521106472997966
0.45,0.796875,0,0.006727181132228465
0.45,0.8125,0,0.008868469359704345
0.45,0.828125,0,0.010924349379247758
0.45,0.84375,0,0.012875021942412182
0.45,0.859375,0,0.01470170100606827
0.45,0.875,0,0.016386794652268628
0.45,0.890625,0,0.017914074508034474
0.45,0.90625,0,0.0192688320334587
0.45,0.921875,0,0.02043802017298565
0.45,0.9375,0,0.021410379005688446
0.45,0.953125,0,0.022176544184462754
0.45,0.96875,0,0.022729137119808472
0.45,0.984375,0,0.023062836039680207
0.45,1.0,0,0.023174427241061203
0.46,0.0,0,0.0011608292139183784
0.46,0.015625,0,0.0011552395039664627
0.46,0.03125,0,0.0011385242060731984
0.46,0.046875,0,0.001110844297694809
0.46,0.0625,0,0.0010724663514803559
0.46,0.078125,0,0.0010237599680314035
0.46,0.09375,0,0.0009651942164461824
0.46,0.109375,0,0.0008973331169277553
0.46,0.125,0,0.0008208302089611348
0.46,0.140625,0,0.000736422257370783
0.46,0.15625,0,0.0006449221568725952
0.46,0.171875,0,0.0005472111034534118
0.46,0.1875,0,0.0004442301079719542
0.46,0.203125,0,0.0003369709337098477
0.46,0.21875,0,0.00022646654514906555
0.46,0.234375,0,0.00011378115995929142
0.46,0.25,0,7.108028905909401e-20
0.46,0.265625,0,-0.00011378115995929127
0.46,0.28125,0,-0.0002264665451490654
0.46,0.296875,0,-0.00033697093370984747
0.46,0.3125,0,-0.000444230107971954
0.46,0.328125,0,-0.0005472111034534116
0.46,0.34375,0,-0.0006449221568725948
0.46,0.359375,0,-0.0007364222573707829
0.46,0.375,0,-0.0008208302089611347
0.46,0.390625,0,-0.0008973331169277553
0.46,0.40625,0,-0.0009651942164461825
0.46,0.421875,0,-0.0010237599680314033
0.46,0.4375,0,-0.0010724663514803559
0.46,0.453125,0,-0.001110844297694809
0.46,0.46875,0,-0.0011385242060731984
0.46,0.484375,0,-0.0011552395039664625
0.46,0.5,0,-0.0011608292139183784
0.46,0.515625,0,-0.0011552395039664627
0.46,0.53125,0,-0.0011385242060731984
0.46,0.546875,0,-0.0011108442976948093
0.46,0.5625,0,-0.001072466351480356
0.46,0.578125,0,-0.0010237599680314035
0.46,0.59375,0,-0.0009651942164461826
0.46,0.609375,0,-0.0008973331169277554
0.46,0.625,0,-0.0008208302089611349
0.46,0.640625,0,-0.0007364222573707835
0.46,0.65625,0,-0.0006449221568725951
0.46,0.671875,0,-0.0005472111034534119
0.46,0.6875,0,-0.0004442301079719547
0.46,0.703125,0,-0.0003369709337098478
0.46,0.71875,0,-0.00022646654514906595
0.46,0.734375,0,-0.00011378115995929104
0.46,0.75,0,-2.1324086717728202e-19
0.46,0.765625,0,0.00011378115995929062
0.46,0.78125,0,0.00022646654514906552
0.46,0.796875,0,0.00033697093370984736
0.46,0.8125,0,0.00044423010797195434
0.46,0.828125,0,0.0005472111034534114
0.46,0.84375,0,0.0006449221568725947
0.46,0.859375,0,0.0007364222573707831
0.46,0.875,0,0.0008208302089611346
0.46,0.890625,0,0.0008973331169277549
0.46,0.90625,0,0.0009651942164461824
0.46,0.921875,0,0.001023759968031403
0.46,0.9375,0,0.0010724663514803557
0.46,0.953125,0,0.001110844297694809
0.46,0.96875,0,0.0011385242060731981
0.46,0.984375,0,0.0011552395039664627
0.46,1.0,0,0.0011608292139183784
0.47000000000000003,0.0,0,3.571700958113259e-10
0.47000000000000003,0.015625,0,3.554502241754768e-10
0.47000000000000003,0.03125,0,3.5030717257196e-10
0.47000000000000003,0.046875,0,3.4179047139919543e-10
0.47000000000000003,0.0625,0,3.299821411451793e-10
0.47000000000000003,0.078125,0,3.149959024853477e-10
0.47000000000000003,0.09375,0,2.969760810903061e-10
0.47000000000000003,0.109375,0,2.7609621769072527e-10
0.47000000000000003,0.125,0,2.5255739678523746e-10
0.47000000000000003,0.140625,0,2.2658631008679096e-10
0.47000000000000003,0.15625,0,1.98433073357532e-10
0.47000000000000003,0.171875,0,1.6836881765728802e-10
0.47000000000000003,0.1875,0,1.366830782032462e-10
0.47000000000000003,0.203125,0,1.0368100598753613e-10
0.47000000000000003,0.21875,0,6.968042900636298e-11
0.47000000000000003,0.234375,0,3.50087914026614e-11
0.47000000000000003,0.25,0,2.1870360729324688e-26
0.47000000000000003,0.265625,0,-3.5008791402661354e-11
0.47000000000000003,0.28125,0,-6.968042900636293e-11
0.47000000000000003,0.296875,0,-1.0368100598753608e-10
0.47000000000000003,0.3125,0,-1.3668307820324615e-10
0.47000000000000003,0.328125,0,-1.68368817657288e-10
0.47000000000000003,0.34375,0,-1.984330733575319e-10
0.47000000000000003,0.359375,0,-2.2658631008679094e-10
0.47000000000000003,0.375,0,-2.525573967852374e-10
0.47000000000000003,0.390625,0,-2.7609621769072527e-10
0.47000000000000003,0.40625,0,-2.9697608109030615e-10
0.47000000000000003,0.421875,0,-3.1499590248534763e-10
0.47000000000000003,0.4375,0,-3.299821411451793e-10
0.47000000000000003,0.453125,0,-3.4179047139919543e-10
0.47000000000000003,0.46875,0,-3.5030717257196e-10
0.47000000000000003,0.484375,0,-3.554502241754767e-10
0.47000000000000003,0.5,0,-3.571700958113259e-10
0.47000000000000003,0.515625,0,-3.554502241754768e-10
0.47000000000000003,0.53125,0,-3.5030717257196e-10
0.47000000000000003,0.546875,0,-3.4179047139919543e-10
0.47000000000000003,0.5625,0,-3.2998214114517934e-10
0.47000000000000003,0.578125,0,-3.149959024853477e-10
0.47000000000000003,0.59375,0,-2.9697608109030615e-10
0.47000000000000003,0.609375,0,-2.7609621769072527e-10
0.47000000000000003,0.625,0,-2.525573967852375e-10
0.47000000000000003,0.640625,0,-2.265863100867911e-10
0.47000000000000003,0.65625,0,-1.9843307335753198e-10
0.47000000000000003,0.671875,0,-1.6836881765728807e-10
0.47000000000000003,0.6875,0,-1.3668307820324639e-10
0.47000000000000003,0.703125,0,-1.0368100598753617e-10
0.47000000000000003,0.71875,0,-6.968042900636311e-11
0.47000000000000003,0.734375,0,-3.500879140266128e-11
0.47000000000000003,0.75,0,-6.561108218797406e-26
0.47000000000000003,0.765625,0,3.5008791402661154e-11
0.47000000000000003,0.78125,0,6.968042900636298e-11
0.47000000000000003,0.796875,0,1.0368100598753603e-10
0.47000000000000003,0.8125,0,1.3668307820324626e-10
0.47000000000000003,0.828125,0,1.6836881765728794e-10
0.47000000000000003,0.84375,0,1.9843307335753185e-10
0.47000000000000003,0.859375,0,2.2658631008679101e-10
0.47000000000000003,0.875,0,2.5255739678523736e-10
0.47000000000000003,0.890625,0,2.760962176907251e-10
0.47000000000000003,0.90625,0,2.969760810903061e-10
0.47000000000000003,0.921875,0,3.149959024853476e-10
0.47000000000000003,0.9375,0,3.299821411451792e-10
0.47000000000000003,0.953125,0,3.4179047139919543e-10
0.47000000000000003,0.96875,0,3.5030717257195993e-10
0.47000000000000003,0.984375,0,3.554502241754768e-10
0.47000000000000003,1.0,0,3.571700958113259e-10
0.48,0.0,0,0.0
0.48,0.015625,0,0.0
0.48,0.03125,0,0.0
0.48,0.046875,0,0.0
0.48,0.0625,0,0.0
0.48,0.078125,0,0.0
0.48,0.09375,0,0.0
0.48,0.109375,0,0.0
0.48,0.125,0,0.0
0.48,0.140625,0,0.0
0.48,0.15625,0,0.0
0.48,0.171875,0,0.0
0.48,0.1875,0,0.0
0.48,0.203125,0,0.0
0.48,0.21875,0,0.0
0.48,0.234375,0,0.0
0.48,0.25,0,0.0
0.48,0.265625,0,-0.0
0.48,0.28125,0,-0.0
0.48,0.296875,0,-0.0
0.48,0.3125,0,-0.0
0.48,0.328125,0,-0.0
0.48,0.34375,0,-0.0
0.48,0.359375,0,-0.0
0.48,0.375,0,-0.0
0.48,0.390625,0,-0.0
0.48,0.40625,0,-0.0
0.48,0.421875,0,-0.0
0.48,0.4375,0,-0.0
0.48,0.453125,0,-0.0
0.48,0.46875,0,-0.0
0.48,0.484375,0,-0.0
0.48,0.5,0,-0.0
0.48,0.515625,0,-0.0
0.48,0.53125,0,-0.0
0.48,0.546875,0,-0.0
0.48,0.5625,0,-0.0
0.48,0.578125,0,-0.0
0.48,0.59375,0,-0.0
0.48,0.609375,0,-0.0
0.48,0.625,0,-0.0
0.48,0.640625,0,-0.0
0.48,0.65625,0,-0.0
0.48,0.671875,0,-0.0
0.48,0.6875,0,-0.0
0.48,0.703125,0,-0.0
0.48,0.71875,0,-0.0
0.48,0.734375,0,-0.0
0.48,0.75,0,-0.0
0.48,0.765625,0,0.0
0.48,0.78125,0,0.0
0.48,0.796875,0,0.0
0.48,0.8125,0,0.0
0.48,0.828125,0,0.0
0.48,0.84375,0,0.0
0.48,0.859375,0,0.0
0.48,0.875,0,0.0
0.48,0.890625,0,0.0
0.48,0.90625,0,0.0
0.48,0.921875,0,0.0
0.48,0.9375,0,0.0
0.48,0.953125,0,0.0
0.48,0.96875,0,0.0
0.48,0.984375,0,0.0
0.48,1.0,0,0.0
0.49,0.0,0,0.0
0.49,0.015625,0,0.0
0.49,0.03125,0,0.0
0.49,0.046875,0,0.0
0.49,0.0625,0,0.0
0.49,0.078125,0,0.0
0.49,0.09375,0,0.0
0.49,0.109375,0,0.0
0.49,0.125,0,0.0
0.49,0.140625,0,0.0
0.49,0.15625,0,0.0
0.49,0.171875,0,0.0
0.49,0.1875,0,0.0
0.49,0.203125,0,0.0
0.49,0.21875,0,0.0
0.49,0.234375,0,0.0
0.49,0.25,0,0.0
0.49,0.265625,0,-0.0
0.49,0.28125,0,-0.0
0.49,0.296875,0,-0.0
0.49,0.3125,0,-0.0
0.49,0.328125,0,-0.0
0.49,0.34375,0,-0.0
0.49,0.359375,0,-0.0
0.49,0.375,0,-0.0
0.49,0.390625,0,-0.0
0.49,0.40625,0,-0.0
0.49,0.421875,0,-0.0
0.49,0.4375,0,-0.0
0.49,0.453125,0,-0.0
0.49,0.46875,0,-0.0
0.49,0.484375,0,-0.0
0.49,0.5,0,-0.0
0.49,0.515625,0,-0.0
0.49,0.53125,0,-0.0
0.49,0.546875,0,-0.0
0.49,0.5625,0,-0.0
0.49,0.578125,0,-0.0
0.49,0.59375,0,-0.0
0.49,0.609375,0,-0.0
0.49,0.625,0,-0.0
0.49,0.640625,0,-0.0
0.49,0.65625,0,-0.0
0.49,0.671875,0,-0.0
0.49,0.6875,0,-0.0
0.49,0.703125,0,-0.0
0.49,0.71875,0,-0.0
0.49,0.734375,0,-0.0
0.49,0.75,0,-0.0
0.49,0.765625,0,0.0
0.49,0.78125,0,0.0
0.49,0.796875,0,0.0
0.49,0.8125,0,0.0
0.49,0.828125,0,0.0
0.49,0.84375,0,0.0
0.49,0.859375,0,0.0
0.49,0.875,0,0.0
0.49,0.890625,0,0.0
0.49,0.90625,0,0.0
0.49,0.921875,0,0.0
0.49,0.9375,0,0.0
0.49,0.953125,0,0.0
0.49,0.96875,0,0.0
0.49,0.984375,0,0.0
0.49,1.0,0,0.0
0.5,0.0,0,0.0
0.5,0.015625,0,0.0
0.5,0.03125,0,0.0
0.5,0.046875,0,0.0
0.5,0.0625,0,0.0
0.5,0.078125,0,0.0
0.5,0.09375,0,0.0
0.5,0.109375,0,0.0
0.5,0.125,0,0.0
0.5,0.140625,0,0.0
0.5,0.15625,0,0.0
0.5,0.171875,0,0.0
0.5,0.1875,0,0.0
0.5,0.203125,0,0.0
0.5,0.21875,0,0.0
0.5,0.234375,0,0.0
0.5,0.25,0,0.0
0.5,0.265625,0,-0.0
0.5,0.28125,0,-0.0
0.5,0.296875,0,-0.0
0.5,0.3125,0,-0.0
0.5,0.328125,0,-0.0
0.5,0.34375,0,-0.0
0.5,0.359375,0,-0.0
0.5,0.375,0,-0.0
0.5,0.390625,0,-0.0
0.5,0.40625,0,-0.0
0.5,0.421875,0,-0.0
0.5,0.4375,0,-0.0
0.5,0.453125,0,-0.0
0.5,0.46875,0,-0.0
0.5,0.484375,0,-0.0
0.5,0.5,0,-0.0
0.5,0.515625,0,-0.0
0.5,0.53125,0,-0.0
0.5,0.546875,0,-0.0
0.5,0.5625,0,-0.0
0.5,0.578125,0,-0.0
0.5,0.59375,0,-0.0
0.5,0.609375,0,-0.0
0.5,0.625,0,-0.0
0.5,0.640625,0,-0.0
0.5,0.65625,0,-0.0
0.5,0.671875,0,-0.0
0.5,0.6875,0,-0.0
0.5,0.703125,0,-0.0
0.5,0.71875,0,-0.0
0.5,0.734375,0,-0.0
0.5,0.75,0,-0.0
0.5,0.765625,0,0.0
0.5,0.78125,0,0.0
0.5,0.796875,0,0.0
0.5,0.8125,0,0.0
0.5,0.828125,0,0.0
0.5,0.84375,0,0.0
0.5,0.859375,0,0.0
0.5,0.875,0,0.0
0.5,0.890625,0,0.0
0.5,0.90625,0,0.0
0.5,0.921875,0,0.0
0.5,0.9375,0,0.0
0.5,0.953125,0,0.0
0.5,0.96875,0,0.0
0.5,0.984375,0,0.0
0.5,1.0,0,0.0
0.51,0.0,0,0.0
0.51,0.015625,0,0.0
0.51,0.03125,0,0.0
0.51,0.046875,0,0.0
0.51,0.0625,0,0.0
0.51,0.078125,0,0.0
0.51,0.09375,0,0.0
0.51,0.109375,0,0.0
0.51,0.125,0,0.0
0.51,0.140625,0,0.0
0.51,0.15625,0,0.0
0.51,0.171875,0,0.0
0.51,0.1875,0,0.0
0.51,0.203125,0,0.0
0.51,0.21875,0,0.0
0.51,0.234375,0,0.0
0.51,0.25,0,0.0
0.51,0.265625,0,-0.0
0.51,0.28125,0,-0.0
0.51,0.296875,0,-0.0
0.51,0.3125,0,-0.0
0.51,0.328125,0,-0.0
0.51,0.34375,0,-0.0
0.51,0.359375,0,-0.0
0.51,0.375,0,-0.0
0.51,0.390625,0,-0.0
0.51,0.40625,0,-0.0
0.51,0.421875,0,-0.0
0.51,0.4375,0,-0.0
0.51,0.453125,0,-0.0
0.51,0.46875,0,-0.0
0.51,0.484375,0,-0.0
0.51,0.5,0,-0.0
0.51,0.515625,0,-0.0
0.51,0.53125,0,-0.0
0.51,0.546875,0,-0.0
0.51,0.5625,0,-0.0
0.51,0.578125,0,-0.0
0.51,0.59375,0,-0.0
0.51,0.609375,0,-0.0
0.51,0.625,0,-0.0
0.51,0.640625,0,-0.0
0.51,0.65625,0,-0.0
0.51,0.671875,0,-0.0
0.51,0.6875,0,-0.0
0.51,0.703125,0,-0.0
0.51,0.71875,0,-0.0
0.51,0.734375,0,-0.0
0.51,0.75,0,-0.0
0.51,0.765625,0,0.0
0.51,0.78125,0,0.0
0.51,0.796875,0,0.0
0.51,0.8125,0,0.0
0.51,0.828125,0,0.0
0.51,0.84375,0,0.0
0.51,0.859375,0,0.0
0.51,0.875,0,0.0
0.51,0.890625,0,0.0
0.51,0.90625,0,0.0
0.51,0.921875,0,0.0
0.51,0.9375,0,0.0
0.51,0.953125,0,0.0
0.51,0.96875,0,0.0
0.51,0.984375,0,0.0
0.51,1.0,0,0.0
0.52,0.0,0,0.0
0.52,0.015625,0,0.0
0.52,0.03125,0,0.0
0.52,0.046875,0,0.0
0.52,0.0625,0,0.0
0.52,0.078125,0,0.0
0.52,0.09375,0,0.0
0.52,0.109375,0,0.0
0.52,0.125,0,0.0
0.52,0.140625,0,0.0
0.52,0.15625,0,0.0
0.52,0.171875,0,0.0
0.52,0.1875,0,0.0
0.52,0.203125,0,0.0
0.52,0.21875,0,0.0
0.52,0.234375,0,0.0
0.52,0.25,0,0.0
0.52,0.265625,0,-0.0
0.52,0.28125,0,-0.0
0.52,0.296875,0,-0.0
0.52,0.3125,0,-0.0
0.52,0.328125,0,-0.0
0.52,0.34375,0,-0.0
0.52,0.359375,0,-0.0
0.52,0.375,0,-0.0
0.52,0.390625,0,-0.0
0.52,0.40625,0,-0.0
0.52,0.421875,0,-0.0
0.52,0.4375,0,-0.0
0.52,0.453125,0,-0.0
0.52,0.46875,0,-0.0
0.52,0.484375,0,-0.0
0.52,0.5,0,-0.0
0.52,0.515625,0,-0.0
0.52,0.53125,0,-0.0
0.52,0.546875,0,-0.0
0.52,0.5625,0,-0.0
0.52,0.578125,0,-0.0
0.52,0.59375,0,-0.0
0.52,0.609375,0,-0.0
0.52,0.625,0,-0.0
0.52,0.640625,0,-0.0
0.52,0.65625,0,-0.0
0.52,0.671875,0,-0.0
0.52,0.6875,0,-0.0
0.52,0.703125,0,-0.0
0.52,0.71875,0,-0.0
0.52,0.734375,0,-0.0
0.52,0.75,0,-0.0
0.52,0.765625,0,0.0
0.52,0.78125,0,0.0
0.52,0.796875,0,0.0
0.52,0.8125,0,0.0
0.52,0.828125,0,0.0
0.52,0.84375,0,0.0
0.52,0.859375,0,0.0
0.52,0.875,0,0.0
0.52,0.890625,0,0.0
0.52,0.90625,0,0.0
0.52,0.921875,0,0.0
0.52,0.9375,0,0.0
0.52,0.953125,0,0.0
0.52,0.96875,0,0.0
0.52,0.984375,0,0.0
0.52,1.0,0,0.0
0.53,0.0,0,3.5717009581140713e-10
0.53,0.015625,0,3.554502241755576e-10
0.53,0.03125,0,3.5030717257203965e-10
0.53,0.046875,0,3.4179047139927314e-10
0.53,0.0625,0,3.299821411452543e-10
0.53,0.078125,0,3.149959024854193e-10
0.53,0.09375,0,2.969760810903736e-10
0.53,0.109375,0,2.7609621769078803e-10
0.53,0.125,0,2.525573967852949e-10
0.53,0.140625,0,2.2658631008684248e-10
0.53,0.15625,0,1.9843307335757714e-10
0.53,0.171875,0,1.683688176573263e-10
0.53,0.1875,0,1.3668307820327728e-10
0.53,0.203125,0,1.036810059875597e-10
0.53,0.21875,0,6.968042900637882e-11
0.53,0.234375,0,3.500879140266936e-11
0.53,0.25,0,2.187036072932966e-26
0.53,0.265625,0,-3.5008791402669316e-11
0.53,0.28125,0,-6.968042900637877e-11
0.53,0.296875,0,-1.0368100598755965e-10
0.53,0.3125,0,-1.3668307820327725e-10
0.53,0.328125,0,-1.6836881765732628e-10
0.53,0.34375,0,-1.98433073357577e-10
0.53,0.359375,0,-2.2658631008684245e-10
0.53,0.375,0,-2.5255739678529485e-10
0.53,0.390625,0,-2.7609621769078803e-10
0.53,0.40625,0,-2.9697608109037367e-10
0.53,0.421875,0,-3.1499590248541923e-10
0.53,0.4375,0,-3.299821411452543e-10
0.53,0.453125,0,-3.4179047139927314e-10
0.53,0.46875,0,-3.5030717257203965e-10
0.53,0.484375,0,-3.554502241755576e-10
0.53,0.5,0,-3.5717009581140713e-10
0.53,0.515625,0,-3.554502241755576e-10
0.53,0.53125,0,-3.5030717257203965e-10
0.53,0.546875,0,-3.417904713992732e-10
0.53,0.5625,0,-3.2998214114525436e-10
0.53,0.578125,0,-3.149959024854193e-10
0.53,0.59375,0,-2.969760810903737e-10
0.53,0.609375,0,-2.760962176907881e-10
0.53,0.625,0,-2.5255739678529495e-10
0.53,0.640625,0,-2.265863100868426e-10
0.53,0.65625,0,-1.984330733575771e-10
0.53,0.671875,0,-1.6836881765732635e-10
0.53,0.6875,0,-1.3668307820327746e-10
0.53,0.703125,0,-1.0368100598755974e-10
0.53,0.71875,0,-6.968042900637894e-11
0.53,0.734375,0,-3.5008791402669245e-11
0.53,0.75,0,-6.561108218798898e-26
0.53,0.765625,0,3.5008791402669115e-11
0.53,0.78125,0,6.968042900637881e-11
0.53,0.796875,0,1.0368100598755961e-10
0.53,0.8125,0,1.3668307820327733e-10
0.53,0.828125,0,1.6836881765732623e-10
0.53,0.84375,0,1.9843307335757699e-10
0.53,0.859375,0,2.2658631008684253e-10
0.53,0.875,0,2.525573967852948e-10
0.53,0.890625,0,2.7609621769078793e-10
0.53,0.90625,0,2.969760810903736e-10
0.53,0.921875,0,3.1499590248541923e-10
0.53,0.9375,0,3.2998214114525426e-10
0.53,0.953125,0,3.4179047139927314e-10
0.53,0.96875,0,3.503071725720396e-10
0.53,0.984375,0,3.554502241755576e-10
0.53,1.0,0,3.5717009581140713e-10
0.54,0.0,0,0.0011608292139184092
0.54,0.015625,0,0.0011552395039664933
0.54,0.03125,0,0.0011385242060732285
0.54,0.046875,0,0.0011108442976948386
0.54,0.0625,0,0.0010724663514803843
0.54,0.078125,0,0.0010237599680314306
0.54,0.09375,0,0.000965194216446208
0.54,0.109375,0,0.0008973331169277791
0.54,0.125,0,0.0008208302089611566
0.54,0.140625,0,0.0007364222573708025
0.54,0.15625,0,0.0006449221568726124
0.54,0.171875,0,0.0005472111034534262
0.54,0.1875,0,0.00044423010797196594
0.54,0.203125,0,0.00033697093370985663
0.54,0.21875,0,0.00022646654514907157
0.54,0.234375,0,0.00011378115995929443
0.54,0.25,0,7.10802890590959e-20
0.54,0.265625,0,-0.00011378115995929429
0.54,0.28125,0,-0.0002264665451490714
0.54,0.296875,0,-0.0003369709337098564
0.54,0.3125,0,-0.00044423010797196583
0.54,0.328125,0,-0.0005472111034534261
0.54,0.34375,0,-0.0006449221568726119
0.54,0.359375,0,-0.0007364222573708024
0.54,0.375,0,-0.0008208302089611565
0.54,0.390625,0,-0.0008973331169277791
0.54,0.40625,0,-0.0009651942164462081
0.54,0.421875,0,-0.0010237599680314304
0.54,0.4375,0,-0.0010724663514803843
0.54,0.453125,0,-0.0011108442976948386
0.54,0.46875,0,-0.0011385242060732285
0.54,0.484375,0,-0.001155239503966493
0.54,0.5,0,-0.0011608292139184092
0.54,0.515625,0,-0.0011552395039664933
0.54,0.53125,0,-0.0011385242060732285
0.54,0.546875,0,-0.0011108442976948388
0.54,0.5625,0,-0.0010724663514803845
0.54,0.578125,0,-0.0010237599680314306
0.54,0.59375,0,-0.0009651942164462083
0.54,0.609375,0,-0.0008973331169277792
0.54,0.625,0,-0.0008208302089611567
0.54,0.640625,0,-0.000736422257370803
0.54,0.65625,0,-0.0006449221568726123
0.54,0.671875,0,-0.0005472111034534264
0.54,0.6875,0,-0.00044423010797196654
0.54,0.703125,0,-0.00033697093370985674
0.54,0.71875,0,-0.00022646654514907194
0.54,0.734375,0,-0.00011378115995929406
0.54,0.75,0,-2.1324086717728768e-19
0.54,0.765625,0,0.00011378115995929364
0.54,0.78125,0,0.00022646654514907154
0.54,0.796875,0,0.0003369709337098563
0.54,0.8125,0,0.00044423010797196616
0.54,0.828125,0,0.000547211103453426
0.54,0.84375,0,0.0006449221568726118
0.54,0.859375,0,0.0007364222573708027
0.54,0.875,0,0.0008208302089611564
0.54,0.890625,0,0.0008973331169277787
0.54,0.90625,0,0.000965194216446208
0.54,0.921875,0,0.0010237599680314304
0.54,0.9375,0,0.001072466351480384
0.54,0.953125,0,0.0011108442976948386
0.54,0.96875,0,0.0011385242060732285
0.54,0.984375,0,0.0011552395039664933
0.54,1.0,0,0.0011608292139184092
0.55,0.0,0,0.02317442724106149
0.55,0.015625,0,0.023062836039680495
0.55,0.03125,0,0.022729137119808757
0.55,0.046875,0,0.022176544184463028
0.55,0.0625,0,0.02141037900568872
0.55,0.078125,0,0.02043802017298591
0.55,0.09375,0,0.01926883203345894
0.55,0.109375,0,0.017914074508034707
0.55,0.125,0,0.016386794652268836
0.55,0.140625,0,0.014701701006068449
0.55,0.15625,0,0.012875021942412352
0.55,0.171875,0,0.010924349379247899
0.55,0.1875,0,0.00886846935970445
0.55,0.203125,0,0.006727181132228555
0.55,0.21875,0,0.004521106472998023
0.55,0.234375,0,0.00227149108694432
0.55,0.25,0,1.4190244071419592e-18
0.55,0.265625,0,-0.0022714910869443172
0.55,0.28125,0,-0.00452110647299802
0.55,0.296875,0,-0.006727181132228551
0.55,0.3125,0,-0.008868469359704449
0.55,0.328125,0,-0.010924349379247895
0.55,0.34375,0,-0.012875021942412345
0.55,0.359375,0,-0.014701701006068447
0.55,0.375,0,-0.016386794652268832
0.55,0.390625,0,-0.017914074508034707
0.55,0.40625,0,-0.019268832033458944
0.55,0.421875,0,-0.020438020172985908
0.55,0.4375,0,-0.02141037900568872
0.55,0.453125,0,-0.022176544184463028
0.55,0.46875,0,-0.022729137119808757
0.55,0.484375,0,-0.02306283603968049
0.55,0.5,0,-0.02317442724106149
0.55,0.515625,0,-0.023062836039680495
0.55,0.53125,0,-0.022729137119808757
0.55,0.546875,0,-0.02217654418446303
0.55,0.5625,0,-0.02141037900568872
0.55,0.578125,0,-0.02043802017298591
0.55,0.59375,0,-0.019268832033458947
0.55,0.609375,0,-0.017914074508034707
0.55,0.625,0,-0.01638679465226884
0.55,0.640625,0,-0.014701701006068458
0.55,0.65625,0,-0.012875021942412348
0.55,0.671875,0,-0.0109243493792479
0.55,0.6875,0,-0.008868469359704463
0.55,0.703125,0,-0.006727181132228558
0.55,0.71875,0,-0.00452110647299803
0.55,0.734375,0,-0.0022714910869443125
0.55,0.75,0,-4.257073221425877e-18
0.55,0.765625,0,0.0022714910869443042
0.55,0.78125,0,0.004521106472998022
0.55,0.796875,0,0.006727181132228548
0.55,0.8125,0,0.008868469359704454
0.55,0.828125,0,0.010924349379247893
0.55,0.84375,0,0.012875021942412341
0.55,0.859375,0,0.014701701006068452
0.55,0.875,0,0.01638679465226883
0.55,0.890625,0,0.017914074508034696
0.55,0.90625,0,0.01926883203345894
0.55,0.921875,0,0.020438020172985908
0.55,0.9375,0,0.021410379005688714
0.55,0.953125,0,0.022176544184463028
0.55,0.96875,0,0.022729137119808753
0.55,0.984375,0,0.023062836039680495
0.55,1.0,0,0.02317442724106149
0.56,0.0,0,0.08329472545891213
0.56,0.015625,0,0.08289363858906315
0.56,0.03125,0,0.08169424066532922
0.56,0.046875,0,0.07970808254537354
0.56,0.0625,0,0.07695429201763572
0.56,0.078125,0,0.0734593895902729
0.56,0.09375,0,0.06925703308416861
0.56,0.109375,0,0.06438769348971837
0.56,0.125,0,0.05889826520906853
0.56,0.140625,0,0.05284161443738848
0.56,0.15625,0,0.046276070032511614
0.56,0.171875,0,0.03926486177614854
0.56,0.1875,0,0.031875511436524326
0.56,0.203125,0,0.024179182496839355
0.56,0.21875,0,0.01624999481202417
0.56,0.234375,0,0.008164310794018428
0.56,0.25,0,5.100330945955715e-18
0.56,0.265625,0,-0.008164310794018418
0.56,0.28125,0,-0.01624999481202416
0.56,0.296875,0,-0.02417918249683934
0.56,0.3125,0,-0.03187551143652432
0.56,0.328125,0,-0.03926486177614853
0.56,0.34375,0,-0.046276070032511586
0.56,0.359375,0,-0.05284161443738847
0.56,0.375,0,-0.058898265209068525
0.56,0.390625,0,-0.06438769348971837
0.56,0.40625,0,-0.06925703308416863
0.56,0.421875,0,-0.0734593895902729
0.56,0.4375,0,-0.07695429201763572
0.56,0.453125,0,-0.07970808254537354
0.56,0.46875,0,-0.08169424066532922
0.56,0.484375,0,-0.08289363858906314
0.56,0.5,0,-0.08329472545891213
0.56,0.515625,0,-0.08289363858906315
0.56,0.53125,0,-0.08169424066532922
0.56,0.546875,0,-0.07970808254537355
0.56,0.5625,0,-0.07695429201763572
0.56,0.578125,0,-0.0734593895902729
0.56,0.59375,0,-0.06925703308416863
0.56,0.609375,0,-0.06438769348971839
0.56,0.625,0,-0.058898265209068545
0.56,0.640625,0,-0.05284161443738851
0.56,0.65625,0,-0.0462760700325116
0.56,0.671875,0,-0.03926486177614855
0.56,0.6875,0,-0.03187551143652437
0.56,0.703125,0,-0.024179182496839365
0.56,0.71875,0,-0.016249994812024198
0.56,0.734375,0,-0.008164310794018402
0.56,0.75,0,-1.530099283786714e-17
0.56,0.765625,0,0.008164310794018371
0.56,0.78125,0,0.016249994812024167
0.56,0.796875,0,0.02417918249683933
0.56,0.8125,0,0.03187551143652434
0.56,0.828125,0,0.039264861776148526
0.56,0.84375,0,0.04627607003251157
0.56,0.859375,0,0.05284161443738849
0.56,0.875,0,0.05889826520906852
0.56,0.890625,0,0.06438769348971835
0.56,0.90625,0,0.06925703308416861
0.56,0.921875,0,0.07345938959027289
0.56,0.9375,0,0.07695429201763569
0.56,0.953125,0,0.07970808254537354
0.56,0.96875,0,0.08169424066532922
0.56,0.984375,0,0.08289363858906315
0.56,1.0,0,0.08329472545891213
0.5700000000000001,0.0,0,0.16901331540606662
0.5700000000000001,0.015625,0,0.16819947009634822
0.5700000000000001,0.03125,0,0.16576577194241868
0.5700000000000001,0.046875,0,0.1617356587878951
0.5700000000000001,0.0625,0,0.15614794282553948
0.5700000000000001,0.078125,0,0.1490564368146256
0.5700000000000001,0.09375,0,0.14052943583465002
0.5700000000000001,0.109375,0,0.1306490595663828
0.5700000000000001,0.125,0,0.1195104614344505
0.5700000000000001,0.140625,0,0.10722091222784066
0.5700000000000001,0.15625,0,0.09389876702356396
0.5700000000000001,0.171875,0,0.07967232536256295
0.5700000000000001,0.1875,0,0.06467859565499709
0.5700000000000001,0.203125,0,0.04906197571435669
0.5700000000000001,0.21875,0,0.032972862127583
0.5700000000000001,0.234375,0,0.016566201853720746
0.5700000000000001,0.25,0,1.0349080786266077e-17
0.5700000000000001,0.265625,0,-0.016566201853720725
0.5700000000000001,0.28125,0,-0.03297286212758298
0.5700000000000001,0.296875,0,-0.049061975714356665
0.5700000000000001,0.3125,0,-0.06467859565499708
0.5700000000000001,0.328125,0,-0.07967232536256293
0.5700000000000001,0.34375,0,-0.09389876702356391
0.5700000000000001,0.359375,0,-0.10722091222784065
0.5700000000000001,0.375,0,-0.11951046143445049
0.5700000000000001,0.390625,0,-0.1306490595663828
0.5700000000000001,0.40625,0,-0.14052943583465002
0.5700000000000001,0.421875,0,-0.14905643681462558
0.5700000000000001,0.4375,0,-0.15614794282553948
0.5700000000000001,0.453125,0,-0.1617356587878951
0.5700000000000001,0.46875,0,-0.16576577194241868
0.5700000000000001,0.484375,0,-0.1681994700963482
0.5700000000000001,0.5,0,-0.16901331540606662
0.5700000000000001,0.515625,0,-0.16819947009634822
0.5700000000000001,0.53125,0,-0.16576577194241868
0.5700000000000001,0.546875,0,-0.16173565878789511
0.5700000000000001,0.5625,0,-0.1561479428255395
0.5700000000000001,0.578125,0,-0.1490564368146256
0.5700000000000001,0.59375,0,-0.14052943583465005
0.5700000000000001,0.609375,0,-0.13064905956638284
0.5700000000000001,0.625,0,-0.11951046143445052
0.5700000000000001,0.640625,0,-0.10722091222784072
0.5700000000000001,0.65625,0,-0.09389876702356395
0.5700000000000001,0.671875,0,-0.07967232536256297
0.5700000000000001,0.6875,0,-0.06467859565499717
0.5700000000000001,0.703125,0,-0.04906197571435671
0.5700000000000001,0.71875,0,-0.032972862127583054
0.5700000000000001,0.734375,0,-0.016566201853720694
0.5700000000000001,0.75,0,-3.104724235879823e-17
0.5700000000000001,0.765625,0,0.01656620185372063
0.5700000000000001,0.78125,0,0.032972862127583
0.5700000000000001,0.796875,0,0.04906197571435665
0.5700000000000001,0.8125,0,0.06467859565499712
0.5700000000000001,0.828125,0,0.07967232536256291
0.5700000000000001,0.84375,0,0.0938987670235639
0.5700000000000001,0.859375,0,0.10722091222784068
0.5700000000000001,0.875,0,0.11951046143445046
0.5700000000000001,0.890625,0,0.13064905956638276
0.5700000000000001,0.90625,0,0.14052943583465002
0.5700000000000001,0.921875,0,0.14905643681462555
0.5700000000000001,0.9375,0,0.15614794282553945
0.5700000000000001,0.953125,0,0.1617356587878951
0.5700000000000001,0.96875,0,0.16576577194241865
0.5700000000000001,0.984375,0,0.16819947009634822
0.5700000000000001,1.0,0,0.16901331540606662
0.58,0.0,0,0.2644072708270508
0.58,0.015625,0,0.2631340775481601
0.58,0.03125,0,0.2593267592587619
0.58,0.046875,0,0.253021982515275
0.58,0.0625,0,0.24428046576428086
0.58,0.078125,0,0.23318639459069057
0.58,0.09375,0,0.219846610964542
0.58,0.109375,0,0.20438958429442253
0.58,0.125,0,0.18696417419683561
0.58,0.140625,0,0.1677381968967192
0.58,0.15625,0,0.1468968090654617
0.58,0.171875,0,0.12464072466093959
0.58,0.1875,0,0.10118428194238169
0.58,0.203125,0,0.07675337927576366
0.58,0.21875,0,0.05158329960905499
0.58,0.234375,0,0.025916444568811217
0.58,0.25,0,1.6190275894481754e-17
0.58,0.265625,0,-0.025916444568811182
0.58,0.28125,0,-0.05158329960905496
0.58,0.296875,0,-0.0767533792757636
0.58,0.3125,0,-0.10118428194238165
0.58,0.328125,0,-0.12464072466093956
0.58,0.34375,0,-0.1468968090654616
0.58,0.359375,0,-0.16773819689671918
0.58,0.375,0,-0.1869641741968356
0.58,0.390625,0,-0.20438958429442253
0.58,0.40625,0,-0.21984661096454203
0.58,0.421875,0,-0.23318639459069054
0.58,0.4375,0,-0.24428046576428086
0.58,0.453125,0,-0.253021982515275
0.58,0.46875,0,-0.2593267592587619
0.58,0.484375,0,-0.26313407754816004
0.58,0.5,0,-0.2644072708270508
0.58,0.515625,0,-0.2631340775481601
0.58,0.53125,0,-0.2593267592587619
0.58,0.546875,0,-0.2530219825152751
0.58,0.5625,0,-0.2442804657642809
0.58,0.578125,0,-0.23318639459069057
0.58,0.59375,0,-0.21984661096454206
0.58,0.609375,0,-0.20438958429442255
0.58,0.625,0,-0.18696417419683564
0.58,0.640625,0,-0.1677381968967193
0.58,0.65625,0,-0.14689680906546168
0.58,0.671875,0,-0.12464072466093962
0.58,0.6875,0,-0.10118428194238181
0.58,0.703125,0,-0.07675337927576369
0.58,0.71875,0,-0.05158329960905508
0.58,0.734375,0,-0.025916444568811134
0.58,0.75,0,-4.8570827683445263e-17
0.58,0.765625,0,0.025916444568811037
0.58,0.78125,0,0.051583299609054986
0.58,0.796875,0,0.07675337927576358
0.58,0.8125,0,0.10118428194238173
0.58,0.828125,0,0.12464072466093953
0.58,0.84375,0,0.14689680906546157
0.58,0.859375,0,0.16773819689671923
0.58,0.875,0,0.18696417419683556
0.58,0.890625,0,0.20438958429442242
0.58,0.90625,0,0.219846610964542
0.58,0.921875,0,0.23318639459069052
0.58,0.9375,0,0.2442804657642808
0.58,0.953125,0,0.253021982515275
0.58,0.96875,0,0.25932675925876186
0.58,0.984375,0,0.2631340775481601
0.58,1.0,0,0.2644072708270508
0.59,0.0,0,0.35952303708250916
0.59,0.015625,0,0.357791835391315
0.59,0.03125,0,0.35261490273638973
0.59,0.046875,0,0.3440420958091997
0.59,0.0625,0,0.33215597542682657
0.59,0.078125,0,0.317071011426167
0.59,0.09375,0,0.2989324802568275
0.59,0.109375,0,0.2779150658894985
0.59,0.125,0,0.25422117751382484
0.59,0.140625,0,0.22807900022726108
0.59,0.15625,0,0.19974029748784472
0.59,0.171875,0,0.16947798649446702
0.59,0.1875,0,0.13758350984505607
0.59,0.203125,0,0.10436402878504027
0.59,0.21875,0,0.07013946507664316
0.59,0.234375,0,0.03523941997742618
0.59,0.25,0,2.2014436829141502e-17
0.59,0.265625,0,-0.035239419977426134
0.59,0.28125,0,-0.0701394650766431
0.59,0.296875,0,-0.1043640287850402
0.59,0.3125,0,-0.13758350984505605
0.59,0.328125,0,-0.169477986494467
0.59,0.34375,0,-0.1997402974878446
0.59,0.359375,0,-0.22807900022726105
0.59,0.375,0,-0.2542211775138248
0.59,0.390625,0,-0.2779150658894985
0.59,0.40625,0,-0.2989324802568275
0.59,0.421875,0,-0.31707101142616695
0.59,0.4375,0,-0.33215597542682657
0.59,0.453125,0,-0.3440420958091997
0.59,0.46875,0,-0.35261490273638973
0.59,0.484375,0,-0.3577918353913149
0.59,0.5,0,-0.35952303708250916
0.59,0.515625,0,-0.357791835391315
0.59,0.53125,0,-0.35261490273638973
0.59,0.546875,0,-0.3440420958091997
0.59,0.5625,0,-0.3321559754268266
0.59,0.578125,0,-0.317071011426167
0.59,0.59375,0,-0.29893248025682756
0.59,0.609375,0,-0.27791506588949855
0.59,0.625,0,-0.2542211775138249
0.59,0.640625,0,-0.2280790002272612
0.59,0.65625,0,-0.1997402974878447
0.59,0.671875,0,-0.16947798649446705
0.59,0.6875,0,-0.13758350984505627
0.59,0.703125,0,-0.10436402878504031
0.59,0.71875,0,-0.07013946507664327
0.59,0.734375,0,-0.035239419977426065
0.59,0.75,0,-6.60433104874245e-17
0.59,0.765625,0,0.03523941997742593
0.59,0.78125,0,0.07013946507664315
0.59,0.796875,0,0.10436402878504017
0.59,0.8125,0,0.13758350984505613
0.59,0.828125,0,0.16947798649446694
0.59,0.84375,0,0.19974029748784455
0.59,0.859375,0,0.22807900022726113
0.59,0.875,0,0.2542211775138247
0.59,0.890625,0,0.2779150658894984
0.59,0.90625,0,0.2989324802568275
0.59,0.921875,0,0.31707101142616695
0.59,0.9375,0,0.3321559754268265
0.59,0.953125,0,0.3440420958091997
0.59,0.96875,0,0.35261490273638973
0.59,0.984375,0,0.357791835391315
0.59,1.0,0,0.35952303708250916
0.6,0.0,0,0.44932896411722145
0.6,0.015625,0,0.4471653223408984
0.6,0.03125,0,0.4406952340650021
0.6,0.046875,0,0.4299810097765395
0.6,0.0625,0,0.4151258333123993
0.6,0.078125,0,0.3962727681425966
0.6,0.09375,0,0.3736033795908504
0.6,0.109375,0,0.34733598626126233
0.6,0.125,0,0.3177235575108142
0.6,0.140625,0,0.28505127721617296
0.6,0.15625,0,0.24963379729706123
0.6,0.171875,0,0.21181220744626406
0.6,0.1875,0,0.1719507502494286
0.6,0.203125,0,0.1304333133298495
0.6,0.21875,0,0.08765973230080211
0.6,0.234375,0,0.04404194013001387
0.6,0.25,0,2.751346388351756e-17
0.6,0.265625,0,-0.044041940130013814
0.6,0.28125,0,-0.08765973230080204
0.6,0.296875,0,-0.13043331332984945
0.6,0.3125,0,-0.17195075024942855
0.6,0.328125,0,-0.211812207446264
0.6,0.34375,0,-0.2496337972970611
0.6,0.359375,0,-0.2850512772161729
0.6,0.375,0,-0.31772355751081416
0.6,0.390625,0,-0.34733598626126233
0.6,0.40625,0,-0.37360337959085044
0.6,0.421875,0,-0.39627276814259654
0.6,0.4375,0,-0.4151258333123993
0.6,0.453125,0,-0.4299810097765395
0.6,0.46875,0,-0.4406952340650021
0.6,0.484375,0,-0.44716532234089834
0.6,0.5,0,-0.44932896411722145
0.6,0.515625,0,-0.4471653223408984
0.6,0.53125,0,-0.4406952340650021
0.6,0.546875,0,-0.4299810097765396
0.6,0.5625,0,-0.41512583331239933
0.6,0.578125,0,-0.3962727681425966
0.6,0.59375,0,-0.3736033795908505
0.6,0.609375,0,-0.3473359862612624
0.6,0.625,0,-0.31772355751081427
0.6,0.640625,0,-0.28505127721617307
0.6,0.65625,0,-0.2496337972970612
0.6,0.671875,0,-0.2118122074462641
0.6,0.6875,0,-0.17195075024942882
0.6,0.703125,0,-0.13043331332984956
0.6,0.71875,0,-0.08765973230080225
0.6,0.734375,0,-0.04404194013001373
0.6,0.75,0,-8.254039165055268e-17
0.6,0.765625,0,0.044041940130013564
0.6,0.78125,0,0.0876597323008021
0.6,0.796875,0,0.1304333133298494
0.6,0.8125,0,0.17195075024942866
0.6,0.828125,0,0.21181220744626394
0.6,0.84375,0,0.24963379729706103
0.6,0.859375,0,0.28505127721617296
0.6,0.875,0,0.3177235575108141
0.6,0.890625,0,0.34733598626126216
0.6,0.90625,0,0.3736033795908504
0.6,0.921875,0,0.3962727681425965
0.6,0.9375,0,0.41512583331239916
0.6,0.953125,0,0.4299810097765395
0.6,0.96875,0,0.44069523406500205
0.6,0.984375,0,0.4471653223408984
0.6,1.0,0,0.44932896411722145
0.61,0.0,0,0.5316613301341575
0.61,0.015625,0,0.5291012355117382
0.61,0.03125,0,0.5214456067551841
0.61,0.046875,0,0.5087681717544134
0.61,0.0625,0,0.4911910211386743
0.61,0.078125,0,0.4688834324770444
0.61,0.09375,0,0.44206024004290345
0.61,0.109375,0,0.4109797658424409
0.61,0.125,0,0.37594133183252254
0.61,0.140625,0,0.3372823772866203
0.61,0.15625,0,0.2953752090701456
0.61,0.171875,0,0.2506234161218114
0.61,0.1875,0,0.20345798267152856
0.61,0.203125,0,0.15433313762667206
0.61,0.21875,0,0.1037219800993959
0.61,0.234375,0,0.05211192320356065
0.61,0.25,0,3.255486730896101e-17
0.61,0.265625,0,-0.05211192320356059
0.61,0.28125,0,-0.10372198009939583
0.61,0.296875,0,-0.15433313762667197
0.61,0.3125,0,-0.2034579826715285
0.61,0.328125,0,-0.2506234161218113
0.61,0.34375,0,-0.2953752090701454
0.61,0.359375,0,-0.33728237728662025
0.61,0.375,0,-0.3759413318325225
0.61,0.390625,0,-0.4109797658424409
0.61,0.40625,0,-0.4420602400429035
0.61,0.421875,0,-0.46888343247704434
0.61,0.4375,0,-0.4911910211386743
0.61,0.453125,0,-0.5087681717544134
0.61,0.46875,0,-0.5214456067551841
0.61,0.484375,0,-0.5291012355117382
0.61,0.5,0,-0.5316613301341575
0.61,0.515625,0,-0.5291012355117382
0.61,0.53125,0,-0.5214456067551841
0.61,0.546875,0,-0.5087681717544135
0.61,0.5625,0,-0.49119102113867436
0.61,0.578125,0,-0.4688834324770444
0.61,0.59375,0,-0.44206024004290356
0.61,0.609375,0,-0.41097976584244095
0.61,0.625,0,-0.3759413318325226
0.61,0.640625,0,-0.33728237728662047
0.61,0.65625,0,-0.29537520907014553
0.61,0.671875,0,-0.25062341612181144
0.61,0.6875,0,-0.20345798267152884
0.61,0.703125,0,-0.1543331376266721
0.61,0.71875,0,-0.10372198009939608
0.61,0.734375,0,-0.052111923203560485
0.61,0.75,0,-9.766460192688303e-17
0.61,0.765625,0,0.05211192320356029
0.61,0.78125,0,0.10372198009939589
0.61,0.796875,0,0.15433313762667192
0.61,0.8125,0,0.20345798267152865
0.61,0.828125,0,0.25062341612181127
0.61,0.84375,0,0.29537520907014536
0.61,0.859375,0,0.33728237728662036
0.61,0.875,0,0.37594133183252243
0.61,0.890625,0,0.4109797658424407
0.61,0.90625,0,0.44206024004290345
0.61,0.921875,0,0.4688834324770443
0.61,0.9375,0,0.4911910211386742
0.61,0.953125,0,0.5087681717544134
0.61,0.96875,0,0.521445606755184
0.61,0.984375,0,0.5291012355117382
0.61,1.0,0,0.5316613301341575
0.62,0.0,0,0.605856612003145
0.62,0.015625,0,0.6029392468188931
0.62,0.03125,0,0.5942152470876557
0.62,0.046875,0,0.5797686296958682
0.62,0.0625,0,0.5597385234663377
0.62,0.078125,0,0.5343178292716244
0.62,0.09375,0,0.5037513622931885
0.62,0.109375,0,0.468333494317363
0.62,0.125,0,0.4284053187741309
0.62,0.140625,0,0.38435136582093465
0.62,0.15625,0,0.33659589910705406
0.62,0.171875,0,0.2855988298827372
0.62,0.1875,0,0.23185128780244801
0.62,0.203125,0,0.17587089107781495
0.62,0.21875,0,0.11819676153129408
0.62,0.234375,0,0.05938433255830452
0.62,0.25,0,3.709801803159557e-17
0.62,0.265625,0,-0.05938433255830444
0.62,0.28125,0,-0.11819676153129399
0.62,0.296875,0,-0.17587089107781487
0.62,0.3125,0,-0.23185128780244796
0.62,0.328125,0,-0.28559882988273716
0.62,0.34375,0,-0.33659589910705384
0.62,0.359375,0,-0.3843513658209346
0.62,0.375,0,-0.42840531877413085
0.62,0.390625,0,-0.468333494317363
0.62,0.40625,0,-0.5037513622931886
0.62,0.421875,0,-0.5343178292716243
0.62,0.4375,0,-0.5597385234663377
0.62,0.453125,0,-0.5797686296958682
0.62,0.46875,0,-0.5942152470876557
0.62,0.484375,0,-0.6029392468188931
0.62,0.5,0,-0.605856612003145
0.62,0.515625,0,-0.6029392468188931
0.62,0.53125,0,-0.5942152470876557
0.62,0.546875,0,-0.5797686296958682
0.62,0.5625,0,-0.5597385234663377
0.62,0.578125,0,-0.5343178292716244
0.62,0.59375,0,-0.5037513622931887
0.62,0.609375,0,-0.46833349431736304
0.62,0.625,0,-0.42840531877413096
0.62,0.640625,0,-0.3843513658209349
0.62,0.65625,0,-0.33659589910705395
0.62,0.671875,0,-0.28559882988273727
0.62,0.6875,0,-0.23185128780244832
0.62,0.703125,0,-0.17587089107781503
0.62,0.71875,0,-0.11819676153129428
0.62,0.734375,0,-0.059384332558304324
0.62,0.75,0,-1.112940540947867e-16
0.62,0.765625,0,0.0593843325583041
0.62,0.78125,0,0.11819676153129406
0.62,0.796875,0,0.17587089107781478
0.62,0.8125,0,0.23185128780244812
0.62,0.828125,0,0.28559882988273705
0.62,0.84375,0,0.3365958991070538
0.62,0.859375,0,0.38435136582093476
0.62,0.875,0,0.4284053187741308
0.62,0.890625,0,0.46833349431736276
0.62,0.90625,0,0.5037513622931885
0.62,0.921875,0,0.5343178292716243
0.62,0.9375,0,0.5597385234663375
0.62,0.953125,0,0.5797686296958682
0.62,0.96875,0,0.5942152470876557
0.62,0.984375,0,0.6029392468188931
0.62,1.0,0,0.605856612003145
0.63,0.0,0,0.6719875079779414
0.63,0.015625,0,0.6687517044541583
0.63,0.03125,0,0.6590754564396133
0.63,0.046875,0,0.6430519514922616
0.63,0.0625,0,0.620835504724085
0.63,0.078125,0,0.5926400726622064
0.63,0.09375,0,0.5587371927305724
0.63,0.109375,0,0.5194533681961243
0.63,0.125,0,0.4751669237638516
0.63,0.140625,0,0.42630436210307016
0.63,0.15625,0,0.37333625639356677
0.63,0.171875,0,0.31677271844863575
0.63,0.1875,0,0.2571584860594618
0.63,0.203125,0,0.19506767687240714
0.63,0.21875,0,0.13109825932223218
0.63,0.234375,0,0.06586629386918572
0.63,0.25,0,4.114736753560962e-17
0.63,0.265625,0,-0.06586629386918563
0.63,0.28125,0,-0.1310982593222321
0.63,0.296875,0,-0.19506767687240703
0.63,0.3125,0,-0.25715848605946173
0.63,0.328125,0,-0.31677271844863564
0.63,0.34375,0,-0.37333625639356655
0.63,0.359375,0,-0.4263043621030701
0.63,0.375,0,-0.4751669237638515
0.63,0.390625,0,-0.5194533681961243
0.63,0.40625,0,-0.5587371927305725
0.63,0.421875,0,-0.5926400726622063
0.63,0.4375,0,-0.620835504724085
0.63,0.453125,0,-0.6430519514922616
0.63,0.46875,0,-0.6590754564396133
0.63,0.484375,0,-0.6687517044541583
0.63,0.5,0,-0.6719875079779414
0.63,0.515625,0,-0.6687517044541583
0.63,0.53125,0,-0.6590754564396133
0.63,0.546875,0,-0.6430519514922617
0.63,0.5625,0,-0.6208355047240851
0.63,0.578125,0,-0.5926400726622064
0.63,0.59375,0,-0.5587371927305725
0.63,0.609375,0,-0.5194533681961244
0.63,0.625,0,-0.47516692376385167
0.63,0.640625,0,-0.4263043621030704
0.63,0.65625,0,-0.37333625639356666
0.63,0.671875,0,-0.3167727184486358
0.63,0.6875,0,-0.2571584860594621
0.63,0.703125,0,-0.19506767687240723
0.63,0.71875,0,-0.1310982593222324
0.63,0.734375,0,-0.06586629386918551
0.63,0.75,0,-1.2344210260682886e-16
0.63,0.765625,0,0.06586629386918526
0.63,0.78125,0,0.13109825932223218
0.63,0.796875,0,0.19506767687240695
0.63,0.8125,0,0.2571584860594619
0.63,0.828125,0,0.3167727184486356
0.63,0.84375,0,0.37333625639356643
0.63,0.859375,0,0.4263043621030702
0.63,0.875,0,0.47516692376385145
0.63,0.890625,0,0.5194533681961241
0.63,0.90625,0,0.5587371927305724
0.63,0.921875,0,0.5926400726622062
0.63,0.9375,0,0.6208355047240849
0.63,0.953125,0,0.6430519514922616
0.63,0.96875,0,0.6590754564396132
0.63,0.984375,0,0.6687517044541583
0.63,1.0,0,0.6719875079779414
0.64,0.0,0,0.7304592996489768
0.64,0.015625,0,0.7269419384663314
0.64,0.03125,0,0.716423729029369
0.64,0.046875,0,0.699005967444806
0.64,0.0625,0,0.6748563962782186
0.64,0.078125,0,0.6442075891014396
0.64,0.09375,0,0.6073547106819235
0.64,0.109375,0,0.5646526743846829
0.64,0.125,0,0.5165127241625679
0.64,0.140625,0,0.4633984740521908
0.64,0.15625,0,0.40582144331731757
0.64,0.171875,0,0.3443361302387314
0.64,0.1875,0,0.2795346719926701
0.64,0.203125,0,0.21204114204612382
0.64,0.21875,0,0.14250553998819446
0.64,0.234375,0,0.07159753167872644
0.64,0.25,0,4.472773216112684e-17
0.64,0.265625,0,-0.07159753167872634
0.64,0.28125,0,-0.14250553998819437
0.64,0.296875,0,-0.2120411420461237
0.64,0.3125,0,-0.27953467199267
0.64,0.328125,0,-0.34433613023873133
0.64,0.34375,0,-0.4058214433173173
0.64,0.359375,0,-0.46339847405219076
0.64,0.375,0,-0.5165127241625678
0.64,0.390625,0,-0.5646526743846829
0.64,0.40625,0,-0.6073547106819236
0.64,0.421875,0,-0.6442075891014395
0.64,0.4375,0,-0.6748563962782186
0.64,0.453125,0,-0.699005967444806
0.64,0.46875,0,-0.716423729029369
0.64,0.484375,0,-0.7269419384663313
0.64,0.5,0,-0.7304592996489768
0.64,0.515625,0,-0.7269419384663314
0.64,0.53125,0,-0.716423729029369
0.64,0.546875,0,-0.6990059674448061
0.64,0.5625,0,-0.6748563962782187
0.64,0.578125,0,-0.6442075891014396
0.64,0.59375,0,-0.6073547106819236
0.64,0.609375,0,-0.564652674384683
0.64,0.625,0,-0.5165127241625679
0.64,0.640625,0,-0.4633984740521911
0.64,0.65625,0,-0.40582144331731745
0.64,0.671875,0,-0.3443361302387315
0.64,0.6875,0,-0.27953467199267046
0.64,0.703125,0,-0.2120411420461239
0.64,0.71875,0,-0.1425055399881947
0.64,0.734375,0,-0.0715975316787262
0.64,0.75,0,-1.3418319648338051e-16
0.64,0.765625,0,0.07159753167872594
0.64,0.78125,0,0.14250553998819446
0.64,0.796875,0,0.21204114204612362
0.64,0.8125,0,0.27953467199267024
0.64,0.828125,0,0.3443361302387312
0.64,0.84375,0,0.40582144331731723
0.64,0.859375,0,0.4633984740521909
0.64,0.875,0,0.5165127241625677
0.64,0.890625,0,0.5646526743846827
0.64,0.90625,0,0.6073547106819235
0.64,0.921875,0,0.6442075891014394
0.64,0.9375,0,0.6748563962782185
0.64,0.953125,0,0.699005967444806
0.64,0.96875,0,0.716423729029369
0.64,0.984375,0,0.7269419384663314
0.64,1.0,0,0.7304592996489768
0.65,0.0,0,0.7818019384516087
0.65,0.015625,0,0.7780373484297579
0.65,0.03125,0,0.7667798334240502
0.65,0.046875,0,0.7481378094579741
0.65,0.0625,0,0.72229080941309
0.65,0.078125,0,0.6894877540292377
0.65,0.09375,0,0.6500445546617374
0.65,0.109375,0,0.6043410708823447
0.65,0.125,0,0.5528174522239204
0.65,0.140625,0,0.49596989929982027
0.65,0.15625,0,0.434345885120737
0.65,0.171875,0,0.3685388826303279
0.65,0.1875,0,0.29918264923634236
0.65,0.203125,0,0.22694512338033826
0.65,0.21875,0,0.15252199192535768
0.65,0.234375,0,0.07662999031113396
0.65,0.25,0,4.7871562074597935e-17
0.65,0.265625,0,-0.07662999031113386
0.65,0.28125,0,-0.1525219919253576
0.65,0.296875,0,-0.22694512338033812
0.65,0.3125,0,-0.29918264923634225
0.65,0.328125,0,-0.36853888263032786
0.65,0.34375,0,-0.43434588512073674
0.65,0.359375,0,-0.4959698992998202
0.65,0.375,0,-0.5528174522239203
0.65,0.390625,0,-0.6043410708823447
0.65,0.40625,0,-0.6500445546617375
0.65,0.421875,0,-0.6894877540292376
0.65,0.4375,0,-0.72229080941309
0.65,0.453125,0,-0.7481378094579741
0.65,0.46875,0,-0.7667798334240502
0.65,0.484375,0,-0.7780373484297579
0.65,0.5,0,-0.7818019384516087
0.65,0.515625,0,-0.7780373484297579
0.65,0.53125,0,-0.7667798334240502
0.65,0.546875,0,-0.7481378094579741
0.65,0.5625,0,-0.7222908094130901
0.65,0.578125,0,-0.6894877540292377
0.65,0.59375,0,-0.6500445546617376
0.65,0.609375,0,-0.6043410708823448
0.65,0.625,0,-0.5528174522239205
0.65,0.640625,0,-0.49596989929982055
0.65,0.65625,0,-0.43434588512073696
0.65,0.671875,0,-0.368538882630328
0.65,0.6875,0,-0.29918264923634275
0.65,0.703125,0,-0.22694512338033834
0.65,0.71875,0,-0.15252199192535795
0.65,0.734375,0,-0.07662999031113371
0.65,0.75,0,-1.436146862237938e-16
0.65,0.765625,0,0.07662999031113343
0.65,0.78125,0,0.15252199192535768
0.65,0.796875,0,0.22694512338033804
0.65,0.8125,0,0.29918264923634247
0.65,0.828125,0,0.36853888263032775
0.65,0.84375,0,0.4343458851207367
0.65,0.859375,0,0.4959698992998204
0.65,0.875,0,0.5528174522239202
0.65,0.890625,0,0.6043410708823445
0.65,0.90625,0,0.6500445546617374
0.65,0.921875,0,0.6894877540292375
0.65,0.9375,0,0.7222908094130899
0.65,0.953125,0,0.7481378094579741
0.65,0.96875,0,0.7667798334240501
0.65,0.984375,0,0.7780373484297579
0.65,1.0,0,0.7818019384516087
0.66,0.0,0,0.8265654376242381
0.66,0.015625,0,0.8225852991187622
0.66,0.03125,0,0.8106832145119072
0.66,0.046875,0,0.7909738073847785
0.66,0.0625,0,0.7636468901022682
0.66,0.078125,0,0.7289656358162194
0.66,0.09375,0,0.6872640439641089
0.66,0.109375,0,0.6389437236718813
0.66,0.125,0,0.584470026038525
0.66,0.140625,0,0.5243675625506012
0.66,0.15625,0,0.4592151527868475
0.66,0.171875,0,0.38964025006921865
0.66,0.1875,0,0.316312898744396
0.66,0.203125,0,0.23993928129044537
0.66,0.21875,0,0.16125491739351464
0.66,0.234375,0,0.08101758049117976
0.66,0.25,0,5.061253587361772e-17
0.66,0.265625,0,-0.08101758049117964
0.66,0.28125,0,-0.16125491739351452
0.66,0.296875,0,-0.23993928129044523
0.66,0.3125,0,-0.3163128987443959
0.66,0.328125,0,-0.38964025006921854
0.66,0.34375,0,-0.4592151527868472
0.66,0.359375,0,-0.5243675625506011
0.66,0.375,0,-0.5844700260385249
0.66,0.390625,0,-0.6389437236718813
0.66,0.40625,0,-0.687264043964109
0.66,0.421875,0,-0.7289656358162193
0.66,0.4375,0,-0.7636468901022682
0.66,0.453125,0,-0.7909738073847785
0.66,0.46875,0,-0.8106832145119072
0.66,0.484375,0,-0.8225852991187621
0.66,0.5,0,-0.8265654376242381
0.66,0.515625,0,-0.8225852991187622
0.66,0.53125,0,-0.8106832145119072
0.66,0.546875,0,-0.7909738073847786
0.66,0.5625,0,-0.7636468901022683
0.66,0.578125,0,-0.7289656358162194
0.66,0.59375,0,-0.687264043964109
0.66,0.609375,0,-0.6389437236718815
0.66,0.625,0,-0.5844700260385252
0.66,0.640625,0,-0.5243675625506016
0.66,0.65625,0,-0.4592151527868474
0.66,0.671875,0,-0.38964025006921876
0.66,0.6875,0,-0.3163128987443964
0.66,0.703125,0,-0.23993928129044545
0.66,0.71875,0,-0.1612549173935149
0.66,0.734375,0,-0.08101758049117949
0.66,0.75,0,-1.5183760762085315e-16
0.66,0.765625,0,0.08101758049117919
0.66,0.78125,0,0.1612549173935146
0.66,0.796875,0,0.23993928129044514
0.66,0.8125,0,0.3163128987443961
0.66,0.828125,0,0.3896402500692185
0.66,0.84375,0,0.4592151527868471
0.66,0.859375,0,0.5243675625506014
0.66,0.875,0,0.5844700260385248
0.66,0.890625,0,0.6389437236718811
0.66,0.90625,0,0.6872640439641089
0.66,0.921875,0,0.7289656358162192
0.66,0.9375,0,0.763646890102268
0.66,0.953125,0,0.7909738073847785
0.66,0.96875,0,0.8106832145119071
0.66,0.984375,0,0.8225852991187622
0.66,1.0,0,0.8265654376242381
0.67,0.0,0,0.8652692680209838
0.67,0.015625,0,0.8611027599933146
0.67,0.03125,0,0.8486433616602586
0.67,0.046875,0,0.8280110638387628
0.67,0.0625,0,0.7994045668356098
0.67,0.078125,0,0.7630993668548417
0.67,0.09375,0,0.7194451028187145
0.67,0.109375,0,0.6688621891537443
0.67,0.125,0,0.611837766969958
0.67,0.140625,0,0.5489210126257055
0.67,0.15625,0,0.48071784885911867
0.67,0.171875,0,0.40788510942091144
0.67,0.1875,0,0.33112421340629894
0.67,0.203125,0,0.25117441020567616
0.67,0.21875,0,0.16880566012887338
0.67,0.234375,0,0.0848112192664691
0.67,0.25,0,5.2982461974123553e-17
0.67,0.265625,0,-0.08481121926646899
0.67,0.28125,0,-0.16880566012887327
0.67,0.296875,0,-0.251174410205676
0.67,0.3125,0,-0.33112421340629883
0.67,0.328125,0,-0.4078851094209114
0.67,0.34375,0,-0.4807178488591184
0.67,0.359375,0,-0.5489210126257054
0.67,0.375,0,-0.6118377669699578
0.67,0.390625,0,-0.6688621891537443
0.67,0.40625,0,-0.7194451028187147
0.67,0.421875,0,-0.7630993668548416
0.67,0.4375,0,-0.7994045668356098
0.67,0.453125,0,-0.8280110638387628
0.67,0.46875,0,-0.8486433616602586
0.67,0.484375,0,-0.8611027599933145
0.67,0.5,0,-0.8652692680209838
0.67,0.515625,0,-0.8611027599933146
0.67,0.53125,0,-0.8486433616602586
0.67,0.546875,0,-0.8280110638387629
0.67,0.5625,0,-0.7994045668356099
0.67,0.578125,0,-0.7630993668548417
0.67,0.59375,0,-0.7194451028187147
0.67,0.609375,0,-0.6688621891537444
0.67,0.625,0,-0.6118377669699581
0.67,0.640625,0,-0.5489210126257058
0.67,0.65625,0,-0.48071784885911856
0.67,0.671875,0,-0.40788510942091155
0.67,0.6875,0,-0.3311242134062994
0.67,0.703125,0,-0.25117441020567627
0.67,0.71875,0,-0.16880566012887366
0.67,0.734375,0,-0.08481121926646883
0.67,0.75,0,-1.5894738592237066e-16
0.67,0.765625,0,0.08481121926646851
0.67,0.78125,0,0.16880566012887335
0.67,0.796875,0,0.25117441020567594
0.67,0.8125,0,0.3311242134062991
0.67,0.828125,0,0.4078851094209113
0.67,0.84375,0,0.4807178488591183
0.67,0.859375,0,0.5489210126257056
0.67,0.875,0,0.6118377669699578
0.67,0.890625,0,0.668862189153744
0.67,0.90625,0,0.7194451028187145
0.67,0.921875,0,0.7630993668548416
0.67,0.9375,0,0.7994045668356096
0.67,0.953125,0,0.8280110638387628
0.67,0.96875,0,0.8486433616602584
0.67,0.984375,0,0.8611027599933146
0.67,1.0,0,0.8652692680209838
0.68,0.0,0,0.8983797788082359
0.68,0.015625,0,0.894053834621103
0.68,0.03125,0,0.8811176632670278
0.68,0.046875,0,0.8596958471477808
0.68,0.0625,0,0.8299946900629462
0.68,0.078125,0,0.792300230391555
0.68,0.09375,0,0.7469754863861303
0.68,0.109375,0,0.6944569601084698
0.68,0.125,0,0.6352504336761743
0.68,0.140625,0,0.5699260983043662
0.68,0.15625,0,0.4991130630525904
0.68,0.171875,0,0.4234932961606641
0.68,0.1875,0,0.34379505732172594
0.68,0.203125,0,0.260785884143284
0.68,0.21875,0,0.17526520034047688
0.68,0.234375,0,0.08805661684868663
0.68,0.25,0,5.5009896026810665e-17
0.68,0.265625,0,-0.08805661684868651
0.68,0.28125,0,-0.17526520034047677
0.68,0.296875,0,-0.26078588414328385
0.68,0.3125,0,-0.3437950573217258
0.68,0.328125,0,-0.423493296160664
0.68,0.34375,0,-0.4991130630525901
0.68,0.359375,0,-0.5699260983043661
0.68,0.375,0,-0.6352504336761742
0.68,0.390625,0,-0.6944569601084698
0.68,0.40625,0,-0.7469754863861304
0.68,0.421875,0,-0.7923002303915548
0.68,0.4375,0,-0.8299946900629462
0.68,0.453125,0,-0.8596958471477808
0.68,0.46875,0,-0.8811176632670278
0.68,0.484375,0,-0.8940538346211029
0.68,0.5,0,-0.8983797788082359
0.68,0.515625,0,-0.894053834621103
0.68,0.53125,0,-0.8811176632670278
0.68,0.546875,0,-0.8596958471477809
0.68,0.5625,0,-0.8299946900629463
0.68,0.578125,0,-0.792300230391555
0.68,0.59375,0,-0.7469754863861304
0.68,0.609375,0,-0.6944569601084699
0.68,0.625,0,-0.6352504336761744
0.68,0.640625,0,-0.5699260983043665
0.68,0.65625,0,-0.4991130630525903
0.68,0.671875,0,-0.4234932961606642
0.68,0.6875,0,-0.3437950573217264
0.68,0.703125,0,-0.26078588414328413
0.68,0.71875,0,-0.17526520034047718
0.68,0.734375,0,-0.08805661684868633
0.68,0.75,0,-1.65029688080432e-16
0.68,0.765625,0,0.08805661684868601
0.68,0.78125,0,0.17526520034047688
0.68,0.796875,0,0.2607858841432838
0.68,0.8125,0,0.34379505732172605
0.68,0.828125,0,0.42349329616066395
0.68,0.84375,0,0.49911306305259
0.68,0.859375,0,0.5699260983043662
0.68,0.875,0,0.6352504336761741
0.68,0.890625,0,0.6944569601084696
0.68,0.90625,0,0.7469754863861303
0.68,0.921875,0,0.7923002303915548
0.68,0.9375,0,0.829994690062946
0.68,0.953125,0,0.8596958471477808
0.68,0.96875,0,0.8811176632670277
0.68,0.984375,0,0.894053834621103
0.68,1.0,0,0.8983797788082359
0.6900000000000001,0.0,0,0.9263019441192857
0.6900000000000001,0.015625,0,0.9218415470742759
0.6900000000000001,0.03125,0,0.9085033120010911
0.6900000000000001,0.046875,0,0.886415693394907
0.6900000000000001,0.0625,0,0.8557914070972217
0.6900000000000001,0.078125,0,0.8169253817260198
0.6900000000000001,0.09375,0,0.7701919183519564
0.6900000000000001,0.109375,0,0.7160410857744337
0.6900000000000001,0.125,0,0.6549943861130294
0.6900000000000001,0.140625,0,0.5876397324570033
0.6900000000000001,0.15625,0,0.5146257869408621
0.6900000000000001,0.171875,0,0.43665571377340906
0.6900000000000001,0.1875,0,0.3544804073820239
0.6900000000000001,0.203125,0,0.26889126088884785
0.6900000000000001,0.21875,0,0.18071254456239716
0.6900000000000001,0.234375,0,0.09079346764428499
0.6900000000000001,0.25,0,5.671963554548268e-17
0.6900000000000001,0.265625,0,-0.09079346764428486
0.6900000000000001,0.28125,0,-0.18071254456239702
0.6900000000000001,0.296875,0,-0.2688912608888477
0.6900000000000001,0.3125,0,-0.3544804073820238
0.6900000000000001,0.328125,0,-0.43665571377340895
0.6900000000000001,0.34375,0,-0.5146257869408618
0.6900000000000001,0.359375,0,-0.5876397324570032
0.6900000000000001,0.375,0,-0.6549943861130293
0.6900000000000001,0.390625,0,-0.7160410857744337
0.6900000000000001,0.40625,0,-0.7701919183519564
0.6900000000000001,0.421875,0,-0.8169253817260197
0.6900000000000001,0.4375,0,-0.8557914070972217
0.6900000000000001,0.453125,0,-0.886415693394907
0.6900000000000001,0.46875,0,-0.9085033120010911
0.6900000000000001,0.484375,0,-0.9218415470742759
0.6900000000000001,0.5,0,-0.9263019441192857
0.6900000000000001,0.515625,0,-0.9218415470742759
0.6900000000000001,0.53125,0,-0.9085033120010911
0.6900000000000001,0.546875,0,-0.8864156933949071
0.6900000000000001,0.5625,0,-0.8557914070972218
0.6900000000000001,0.578125,0,-0.8169253817260198
0.6900000000000001,0.59375,0,-0.7701919183519566
0.6900000000000001,0.609375,0,-0.7160410857744338
0.6900000000000001,0.625,0,-0.6549943861130295
0.6900000000000001,0.640625,0,-0.5876397324570036
0.6900000000000001,0.65625,0,-0.514625786940862
0.6900000000000001,0.671875,0,-0.43665571377340917
0.6900000000000001,0.6875,0,-0.35448040738202435
0.6900000000000001,0.703125,0,-0.26889126088884796
0.6900000000000001,0.71875,0,-0.18071254456239746
0.6900000000000001,0.734375,0,-0.09079346764428468
0.6900000000000001,0.75,0,-1.7015890663644803e-16
0.6900000000000001,0.765625,0,0.09079346764428435
0.6900000000000001,0.78125,0,0.18071254456239713
0.6900000000000001,0.796875,0,0.26889126088884757
0.6900000000000001,0.8125,0,0.354480407382024
0.6900000000000001,0.828125,0,0.43665571377340884
0.6900000000000001,0.84375,0,0.5146257869408618
0.6900000000000001,0.859375,0,0.5876397324570034
0.6900000000000001,0.875,0,0.6549943861130292
0.6900000000000001,0.890625,0,0.7160410857744334
0.6900000000000001,0.90625,0,0.7701919183519564
0.6900000000000001,0.921875,0,0.8169253817260196
0.6900000000000001,0.9375,0,0.8557914070972215
0.6900000000000001,0.953125,0,0.886415693394907
0.6900000000000001,0.96875,0,0.908503312001091
0.6900000000000001,0.984375,0,0.9218415470742759
0.6900000000000001,1.0,0,0.9263019441192857
0.7000000000000001,0.0,0,0.949378183909132
0.7000000000000001,0.015625,0,0.9448066684621562
0.7000000000000001,0.03125,0,0.9311361483140277
0.7000000000000001,0.046875,0,0.9084982780468395
0.7000000000000001,0.0625,0,0.8771110727263832
0.7000000000000001,0.078125,0,0.8372768082978869
0.7000000000000001,0.09375,0,0.7893791105034205
0.7000000000000001,0.109375,0,0.73387926035629
0.7000000000000001,0.125,0,0.6713117517527165
0.7000000000000001,0.140625,0,0.6022791440034316
0.7000000000000001,0.15625,0,0.5274462588581232
0.7000000000000001,0.171875,0,0.44753377790855686
0.7000000000000001,0.1875,0,0.36331130203088213
0.7000000000000001,0.203125,0,0.27558993970848994
0.7000000000000001,0.21875,0,0.18521449561391967
0.7000000000000001,0.234375,0,0.09305533467804494
0.7000000000000001,0.25,0,5.813264770523228e-17
0.7000000000000001,0.265625,0,-0.09305533467804482
0.7000000000000001,0.28125,0,-0.18521449561391953
0.7000000000000001,0.296875,0,-0.27558993970848983
0.7000000000000001,0.3125,0,-0.363311302030882
0.7000000000000001,0.328125,0,-0.44753377790855675
0.7000000000000001,0.34375,0,-0.527446258858123
0.7000000000000001,0.359375,0,-0.6022791440034315
0.7000000000000001,0.375,0,-0.6713117517527164
0.7000000000000001,0.390625,0,-0.73387926035629
0.7000000000000001,0.40625,0,-0.7893791105034206
0.7000000000000001,0.421875,0,-0.8372768082978868
0.7000000000000001,0.4375,0,-0.8771110727263832
0.7000000000000001,0.453125,0,-0.9084982780468395
0.7000000000000001,0.46875,0,-0.9311361483140277
0.7000000000000001,0.484375,0,-0.9448066684621561
0.7000000000000001,0.5,0,-0.949378183909132
0.7000000000000001,0.515625,0,-0.9448066684621562
0.7000000000000001,0.53125,0,-0.9311361483140277
0.7000000000000001,0.546875,0,-0.9084982780468396
0.7000000000000001,0.5625,0,-0.8771110727263833
0.7000000000000001,0.578125,0,-0.8372768082978869
0.7000000000000001,0.59375,0,-0.7893791105034207
0.7000000000000001,0.609375,0,-0.7338792603562901
0.7000000000000001,0.625,0,-0.6713117517527166
0.7000000000000001,0.640625,0,-0.602279144003432
0.7000000000000001,0.65625,0,-0.5274462588581231
0.7000000000000001,0.671875,0,-0.4475337779085569
0.7000000000000001,0.6875,0,-0.3633113020308826
0.7000000000000001,0.703125,0,-0.27558993970849005
0.7000000000000001,0.71875,0,-0.18521449561391998
0.7000000000000001,0.734375,0,-0.09305533467804464
0.7000000000000001,0.75,0,-1.7439794311569685e-16
0.7000000000000001,0.765625,0,0.09305533467804429
0.7000000000000001,0.78125,0,0.18521449561391964
0.7000000000000001,0.796875,0,0.2755899397084897
0.7000000000000001,0.8125,0,0.3633113020308823
0.7000000000000001,0.828125,0,0.44753377790855664
0.7000000000000001,0.84375,0,0.5274462588581229
0.7000000000000001,0.859375,0,0.6022791440034317
0.7000000000000001,0.875,0,0.6713117517527163
0.7000000000000001,0.890625,0,0.7338792603562897
0.7000000000000001,0.90625,0,0.7893791105034205
0.7000000000000001,0.921875,0,0.8372768082978866
0.7000000000000001,0.9375,0,0.877111072726383
0.7000000000000001,0.953125,0,0.9084982780468395
0.7000000000000001,0.96875,0,0.9311361483140276
0.7000000000000001,0.984375,0,0.9448066684621562
0.7000000000000001,1.0,0,0.949378183909132
0.71,0.0,0,0.9678904108997807
0.71,0.015625,0,0.9632297540199386
0.71,0.03125,0,0.9492926680539393
0.71,0.046875,0,0.9262133747584217
0.71,0.0625,0,0.8942141403442466
0.71,0.078125,0,0.8536031349313835
0.71,0.09375,0,0.8047714647021919
0.71,0.109375,0,0.7481894053350853
0.71,0.125,0,0.6844018729926689
0.71,0.140625,0,0.6140231764812122
0.71,0.15625,0,0.5377311011210297
0.71,0.171875,0,0.4562603813033308
0.71,0.1875,0,0.37039562459638525
0.71,0.203125,0,0.2809637555457318
0.71,0.21875,0,0.18882605193876098
0.71,0.234375,0,0.09486985022880004
0.71,0.25,0,5.926619468169165e-17
0.71,0.265625,0,-0.09486985022879992
0.71,0.28125,0,-0.18882605193876084
0.71,0.296875,0,-0.2809637555457316
0.71,0.3125,0,-0.37039562459638514
0.71,0.328125,0,-0.4562603813033307
0.71,0.34375,0,-0.5377311011210294
0.71,0.359375,0,-0.6140231764812121
0.71,0.375,0,-0.6844018729926687
0.71,0.390625,0,-0.7481894053350853
0.71,0.40625,0,-0.804771464702192
0.71,0.421875,0,-0.8536031349313834
0.71,0.4375,0,-0.8942141403442466
0.71,0.453125,0,-0.9262133747584217
0.71,0.46875,0,-0.9492926680539393
0.71,0.484375,0,-0.9632297540199385
0.71,0.5,0,-0.9678904108997807
0.71,0.515625,0,-0.9632297540199386
0.71,0.53125,0,-0.9492926680539393
0.71,0.546875,0,-0.9262133747584218
0.71,0.5625,0,-0.8942141403442467
0.71,0.578125,0,-0.8536031349313835
0.71,0.59375,0,-0.8047714647021921
0.71,0.609375,0,-0.7481894053350854
0.71,0.625,0,-0.684401872992669
0.71,0.640625,0,-0.6140231764812125
0.71,0.65625,0,-0.5377311011210296
0.71,0.671875,0,-0.4562603813033309
0.71,0.6875,0,-0.3703956245963857
0.71,0.703125,0,-0.2809637555457319
0.71,0.71875,0,-0.1888260519387613
0.71,0.734375,0,-0.09486985022879973
0.71,0.75,0,-1.777985840450749e-16
0.71,0.765625,0,0.09486985022879937
0.71,0.78125,0,0.18882605193876095
0.71,0.796875,0,0.2809637555457315
0.71,0.8125,0,0.37039562459638536
0.71,0.828125,0,0.4562603813033306
0.71,0.84375,0,0.5377311011210293
0.71,0.859375,0,0.6140231764812123
0.71,0.875,0,0.6844018729926686
0.71,0.890625,0,0.7481894053350849
0.71,0.90625,0,0.8047714647021919
0.71,0.921875,0,0.8536031349313833
0.71,0.9375,0,0.8942141403442464
0.71,0.953125,0,0.9262133747584217
0.71,0.96875,0,0.9492926680539392
0.71,0.984375,0,0.9632297540199386
0.71,1.0,0,0.9678904108997807
0.72,0.0,0,0.9820632655381242
0.72,0.015625,0,0.9773343624893632
0.72,0.03125,0,0.9631931952645213
0.72,0.046875,0,0.9397759510343219
0.72,0.0625,0,0.9073081506618698
0.72,0.078125,0,0.8661024768134568
0.72,0.09375,0,0.8165557626535557
0.72,0.109375,0,0.7591451701245153
0.72,0.125,0,0.6944235946162127
0.72,0.140625,0,0.6230143402812048
0.72,0.15625,0,0.5456051172750072
0.72,0.171875,0,0.46294141873135514
0.72,0.1875,0,0.375819341255798
0.72,0.203125,0,0.2850779180801977
0.72,0.21875,0,0.19159103871404318
0.72,0.234375,0,0.09625903291075702
0.72,0.25,0,6.013403173507305e-17
0.72,0.265625,0,-0.0962590329107569
0.72,0.28125,0,-0.19159103871404307
0.72,0.296875,0,-0.28507791808019756
0.72,0.3125,0,-0.3758193412557979
0.72,0.328125,0,-0.462941418731355
0.72,0.34375,0,-0.5456051172750068
0.72,0.359375,0,-0.6230143402812047
0.72,0.375,0,-0.6944235946162126
0.72,0.390625,0,-0.7591451701245153
0.72,0.40625,0,-0.8165557626535558
0.72,0.421875,0,-0.8661024768134568
0.72,0.4375,0,-0.9073081506618698
0.72,0.453125,0,-0.9397759510343219
0.72,0.46875,0,-0.9631931952645213
0.72,0.484375,0,-0.9773343624893631
0.72,0.5,0,-0.9820632655381242
0.72,0.515625,0,-0.9773343624893632
0.72,0.53125,0,-0.9631931952645213
0.72,0.546875,0,-0.939775951034322
0.72,0.5625,0,-0.9073081506618699
0.72,0.578125,0,-0.8661024768134568
0.72,0.59375,0,-0.8165557626535559
0.72,0.609375,0,-0.7591451701245154
0.72,0.625,0,-0.6944235946162128
0.72,0.640625,0,-0.6230143402812052
0.72,0.65625,0,-0.545605117275007
0.72,0.671875,0,-0.46294141873135525
0.72,0.6875,0,-0.37581934125579847
0.72,0.703125,0,-0.28507791808019783
0.72,0.71875,0,-0.1915910387140435
0.72,0.734375,0,-0.0962590329107567
0.72,0.75,0,-1.8040209520521913e-16
0.72,0.765625,0,0.09625903291075635
0.72,0.78125,0,0.19159103871404315
0.72,0.796875,0,0.28507791808019745
0.72,0.8125,0,0.3758193412557982
0.72,0.828125,0,0.4629414187313549
0.72,0.84375,0,0.5456051172750068
0.72,0.859375,0,0.623014340281205
0.72,0.875,0,0.6944235946162125
0.72,0.890625,0,0.759145170124515
0.72,0.90625,0,0.8165557626535557
0.72,0.921875,0,0.8661024768134566
0.72,0.9375,0,0.9073081506618697
0.72,0.953125,0,0.9397759510343219
0.72,0.96875,0,0.9631931952645212
0.72,0.984375,0,0.9773343624893632
0.72,1.0,0,0.9820632655381242
0.73,0.0,0,0.9920674686338736
0.73,0.015625,0,0.9872903926127798
0.73,0.03125,0,0.9730051704029967
0.73,0.046875,0,0.9493493765035016
0.73,0.0625,0,0.9165508291411187
0.73,0.078125,0,0.8749253962564579
0.73,0.09375,0,0.8248739535229743
0.73,0.109375,0,0.7668785236950935
0.73,0.125,0,0.7014976344655847
0.73,0.140625,0,0.6293609395385574
0.73,0.15625,0,0.5511631547200881
0.73,0.171875,0,0.46765736742523595
0.73,0.1875,0,0.37964778403455685
0.73,0.203125,0,0.2879819849470354
0.73,0.21875,0,0.1935427619175077
0.73,0.234375,0,0.09723961628947853
0.73,0.25,0,6.074661250003453e-17
0.73,0.265625,0,-0.0972396162894784
0.73,0.28125,0,-0.19354276191750755
0.73,0.296875,0,-0.28798198494703525
0.73,0.3125,0,-0.37964778403455673
0.73,0.328125,0,-0.46765736742523584
0.73,0.34375,0,-0.5511631547200878
0.73,0.359375,0,-0.6293609395385573
0.73,0.375,0,-0.7014976344655846
0.73,0.390625,0,-0.7668785236950935
0.73,0.40625,0,-0.8248739535229744
0.73,0.421875,0,-0.8749253962564578
0.73,0.4375,0,-0.9165508291411187
0.73,0.453125,0,-0.9493493765035016
0.73,0.46875,0,-0.9730051704029967
0.73,0.484375,0,-0.9872903926127797
0.73,0.5,0,-0.9920674686338736
0.73,0.515625,0,-0.9872903926127798
0.73,0.53125,0,-0.9730051704029967
0.73,0.546875,0,-0.9493493765035017
0.73,0.5625,0,-0.9165508291411189
0.73,0.578125,0,-0.8749253962564579
0.73,0.59375,0,-0.8248739535229745
0.73,0.609375,0,-0.7668785236950936
0.73,0.625,0,-0.7014976344655848
0.73,0.640625,0,-0.6293609395385578
0.73,0.65625,0,-0.551163154720088
0.73,0.671875,0,-0.46765736742523606
0.73,0.6875,0,-0.37964778403455735
0.73,0.703125,0,-0.28798198494703553
0.73,0.71875,0,-0.19354276191750802
0.73,0.734375,0,-0.0972396162894782
0.73,0.75,0,-1.8223983750010357e-16
0.73,0.765625,0,0.09723961628947785
0.73,0.78125,0,0.19354276191750766
0.73,0.796875,0,0.28798198494703514
0.73,0.8125,0,0.379647784034557
0.73,0.828125,0,0.4676573674252357
0.73,0.84375,0,0.5511631547200877
0.73,0.859375,0,0.6293609395385575
0.73,0.875,0,0.7014976344655844
0.73,0.890625,0,0.7668785236950932
0.73,0.90625,0,0.8248739535229743
0.73,0.921875,0,0.8749253962564577
0.73,0.9375,0,0.9165508291411185
0.73,0.953125,0,0.9493493765035016
0.73,0.96875,0,0.9730051704029966
0.73,0.984375,0,0.9872903926127798
0.73,1.0,0,0.9920674686338736
0.74,0.0,0,0.9980227391519906
0.74,0.015625,0,0.993216986875611
0.74,0.03125,0,0.9788460120679852
0.74,0.046875,0,0.9550482150724845
0.74,0.0625,0,0.9220527816833749
0.74,0.078125,0,0.8801774759613321
0.74,0.09375,0,0.8298255799918298
0.74,0.109375,0,0.7714820100582008
0.74,0.125,0,0.7057086466327455
0.74,0.140625,0,0.6331389231606286
0.74,0.15625,0,0.5544717257495332
0.74,0.171875,0,0.47046466251439234
0.74,0.1875,0,0.38192676739709247
0.74,0.203125,0,0.28971070872735005
0.74,0.21875,0,0.1947045775605803
0.74,0.234375,0,0.09782333487555328
0.74,0.25,0,6.111126764893795e-17
0.74,0.265625,0,-0.09782333487555316
0.74,0.28125,0,-0.19470457756058016
0.74,0.296875,0,-0.2897107087273499
0.74,0.3125,0,-0.38192676739709236
0.74,0.328125,0,-0.47046466251439223
0.74,0.34375,0,-0.5544717257495329
0.74,0.359375,0,-0.6331389231606285
0.74,0.375,0,-0.7057086466327454
0.74,0.390625,0,-0.7714820100582008
0.74,0.40625,0,-0.8298255799918299
0.74,0.421875,0,-0.880177475961332
0.74,0.4375,0,-0.9220527816833749
0.74,0.453125,0,-0.9550482150724845
0.74,0.46875,0,-0.9788460120679852
0.74,0.484375,0,-0.9932169868756109
0.74,0.5,0,-0.9980227391519906
0.74,0.515625,0,-0.993216986875611
0.74,0.53125,0,-0.9788460120679852
0.74,0.546875,0,-0.9550482150724846
0.74,0.5625,0,-0.922052781683375
0.74,0.578125,0,-0.8801774759613321
0.74,0.59375,0,-0.82982557999183
0.74,0.609375,0,-0.7714820100582009
0.74,0.625,0,-0.7057086466327456
0.74,0.640625,0,-0.6331389231606289
0.74,0.65625,0,-0.5544717257495331
0.74,0.671875,0,-0.47046466251439245
0.74,0.6875,0,-0.38192676739709297
0.74,0.703125,0,-0.28971070872735016
0.74,0.71875,0,-0.19470457756058063
0.74,0.734375,0,-0.09782333487555296
0.74,0.75,0,-1.8333380294681384e-16
0.74,0.765625,0,0.0978233348755526
0.74,0.78125,0,0.19470457756058027
0.74,0.796875,0,0.2897107087273498
0.74,0.8125,0,0.38192676739709264
0.74,0.828125,0,0.4704646625143921
0.74,0.84375,0,0.5544717257495327
0.74,0.859375,0,0.6331389231606287
0.74,0.875,0,0.7057086466327452
0.74,0.890625,0,0.7714820100582005
0.74,0.90625,0,0.8298255799918298
0.74,0.921875,0,0.8801774759613319
0.74,0.9375,0,0.9220527816833747
0.74,0.953125,0,0.9550482150724845
0.74,0.96875,0,0.978846012067985
0.74,0.984375,0,0.993216986875611
0.74,1.0,0,0.9980227391519906
0.75,0.0,0,1.0
0.75,0.015625,0,0.9951847266721969
0.75,0.03125,0,0.9807852804032304
0.75,0.046875,0,0.9569403357322088
0.75,0.0625,0,0.9238795325112867
0.75,0.078125,0,0.881921264348355
0.75,0.09375,0,0.8314696123025452
0.75,0.109375,0,0.773010453362737
0.75,0.125,0,0.7071067811865476
0.75,0.140625,0,0.6343932841636455
0.75,0.15625,0,0.5555702330196023
0.75,0.171875,0,0.4713967368259978
0.75,0.1875,0,0.38268343236508984
0.75,0.203125,0,0.29028467725446233
0.75,0.21875,0,0.19509032201612833
0.75,0.234375,0,0.09801714032956077
0.75,0.25,0,6.123233995736766e-17
0.75,0.265625,0,-0.09801714032956065
0.75,0.28125,0,-0.1950903220161282
0.75,0.296875,0,-0.29028467725446216
0.75,0.3125,0,-0.3826834323650897
0.75,0.328125,0,-0.4713967368259977
0.75,0.34375,0,-0.555570233019602
0.75,0.359375,0,-0.6343932841636454
0.75,0.375,0,-0.7071067811865475
0.75,0.390625,0,-0.773010453362737
0.75,0.40625,0,-0.8314696123025453
0.75,0.421875,0,-0.8819212643483549
0.75,0.4375,0,-0.9238795325112867
0.75,0.453125,0,-0.9569403357322088
0.75,0.46875,0,-0.9807852804032304
0.75,0.484375,0,-0.9951847266721968
0.75,0.5,0,-1.0
0.75,0.515625,0,-0.9951847266721969
0.75,0.53125,0,-0.9807852804032304
0.75,0.546875,0,-0.9569403357322089
0.75,0.5625,0,-0.9238795325112868
0.75,0.578125,0,-0.881921264348355
0.75,0.59375,0,-0.8314696123025455
0.75,0.609375,0,-0.7730104533627371
0.75,0.625,0,-0.7071067811865477
0.75,0.640625,0,-0.6343932841636458
0.75,0.65625,0,-0.5555702330196022
0.75,0.671875,0,-0.4713967368259979
0.75,0.6875,0,-0.38268343236509034
0.75,0.703125,0,-0.29028467725446244
0.75,0.71875,0,-0.19509032201612866
0.75,0.734375,0,-0.09801714032956045
0.75,0.75,0,-1.8369701987210297e-16
0.75,0.765625,0,0.09801714032956009
0.75,0.78125,0,0.1950903220161283
0.75,0.796875,0,0.29028467725446205
0.75,0.8125,0,0.38268343236509
0.75,0.828125,0,0.4713967368259976
0.75,0.84375,0,0.5555702330196018
0.75,0.859375,0,0.6343932841636456
0.75,0.875,0,0.7071067811865474
0.75,0.890625,0,0.7730104533627367
0.75,0.90625,0,0.8314696123025452
0.75,0.921875,0,0.8819212643483548
0.75,0.9375,0,0.9238795325112865
0.75,0.953125,0,0.9569403357322088
0.75,0.96875,0,0.9807852804032303
0.75,0.984375,0,0.9951847266721969
0.75,1.0,0,1.0
0.76,0.0,0,0.9980227391519906
0.76,0.015625,0,0.993216986875611
0.76,0.03125,0,0.9788460120679852
0.76,0.046875,0,0.9550482150724845
0.76,0.0625,0,0.9220527816833749
0.76,0.078125,0,0.8801774759613321
0.76,0.09375,0,0.8298255799918298
0.76,0.109375,0,0.7714820100582008
0.76,0.125,0,0.7057086466327455
0.76,0.140625,0,0.6331389231606286
0.76,0.15625,0,0.5544717257495332
0.76,0.171875,0,0.47046466251439234
0.76,0.1875,0,0.38192676739709247
0.76,0.203125,0,0.28971070872735005
0.76,0.21875,0,0.1947045775605803
0.76,0.234375,0,0.09782333487555328
0.76,0.25,0,6.111126764893795e-17
0.76,0.265625,0,-0.09782333487555316
0.76,0.28125,0,-0.19470457756058016
0.76,0.296875,0,-0.2897107087273499
0.76,0.3125,0,-0.38192676739709236
0.76,0.328125,0,-0.47046466251439223
0.76,0.34375,0,-0.5544717257495329
0.76,0.359375,0,-0.6331389231606285
0.76,0.375,0,-0.7057086466327454
0.76,0.390625,0,-0.7714820100582008
0.76,0.40625,0,-0.8298255799918299
0.76,0.421875,0,-0.880177475961332
0.76,0.4375,0,-0.9220527816833749
0.76,0.453125,0,-0.9550482150724845
0.76,0.46875,0,-0.9788460120679852
0.76,0.484375,0,-0.9932169868756109
0.76,0.5,0,-0.9980227391519906
0.76,0.515625,0,-0.993216986875611
0.76,0.53125,0,-0.9788460120679852
0.76,0.546875,0,-0.9550482150724846
0.76,0.5625,0,-0.922052781683375
0.76,0.578125,0,-0.8801774759613321
0.76,0.59375,0,-0.82982557999183
0.76,0.609375,0,-0.7714820100582009
0.76,0.625,0,-0.7057086466327456
0.76,0.640625,0,-0.6331389231606289
0.76,0.65625,0,-0.5544717257495331
0.76,0.671875,0,-0.47046466251439245
0.76,0.6875,0,-0.38192676739709297
0.76,0.703125,0,-0.28971070872735016
0.76,0.71875,0,-0.19470457756058063
0.76,0.734375,0,-0.09782333487555296
0.76,0.75,0,-1.8333380294681384e-16
0.76,0.765625,0,0.0978233348755526
0.76,0.78125,0,0.19470457756058027
0.76,0.796875,0,0.2897107087273498
0.76,0.8125,0,0.38192676739709264
0.76,0.828125,0,0.4704646625143921
0.76,0.84375,0,0.5544717257495327
0.76,0.859375,0,0.6331389231606287
0.76,0.875,0,0.7057086466327452
0.76,0.890625,0,0.7714820100582005
0.76,0.90625,0,0.8298255799918298
0.76,0.921875,0,0.8801774759613319
0.76,0.9375,0,0.9220527816833747
0.76,0.953125,0,0.9550482150724845
0.76,0.96875,0,0.978846012067985
0.76,0.984375,0,0.993216986875611
0.76,1.0,0,0.9980227391519906
0.77,0.0,0,0.9920674686338736
0.77,0.015625,0,0.9872903926127798
0.77,0.03125,0,0.9730051704029967
0.77,0.046875,0,0.9493493765035016
0.77,0.0625,0,0.9165508291411187
0.77,0.078125,0,0.8749253962564579
0.77,0.09375,0,0.8248739535229743
0.77,0.109375,0,0.7668785236950935
0.77,0.125,0,0.7014976344655847
0.77,0.140625,0,0.6293609395385574
0.77,0.15625,0,0.5511631547200881
0.77,0.171875,0,0.46765736742523595
0.77,0.1875,0,0.37964778403455685
0.77,0.203125,0,0.2879819849470354
0.77,0.21875,0,0.1935427619175077
0.77,0.234375,0,0.09723961628947853
0.77,0.25,0,6.074661250003453e-17
0.77,0.265625,0,-0.0972396162894784
0.77,0.28125,0,-0.19354276191750755
0.77,0.296875,0,-0.28798198494703525
0.77,0.3125,0,-0.37964778403455673
0.77,0.328125,0,-0.46765736742523584
0.77,0.34375,0,-0.5511631547200878
0.77,0.359375,0,-0.6293609395385573
0.77,0.375,0,-0.7014976344655846
0.77,0.390625,0,-0.7668785236950935
0.77,0.40625,0,-0.8248739535229744
0.77,0.421875,0,-0.8749253962564578
0.77,0.4375,0,-0.9165508291411187
0.77,0.453125,0,-0.9493493765035016
0.77,0.46875,0,-0.9730051704029967
0.77,0.484375,0,-0.9872903926127797
0.77,0.5,0,-0.9920674686338736
0.77,0.515625,0,-0.9872903926127798
0.77,0.53125,0,-0.9730051704029967
0.77,0.546875,0,-0.9493493765035017
0.77,0.5625,0,-0.9165508291411189
0.77,0.578125,0,-0.8749253962564579
0.77,0.59375,0,-0.8248739535229745
0.77,0.609375,0,-0.7668785236950936
0.77,0.625,0,-0.7014976344655848
0.77,0.640625,0,-0.6293609395385578
0.77,0.65625,0,-0.551163154720088
0.77,0.671875,0,-0.46765736742523606
0.77,0.6875,0,-0.37964778403455735
0.77,0.703125,0,-0.28798198494703553
0.77,0.71875,0,-0.19354276191750802
0.77,0.734375,0,-0.0972396162894782
0.77,0.75,0,-1.8223983750010357e-16
0.77,0.765625,0,0.09723961628947785
0.77,0.78125,0,0.19354276191750766
0.77,0.796875,0,0.28798198494703514
0.77,0.8125,0,0.379647784034557
0.77,0.828125,0,0.4676573674252357
0.77,0.84375,0,0.5511631547200877
0.77,0.859375,0,0.6293609395385575
0.77,0.875,0,0.7014976344655844
0.77,0.890625,0,0.7668785236950932
0.77,0.90625,0,0.8248739535229743
0.77,0.921875,0,0.8749253962564577
0.77,0.9375,0,0.9165508291411185
0.77,0.953125,0,0.9493493765035016
0.77,0.96875,0,0.9730051704029966
0.77,0.984375,0,0.9872903926127798
0.77,1.0,0,0.9920674686338736
0.78,0.0,0,0.9820632655381242
0.78,0.015625,0,0.9773343624893632
0.78,0.03125,0,0.9631931952645213
0.78,0.046875,0,0.9397759510343219
0.78,0.0625,0,0.9073081506618698
0.78,0.078125,0,0.8661024768134568
0.78,0.09375,0,0.8165557626535557
0.78,0.109375,0,0.7591451701245153
0.78,0.125,0,0.6944235946162127
0.78,0.140625,0,0.6230143402812048
0.78,0.15625,0,0.5456051172750072
0.78,0.171875,0,0.46294141873135514
0.78,0.1875,0,0.375819341255798
0.78,0.203125,0,0.2850779180801977
0.78,0.21875,0,0.19159103871404318
0.78,0.234375,0,0.09625903291075702
0.78,0.25,0,6.013403173507305e-17
0.78,0.265625,0,-0.0962590329107569
0.78,0.28125,0,-0.19159103871404307
0.78,0.296875,0,-0.28507791808019756
0.78,0.3125,0,-0.3758193412557979
0.78,0.328125,0,-0.462941418731355
0.78,0.34375,0,-0.5456051172750068
0.78,0.359375,0,-0.6230143402812047
0.78,0.375,0,-0.6944235946162126
0.78,0.390625,0,-0.7591451701245153
0.78,0.40625,0,-0.8165557626535558
0.78,0.421875,0,-0.8661024768134568
0.78,0.4375,0,-0.9073081506618698
0.78,0.453125,0,-0.9397759510343219
0.78,0.46875,0,-0.9631931952645213
0.78,0.484375,0,-0.9773343624893631
0.78,0.5,0,-0.9820632655381242
0.78,0.515625,0,-0.9773343624893632
0.78,0.53125,0,-0.9631931952645213
0.78,0.546875,0,-0.939775951034322
0.78,0.5625,0,-0.9073081506618699
0.78,0.578125,0,-0.8661024768134568
0.78,0.59375,0,-0.8165557626535559
0.78,0.609375,0,-0.7591451701245154
0.78,0.625,0,-0.6944235946162128
0.78,0.640625,0,-0.6230143402812052
0.78,0.65625,0,-0.545605117275007
0.78,0.671875,0,-0.46294141873135525
0.78,0.6875,0,-0.37581934125579847
0.78,0.703125,0,-0.28507791808019783
0.78,0.71875,0,-0.1915910387140435
0.78,0.734375,0,-0.0962590329107567
0.78,0.75,0,-1.8040209520521913e-16
0.78,0.765625,0,0.09625903291075635
0.78,0.78125,0,0.19159103871404315
0.78,0.796875,0,0.28507791808019745
0.78,0.8125,0,0.3758193412557982
0.78,0.828125,0,0.4629414187313549
0.78,0.84375,0,0.5456051172750068
0.78,0.859375,0,0.623014340281205
0.78,0.875,0,0.6944235946162125
0.78,0.890625,0,0.759145170124515
0.78,0.90625,0,0.8165557626535557
0.78,0.921875,0,0.8661024768134566
0.78,0.9375,0,0.9073081506618697
0.78,0.953125,0,0.9397759510343219
0.78,0.96875,0,0.9631931952645212
0.78,0.984375,0,0.9773343624893632
0.78,1.0,0,0.9820632655381242
0.79,0.0,0,0.9678904108997807
0.79,0.015625,0,0.9632297540199386
0.79,0.03125,0,0.9492926680539393
0.79,0.046875,0,0.9262133747584217
0.79,0.0625,0,0.8942141403442466
0.79,0.078125,0,0.8536031349313835
0.79,0.09375,0,0.8047714647021919
0.79,0.109375,0,0.7481894053350853
0.79,0.125,0,0.6844018729926689
0.79,0.140625,0,0.6140231764812122
0.79,0.15625,0,0.5377311011210297
0.79,0.171875,0,0.4562603813033308
0.79,0.1875,0,0.37039562459638525
0.79,0.203125,0,0.2809637555457318
0.79,0.21875,0,0.18882605193876098
0.79,0.234375,0,0.09486985022880004
0.79,0.25,0,5.926619468169165e-17
0.79,0.265625,0,-0.09486985022879992
0.79,0.28125,0,-0.18882605193876084
0.79,0.296875,0,-0.2809637555457316
0.79,0.3125,0,-0.37039562459638514
0.79,0.328125,0,-0.4562603813033307
0.79,0.34375,0,-0.5377311011210294
0.79,0.359375,0,-0.6140231764812121
0.79,0.375,0,-0.6844018729926687
0.79,0.390625,0,-0.7481894053350853
0.79,0.40625,0,-0.804771464702192
0.79,0.421875,0,-0.8536031349313834
0.79,0.4375,0,-0.8942141403442466
0.79,0.453125,0,-0.9262133747584217
0.79,0.46875,0,-0.9492926680539393
0.79,0.484375,0,-0.9632297540199385
0.79,0.5,0,-0.9678904108997807
0.79,0.515625,0,-0.9632297540199386
0.79,0.53125,0,-0.9492926680539393
0.79,0.546875,0,-0.9262133747584218
0.79,0.5625,0,-0.8942141403442467
0.79,0.578125,0,-0.8536031349313835
0.79,0.59375,0,-0.8047714647021921
0.79,0.609375,0,-0.7481894053350854
0.79,0.625,0,-0.684401872992669
0.79,0.640625,0,-0.6140231764812125
0.79,0.65625,0,-0.5377311011210296
0.79,0.671875,0,-0.4562603813033309
0.79,0.6875,0,-0.3703956245963857
0.79,0.703125,0,-0.2809637555457319
0.79,0.71875,0,-0.1888260519387613
0.79,0.734375,0,-0.09486985022879973
0.79,0.75,0,-1.777985840450749e-16
0.79,0.765625,0,0.09486985022879937
0.79,0.78125,0,0.18882605193876095
0.79,0.796875,0,0.2809637555457315
0.79,0.8125,0,0.37039562459638536
0.79,0.828125,0,0.4562603813033306
0.79,0.84375,0,0.5377311011210293
0.79,0.859375,0,0.6140231764812123
0.79,0.875,0,0.6844018729926686
0.79,0.890625,0,0.7481894053350849
0.79,0.90625,0,0.8047714647021919
0.79,0.921875,0,0.8536031349313833
0.79,0.9375,0,0.8942141403442464
0.79,0.953125,0,0.9262133747584217
0.79,0.96875,0,0.9492926680539392
0.79,0.984375,0,0.9632297540199386
0.79,1.0,0,0.9678904108997807
0.8,0.0,0,0.9493781839091318
0.8,0.015625,0,0.944806668462156
0.8,0.03125,0,0.9311361483140275
0.8,0.046875,0,0.9084982780468392
0.8,0.0625,0,0.877111072726383
0.8,0.078125,0,0.8372768082978866
0.8,0.09375,0,0.7893791105034202
0.8,0.109375,0,0.7338792603562898
0.8,0.125,0,0.6713117517527164
0.8,0.140625,0,0.6022791440034315
0.8,0.15625,0,0.5274462588581231
0.8,0.171875,0,0.44753377790855675
0.8,0.1875,0,0.363311302030882
0.8,0.203125,0,0.2755899397084899
0.8,0.21875,0,0.18521449561391962
0.8,0.234375,0,0.09305533467804492
0.8,0.25,0,5.813264770523227e-17
0.8,0.265625,0,-0.0930553346780448
0.8,0.28125,0,-0.18521449561391948
0.8,0.296875,0,-0.2755899397084897
0.8,0.3125,0,-0.3633113020308819
0.8,0.328125,0,-0.44753377790855664
0.8,0.34375,0,-0.5274462588581228
0.8,0.359375,0,-0.6022791440034314
0.8,0.375,0,-0.6713117517527163
0.8,0.390625,0,-0.7338792603562898
0.8,0.40625,0,-0.7893791105034204
0.8,0.421875,0,-0.8372768082978865
0.8,0.4375,0,-0.877111072726383
0.8,0.453125,0,-0.9084982780468392
0.8,0.46875,0,-0.9311361483140275
0.8,0.484375,0,-0.9448066684621559
0.8,0.5,0,-0.9493781839091318
0.8,0.515625,0,-0.944806668462156
0.8,0.53125,0,-0.9311361483140275
0.8,0.546875,0,-0.9084982780468394
0.8,0.5625,0,-0.8771110727263831
0.8,0.578125,0,-0.8372768082978866
0.8,0.59375,0,-0.7893791105034205
0.8,0.609375,0,-0.7338792603562899
0.8,0.625,0,-0.6713117517527164
0.8,0.640625,0,-0.6022791440034319
0.8,0.65625,0,-0.527446258858123
0.8,0.671875,0,-0.44753377790855686
0.8,0.6875,0,-0.3633113020308825
0.8,0.703125,0,-0.27558993970849
0.8,0.71875,0,-0.18521449561391992
0.8,0.734375,0,-0.09305533467804462
0.8,0.75,0,-1.743979431156968e-16
0.8,0.765625,0,0.09305533467804428
0.8,0.78125,0,0.1852144956139196
0.8,0.796875,0,0.2755899397084896
0.8,0.8125,0,0.3633113020308822
0.8,0.828125,0,0.44753377790855653
0.8,0.84375,0,0.5274462588581228
0.8,0.859375,0,0.6022791440034316
0.8,0.875,0,0.6713117517527162
0.8,0.890625,0,0.7338792603562895
0.8,0.90625,0,0.7893791105034202
0.8,0.921875,0,0.8372768082978864
0.8,0.9375,0,0.8771110727263829
0.8,0.953125,0,0.9084982780468392
0.8,0.96875,0,0.9311361483140274
0.8,0.984375,0,0.944806668462156
0.8,1.0,0,0.9493781839091318
0.81,0.0,0,0.9263019441192853
0.81,0.015625,0,0.9218415470742756
0.81,0.03125,0,0.9085033120010908
0.81,0.046875,0,0.8864156933949067
0.81,0.0625,0,0.8557914070972213
0.81,0.078125,0,0.8169253817260195
0.81,0.09375,0,0.7701919183519561
0.81,0.109375,0,0.7160410857744335
0.81,0.125,0,0.6549943861130291
0.81,0.140625,0,0.5876397324570031
0.81,0.15625,0,0.514625786940862
0.81,0.171875,0,0.4366557137734089
0.81,0.1875,0,0.35448040738202374
0.81,0.203125,0,0.26889126088884774
0.81,0.21875,0,0.18071254456239708
0.81,0.234375,0,0.09079346764428495
0.81,0.25,0,5.671963554548266e-17
0.81,0.265625,0,-0.09079346764428484
0.81,0.28125,0,-0.18071254456239697
0.81,0.296875,0,-0.26889126088884757
0.81,0.3125,0,-0.35448040738202363
0.81,0.328125,0,-0.4366557137734088
0.81,0.34375,0,-0.5146257869408617
0.81,0.359375,0,-0.587639732457003
0.81,0.375,0,-0.6549943861130291
0.81,0.390625,0,-0.7160410857744335
0.81,0.40625,0,-0.7701919183519562
0.81,0.421875,0,-0.8169253817260194
0.81,0.4375,0,-0.8557914070972213
0.81,0.453125,0,-0.8864156933949067
0.81,0.46875,0,-0.9085033120010908
0.81,0.484375,0,-0.9218415470742756
0.81,0.5,0,-0.9263019441192853
0.81,0.515625,0,-0.9218415470742756
0.81,0.53125,0,-0.9085033120010908
0.81,0.546875,0,-0.8864156933949068
0.81,0.5625,0,-0.8557914070972215
0.81,0.578125,0,-0.8169253817260195
0.81,0.59375,0,-0.7701919183519563
0.81,0.609375,0,-0.7160410857744335
0.81,0.625,0,-0.6549943861130292
0.81,0.640625,0,-0.5876397324570034
0.81,0.65625,0,-0.5146257869408619
0.81,0.671875,0,-0.436655713773409
0.81,0.6875,0,-0.35448040738202424
0.81,0.703125,0,-0.26889126088884785
0.81,0.71875,0,-0.1807125445623974
0.81,0.734375,0,-0.09079346764428466
0.81,0.75,0,-1.7015890663644798e-16
0.81,0.765625,0,0.09079346764428432
0.81,0.78125,0,0.18071254456239708
0.81,0.796875,0,0.2688912608888475
0.81,0.8125,0,0.3544804073820239
0.81,0.828125,0,0.43665571377340867
0.81,0.84375,0,0.5146257869408616
0.81,0.859375,0,0.5876397324570032
0.81,0.875,0,0.654994386113029
0.81,0.890625,0,0.7160410857744332
0.81,0.90625,0,0.7701919183519561
0.81,0.921875,0,0.8169253817260193
0.81,0.9375,0,0.8557914070972212
0.81,0.953125,0,0.8864156933949067
0.81,0.96875,0,0.9085033120010907
0.81,0.984375,0,0.9218415470742756
0.81,1.0,0,0.9263019441192853
0.8200000000000001,0.0,0,0.8983797788082356
0.8200000000000001,0.015625,0,0.8940538346211027
0.8200000000000001,0.03125,0,0.8811176632670275
0.8200000000000001,0.046875,0,0.8596958471477805
0.8200000000000001,0.0625,0,0.8299946900629459
0.8200000000000001,0.078125,0,0.7923002303915547
0.8200000000000001,0.09375,0,0.74697548638613
0.8200000000000001,0.109375,0,0.6944569601084696
0.8200000000000001,0.125,0,0.6352504336761741
0.8200000000000001,0.140625,0,0.569926098304366
0.8200000000000001,0.15625,0,0.49911306305259023
0.8200000000000001,0.171875,0,0.42349329616066395
0.8200000000000001,0.1875,0,0.34379505732172577
0.8200000000000001,0.203125,0,0.2607858841432839
0.8200000000000001,0.21875,0,0.17526520034047682
0.8200000000000001,0.234375,0,0.0880566168486866
0.8200000000000001,0.25,0,5.5009896026810647e-17
0.8200000000000001,0.265625,0,-0.08805661684868649
0.8200000000000001,0.28125,0,-0.1752652003404767
0.8200000000000001,0.296875,0,-0.2607858841432838
0.8200000000000001,0.3125,0,-0.3437950573217257
0.8200000000000001,0.328125,0,-0.4234932961606639
0.8200000000000001,0.34375,0,-0.4991130630525899
0.8200000000000001,0.359375,0,-0.5699260983043659
0.8200000000000001,0.375,0,-0.635250433676174
0.8200000000000001,0.390625,0,-0.6944569601084696
0.8200000000000001,0.40625,0,-0.7469754863861301
0.8200000000000001,0.421875,0,-0.7923002303915546
0.8200000000000001,0.4375,0,-0.8299946900629459
0.8200000000000001,0.453125,0,-0.8596958471477805
0.8200000000000001,0.46875,0,-0.8811176632670275
0.8200000000000001,0.484375,0,-0.8940538346211025
0.8200000000000001,0.5,0,-0.8983797788082356
0.8200000000000001,0.515625,0,-0.8940538346211027
0.8200000000000001,0.53125,0,-0.8811176632670275
0.8200000000000001,0.546875,0,-0.8596958471477806
0.8200000000000001,0.5625,0,-0.829994690062946
0.8200000000000001,0.578125,0,-0.7923002303915547
0.8200000000000001,0.59375,0,-0.7469754863861302
0.8200000000000001,0.609375,0,-0.6944569601084697
0.8200000000000001,0.625,0,-0.6352504336761742
0.8200000000000001,0.640625,0,-0.5699260983043662
0.8200000000000001,0.65625,0,-0.4991130630525901
0.8200000000000001,0.671875,0,-0.42349329616066406
0.8200000000000001,0.6875,0,-0.34379505732172627
0.8200000000000001,0.703125,0,-0.260785884143284
0.8200000000000001,0.71875,0,-0.17526520034047713
0.8200000000000001,0.734375,0,-0.0880566168486863
0.8200000000000001,0.75,0,-1.6502968808043192e-16
0.8200000000000001,0.765625,0,0.08805661684868599
0.8200000000000001,0.78125,0,0.1752652003404768
0.8200000000000001,0.796875,0,0.2607858841432837
0.8200000000000001,0.8125,0,0.34379505732172594
0.8200000000000001,0.828125,0,0.4234932961606638
0.8200000000000001,0.84375,0,0.49911306305258984
0.8200000000000001,0.859375,0,0.5699260983043661
0.8200000000000001,0.875,0,0.6352504336761738
0.8200000000000001,0.890625,0,0.6944569601084692
0.8200000000000001,0.90625,0,0.74697548638613
0.8200000000000001,0.921875,0,0.7923002303915545
0.8200000000000001,0.9375,0,0.8299946900629457
0.8200000000000001,0.953125,0,0.8596958471477805
0.8200000000000001,0.96875,0,0.8811176632670273
0.8200000000000001,0.984375,0,0.8940538346211027
0.8200000000000001,1.0,0,0.8983797788082356
0.8300000000000001,0.0,0,0.8652692680209835
0.8300000000000001,0.015625,0,0.8611027599933143
0.8300000000000001,0.03125,0,0.8486433616602582
0.8300000000000001,0.046875,0,0.8280110638387626
0.8300000000000001,0.0625,0,0.7994045668356095
0.8300000000000001,0.078125,0,0.7630993668548415
0.8300000000000001,0.09375,0,0.7194451028187142
0.8300000000000001,0.109375,0,0.6688621891537441
0.8300000000000001,0.125,0,0.6118377669699577
0.8300000000000001,0.140625,0,0.5489210126257053
0.8300000000000001,0.15625,0,0.4807178488591185
0.8300000000000001,0.171875,0,0.40788510942091133
0.8300000000000001,0.1875,0,0.33112421340629883
0.8300000000000001,0.203125,0,0.25117441020567605
0.8300000000000001,0.21875,0,0.16880566012887332
0.8300000000000001,0.234375,0,0.08481121926646906
0.8300000000000001,0.25,0,5.2982461974123535e-17
0.8300000000000001,0.265625,0,-0.08481121926646897
0.8300000000000001,0.28125,0,-0.1688056601288732
0.8300000000000001,0.296875,0,-0.2511744102056759
0.8300000000000001,0.3125,0,-0.3311242134062987
0.8300000000000001,0.328125,0,-0.4078851094209112
0.8300000000000001,0.34375,0,-0.4807178488591182
0.8300000000000001,0.359375,0,-0.5489210126257053
0.8300000000000001,0.375,0,-0.6118377669699576
0.8300000000000001,0.390625,0,-0.6688621891537441
0.8300000000000001,0.40625,0,-0.7194451028187143
0.8300000000000001,0.421875,0,-0.7630993668548414
0.8300000000000001,0.4375,0,-0.7994045668356095
0.8300000000000001,0.453125,0,-0.8280110638387626
0.8300000000000001,0.46875,0,-0.8486433616602582
0.8300000000000001,0.484375,0,-0.8611027599933142
0.8300000000000001,0.5,0,-0.8652692680209835
0.8300000000000001,0.515625,0,-0.8611027599933143
0.8300000000000001,0.53125,0,-0.8486433616602582
0.8300000000000001,0.546875,0,-0.8280110638387626
0.8300000000000001,0.5625,0,-0.7994045668356096
0.8300000000000001,0.578125,0,-0.7630993668548415
0.8300000000000001,0.59375,0,-0.7194451028187144
0.8300000000000001,0.609375,0,-0.6688621891537441
0.8300000000000001,0.625,0,-0.6118377669699578
0.8300000000000001,0.640625,0,-0.5489210126257056
0.8300000000000001,0.65625,0,-0.4807178488591184
0.8300000000000001,0.671875,0,-0.4078851094209114
0.8300000000000001,0.6875,0,-0.3311242134062993
0.8300000000000001,0.703125,0,-0.25117441020567616
0.8300000000000001,0.71875,0,-0.1688056601288736
0.8300000000000001,0.734375,0,-0.08481121926646878
0.8300000000000001,0.75,0,-1.5894738592237059e-16
0.8300000000000001,0.765625,0,0.08481121926646848
0.8300000000000001,0.78125,0,0.1688056601288733
0.8300000000000001,0.796875,0,0.2511744102056758
0.8300000000000001,0.8125,0,0.33112421340629894
0.8300000000000001,0.828125,0,0.4078851094209111
0.8300000000000001,0.84375,0,0.4807178488591181
0.8300000000000001,0.859375,0,0.5489210126257054
0.8300000000000001,0.875,0,0.6118377669699575
0.8300000000000001,0.890625,0,0.6688621891537437
0.8300000000000001,0.90625,0,0.7194451028187142
0.8300000000000001,0.921875,0,0.7630993668548413
0.8300000000000001,0.9375,0,0.7994045668356092
0.8300000000000001,0.953125,0,0.8280110638387626
0.8300000000000001,0.96875,0,0.8486433616602581
0.8300000000000001,0.984375,0,0.8611027599933143
0.8300000000000001,1.0,0,0.8652692680209835
0.84,0.0,0,0.8265654376242381
0.84,0.015625,0,0.8225852991187622
0.84,0.03125,0,0.8106832145119072
0.84,0.046875,0,0.7909738073847785
0.84,0.0625,0,0.7636468901022682
0.84,0.078125,0,0.7289656358162194
0.84,0.09375,0,0.6872640439641089
0.84,0.109375,0,0.6389437236718813
0.84,0.125,0,0.584470026038525
0.84,0.140625,0,0.5243675625506012
0.84,0.15625,0,0.4592151527868475
0.84,0.171875,0,0.38964025006921865
0.84,0.1875,0,0.316312898744396
0.84,0.203125,0,0.23993928129044537
0.84,0.21875,0,0.16125491739351464
0.84,0.234375,0,0.08101758049117976
0.84,0.25,0,5.061253587361772e-17
0.84,0.265625,0,-0.08101758049117964
0.84,0.28125,0,-0.16125491739351452
0.84,0.296875,0,-0.23993928129044523
0.84,0.3125,0,-0.3163128987443959
0.84,0.328125,0,-0.38964025006921854
0.84,0.34375,0,-0.4592151527868472
0.84,0.359375,0,-0.5243675625506011
0.84,0.375,0,-0.5844700260385249
0.84,0.390625,0,-0.6389437236718813
0.84,0.40625,0,-0.687264043964109
0.84,0.421875,0,-0.7289656358162193
0.84,0.4375,0,-0.7636468901022682
0.84,0.453125,0,-0.7909738073847785
0.84,0.46875,0,-0.8106832145119072
0.84,0.484375,0,-0.8225852991187621
0.84,0.5,0,-0.8265654376242381
0.84,0.515625,0,-0.8225852991187622
0.84,0.53125,0,-0.8106832145119072
0.84,0.546875,0,-0.7909738073847786
0.84,0.5625,0,-0.7636468901022683
0.84,0.578125,0,-0.7289656358162194
0.84,0.59375,0,-0.687264043964109
0.84,0.609375,0,-0.6389437236718815
0.84,0.625,0,-0.5844700260385252
0.84,0.640625,0,-0.5243675625506016
0.84,0.65625,0,-0.4592151527868474
0.84,0.671875,0,-0.38964025006921876
0.84,0.6875,0,-0.3163128987443964
0.84,0.703125,0,-0.23993928129044545
0.84,0.71875,0,-0.1612549173935149
0.84,0.734375,0,-0.08101758049117949
0.84,0.75,0,-1.5183760762085315e-16
0.84,0.765625,0,0.08101758049117919
0.84,0.78125,0,0.1612549173935146
0.84,0.796875,0,0.23993928129044514
0.84,0.8125,0,0.3163128987443961
0.84,0.828125,0,0.3896402500692185
0.84,0.84375,0,0.4592151527868471
0.84,0.859375,0,0.5243675625506014
0.84,0.875,0,0.5844700260385248
0.84,0.890625,0,0.6389437236718811
0.84,0.90625,0,0.6872640439641089
0.84,0.921875,0,0.7289656358162192
0.84,0.9375,0,0.763646890102268
0.84,0.953125,0,0.7909738073847785
0.84,0.96875,0,0.8106832145119071
0.84,0.984375,0,0.8225852991187622
0.84,1.0,0,0.8265654376242381
0.85,0.0,0,0.7818019384516087
0.85,0.015625,0,0.7780373484297579
0.85,0.03125,0,0.7667798334240502
0.85,0.046875,0,0.7481378094579741
0.85,0.0625,0,0.72229080941309
0.85,0.078125,0,0.6894877540292377
0.85,0.09375,0,0.6500445546617374
0.85,0.109375,0,0.6043410708823447
0.85,0.125,0,0.5528174522239204
0.85,0.140625,0,0.49596989929982027
0.85,0.15625,0,0.434345885120737
0.85,0.171875,0,0.3685388826303279
0.85,0.1875,0,0.29918264923634236
0.85,0.203125,0,0.22694512338033826
0.85,0.21875,0,0.15252199192535768
0.85,0.234375,0,0.07662999031113396
0.85,0.25,0,4.7871562074597935e-17
0.85,0.265625,0,-0.07662999031113386
0.85,0.28125,0,-0.1525219919253576
0.85,0.296875,0,-0.22694512338033812
0.85,0.3125,0,-0.29918264923634225
0.85,0.328125,0,-0.36853888263032786
0.85,0.34375,0,-0.43434588512073674
0.85,0.359375,0,-0.4959698992998202
0.85,0.375,0,-0.5528174522239203
0.85,0.390625,0,-0.6043410708823447
0.85,0.40625,0,-0.6500445546617375
0.85,0.421875,0,-0.6894877540292376
0.85,0.4375,0,-0.72229080941309
0.85,0.453125,0,-0.7481378094579741
0.85,0.46875,0,-0.7667798334240502
0.85,0.484375,0,-0.7780373484297579
0.85,0.5,0,-0.7818019384516087
0.85,0.515625,0,-0.7780373484297579
0.85,0.53125,0,-0.7667798334240502
0.85,0.546875,0,-0.7481378094579741
0.85,0.5625,0,-0.7222908094130901
0.85,0.578125,0,-0.6894877540292377
0.85,0.59375,0,-0.6500445546617376
0.85,0.609375,0,-0.6043410708823448
0.85,0.625,0,-0.5528174522239205
0.85,0.640625,0,-0.49596989929982055
0.85,0.65625,0,-0.43434588512073696
0.85,0.671875,0,-0.368538882630328
0.85,0.6875,0,-0.29918264923634275
0.85,0.703125,0,-0.22694512338033834
0.85,0.71875,0,-0.15252199192535795
0.85,0.734375,0,-0.07662999031113371
0.85,0.75,0,-1.436146862237938e-16
0.85,0.765625,0,0.07662999031113343
0.85,0.78125,0,0.15252199192535768
0.85,0.796875,0,0.22694512338033804
0.85,0.8125,0,0.29918264923634247
0.85,0.828125,0,0.36853888263032775
0.85,0.84375,0,0.4343458851207367
0.85,0.859375,0,0.4959698992998204
0.85,0.875,0,0.5528174522239202
0.85,0.890625,0,0.6043410708823445
0.85,0.90625,0,0.6500445546617374
0.85,0.921875,0,0.6894877540292375
0.85,0.9375,0,0.7222908094130899
0.85,0.953125,0,0.7481378094579741
0.85,0.96875,0,0.7667798334240501
0.85,0.984375,0,0.7780373484297579
0.85,1.0,0,0.7818019384516087
0.86,0.0,0,0.7304592996489768
0.86,0.015625,0,0.7269419384663314
0.86,0.03125,0,0.716423729029369
0.86,0.046875,0,0.699005967444806
0.86,0.0625,0,0.6748563962782186
0.86,0.078125,0,0.6442075891014396
0.86,0.09375,0,0.6073547106819235
0.86,0.109375,0,0.5646526743846829
0.86,0.125,0,0.5165127241625679
0.86,0.140625,0,0.4633984740521908
0.86,0.15625,0,0.40582144331731757
0.86,0.171875,0,0.3443361302387314
0.86,0.1875,0,0.2795346719926701
0.86,0.203125,0,0.21204114204612382
0.86,0.21875,0,0.14250553998819446
0.86,0.234375,0,0.07159753167872644
0.86,0.25,0,4.472773216112684e-17
0.86,0.265625,0,-0.07159753167872634
0.86,0.28125,0,-0.14250553998819437
0.86,0.296875,0,-0.2120411420461237
0.86,0.3125,0,-0.27953467199267
0.86,0.328125,0,-0.34433613023873133
0.86,0.34375,0,-0.4058214433173173
0.86,0.359375,0,-0.46339847405219076
0.86,0.375,0,-0.5165127241625678
0.86,0.390625,0,-0.5646526743846829
0.86,0.40625,0,-0.6073547106819236
0.86,0.421875,0,-0.6442075891014395
0.86,0.4375,0,-0.6748563962782186
0.86,0.453125,0,-0.699005967444806
0.86,0.46875,0,-0.716423729029369
0.86,0.484375,0,-0.7269419384663313
0.86,0.5,0,-0.7304592996489768
0.86,0.515625,0,-0.7269419384663314
0.86,0.53125,0,-0.716423729029369
0.86,0.546875,0,-0.6990059674448061
0.86,0.5625,0,-0.6748563962782187
0.86,0.578125,0,-0.6442075891014396
0.86,0.59375,0,-0.6073547106819236
0.86,0.609375,0,-0.564652674384683
0.86,0.625,0,-0.5165127241625679
0.86,0.640625,0,-0.4633984740521911
0.86,0.65625,0,-0.40582144331731745
0.86,0.671875,0,-0.3443361302387315
0.86,0.6875,0,-0.27953467199267046
0.86,0.703125,0,-0.2120411420461239
0.86,0.71875,0,-0.1425055399881947
0.86,0.734375,0,-0.0715975316787262
0.86,0.75,0,-1.3418319648338051e-16
0.86,0.765625,0,0.07159753167872594
0.86,0.78125,0,0.14250553998819446
0.86,0.796875,0,0.21204114204612362
0.86,0.8125,0,0.27953467199267024
0.86,0.828125,0,0.3443361302387312
0.86,0.84375,0,0.40582144331731723
0.86,0.859375,0,0.4633984740521909
0.86,0.875,0,0.5165127241625677
0.86,0.890625,0,0.5646526743846827
0.86,0.90625,0,0.6073547106819235
0.86,0.921875,0,0.6442075891014394
0.86,0.9375,0,0.6748563962782185
0.86,0.953125,0,0.699005967444806
0.86,0.96875,0,0.716423729029369
0.86,0.984375,0,0.7269419384663314
0.86,1.0,0,0.7304592996489768
0.87,0.0,0,0.6719875079779414
0.87,0.015625,0,0.6687517044541583
0.87,0.03125,0,0.6590754564396133
0.87,0.046875,0,0.6430519514922616
0.87,0.0625,0,0.620835504724085
0.87,0.078125,0,0.5926400726622064
0.87,0.09375,0,0.5587371927305724
0.87,0.109375,0,0.5194533681961243
0.87,0.125,0,0.4751669237638516
0.87,0.140625,0,0.42630436210307016
0.87,0.15625,0,0.37333625639356677
0.87,0.171875,0,0.31677271844863575
0.87,0.1875,0,0.2571584860594618
0.87,0.203125,0,0.19506767687240714
0.87,0.21875,0,0.13109825932223218
0.87,0.234375,0,0.06586629386918572
0.87,0.25,0,4.114736753560962e-17
0.87,0.265625,0,-0.06586629386918563
0.87,0.28125,0,-0.1310982593222321
0.87,0.296875,0,-0.19506767687240703
0.87,0.3125,0,-0.25715848605946173
0.87,0.328125,0,-0.31677271844863564
0.87,0.34375,0,-0.37333625639356655
0.87,0.359375,0,-0.4263043621030701
0.87,0.375,0,-0.4751669237638515
0.87,0.390625,0,-0.5194533681961243
0.87,0.40625,0,-0.5587371927305725
0.87,0.421875,0,-0.5926400726622063
0.87,0.4375,0,-0.620835504724085
0.87,0.453125,0,-0.6430519514922616
0.87,0.46875,0,-0.6590754564396133
0.87,0.484375,0,-0.6687517044541583
0.87,0.5,0,-0.6719875079779414
0.87,0.515625,0,-0.6687517044541583
0.87,0.53125,0,-0.6590754564396133
0.87,0.546875,0,-0.6430519514922617
0.87,0.5625,0,-0.6208355047240851
0.87,0.578125,0,-0.5926400726622064
0.87,0.59375,0,-0.5587371927305725
0.87,0.609375,0,-0.5194533681961244
0.87,0.625,0,-0.47516692376385167
0.87,0.640625,0,-0.4263043621030704
0.87,0.65625,0,-0.37333625639356666
0.87,0.671875,0,-0.3167727184486358
0.87,0.6875,0,-0.2571584860594621
0.87,0.703125,0,-0.19506767687240723
0.87,0.71875,0,-0.1310982593222324
0.87,0.734375,0,-0.06586629386918551
0.87,0.75,0,-1.2344210260682886e-16
0.87,0.765625,0,0.06586629386918526
0.87,0.78125,0,0.13109825932223218
0.87,0.796875,0,0.19506767687240695
0.87,0.8125,0,0.2571584860594619
0.87,0.828125,0,0.3167727184486356
0.87,0.84375,0,0.37333625639356643
0.87,0.859375,0,0.4263043621030702
0.87,0.875,0,0.47516692376385145
0.87,0.890625,0,0.5194533681961241
0.87,0.90625,0,0.5587371927305724
0.87,0.921875,0,0.5926400726622062
0.87,0.9375,0,0.6208355047240849
0.87,0.953125,0,0.6430519514922616
0.87,0.96875,0,0.6590754564396132
0.87,0.984375,0,0.6687517044541583
0.87,1.0,0,0.6719875079779414
0.88,0.0,0,0.605856612003145
0.88,0.015625,0,0.6029392468188931
0.88,0.03125,0,0.5942152470876557
0.88,0.046875,0,0.5797686296958682
0.88,0.0625,0,0.5597385234663377
0.88,0.078125,0,0.5343178292716244
0.88,0.09375,0,0.5037513622931885
0.88,0.109375,0,0.468333494317363
0.88,0.125,0,0.4284053187741309
0.88,0.140625,0,0.38435136582093465
0.88,0.15625,0,0.33659589910705406
0.88,0.171875,0,0.2855988298827372
0.88,0.1875,0,0.23185128780244801
0.88,0.203125,0,0.17587089107781495
0.88,0.21875,0,0.11819676153129408
0.88,0.234375,0,0.05938433255830452
0.88,0.25,0,3.709801803159557e-17
0.88,0.265625,0,-0.05938433255830444
0.88,0.28125,0,-0.11819676153129399
0.88,0.296875,0,-0.17587089107781487
0.88,0.3125,0,-0.23185128780244796
0.88,0.328125,0,-0.28559882988273716
0.88,0.34375,0,-0.33659589910705384
0.88,0.359375,0,-0.3843513658209346
0.88,0.375,0,-0.42840531877413085
0.88,0.390625,0,-0.468333494317363
0.88,0.40625,0,-0.5037513622931886
0.88,0.421875,0,-0.5343178292716243
0.88,0.4375,0,-0.5597385234663377
0.88,0.453125,0,-0.5797686296958682
0.88,0.46875,0,-0.5942152470876557
0.88,0.484375,0,-0.6029392468188931
0.88,0.5,0,-0.605856612003145
0.88,0.515625,0,-0.6029392468188931
0.88,0.53125,0,-0.5942152470876557
0.88,0.546875,0,-0.5797686296958682
0.88,0.5625,0,-0.5597385234663377
0.88,0.578125,0,-0.5343178292716244
0.88,0.59375,0,-0.5037513622931887
0.88,0.609375,0,-0.46833349431736304
0.88,0.625,0,-0.42840531877413096
0.88,0.640625,0,-0.3843513658209349
0.88,0.65625,0,-0.33659589910705395
0.88,0.671875,0,-0.28559882988273727
0.88,0.6875,0,-0.23185128780244832
0.88,0.703125,0,-0.17587089107781503
0.88,0.71875,0,-0.11819676153129428
0.88,0.734375,0,-0.059384332558304324
0.88,0.75,0,-1.112940540947867e-16
0.88,0.765625,0,0.0593843325583041
0.88,0.78125,0,0.11819676153129406
0.88,0.796875,0,0.17587089107781478
0.88,0.8125,0,0.23185128780244812
0.88,0.828125,0,0.28559882988273705
0.88,0.84375,0,0.3365958991070538
0.88,0.859375,0,0.38435136582093476
0.88,0.875,0,0.4284053187741308
0.88,0.890625,0,0.46833349431736276
0.88,0.90625,0,0.5037513622931885
0.88,0.921875,0,0.5343178292716243
0.88,0.9375,0,0.5597385234663375
0.88,0.953125,0,0.5797686296958682
0.88,0.96875,0,0.5942152470876557
0.88,0.984375,0,0.6029392468188931
0.88,1.0,0,0.605856612003145
0.89,0.0,0,0.5316613301341575
0.89,0.015625,0,0.5291012355117382
0.89,0.03125,0,0.5214456067551841
0.89,0.046875,0,0.5087681717544134
0.89,0.0625,0,0.4911910211386743
0.89,0.078125,0,0.4688834324770444
0.89,0.09375,0,0.44206024004290345
0.89,0.109375,0,0.4109797658424409
0.89,0.125,0,0.37594133183252254
0.89,0.140625,0,0.3372823772866203
0.89,0.15625,0,0.2953752090701456
0.89,0.171875,0,0.2506234161218114
0.89,0.1875,0,0.20345798267152856
0.89,0.203125,0,0.15433313762667206
0.89,0.21875,0,0.1037219800993959
0.89,0.234375,0,0.05211192320356065
0.89,0.25,0,3.255486730896101e-17
0.89,0.265625,0,-0.05211192320356059
0.89,0.28125,0,-0.10372198009939583
0.89,0.296875,0,-0.15433313762667197
0.89,0.3125,0,-0.2034579826715285
0.89,0.328125,0,-0.2506234161218113
0.89,0.34375,0,-0.2953752090701454
0.89,0.359375,0,-0.33728237728662025
0.89,0.375,0,-0.3759413318325225
0.89,0.390625,0,-0.4109797658424409
0.89,0.40625,0,-0.4420602400429035
0.89,0.421875,0,-0.46888343247704434
0.89,0.4375,0,-0.4911910211386743
0.89,0.453125,0,-0.5087681717544134
0.89,0.46875,0,-0.5214456067551841
0.89,0.484375,0,-0.5291012355117382
0.89,0.5,0,-0.5316613301341575
0.89,0.515625,0,-0.5291012355117382
0.89,0.53125,0,-0.5214456067551841
0.89,0.546875,0,-0.5087681717544135
0.89,0.5625,0,-0.49119102113867436
0.89,0.578125,0,-0.4688834324770444
0.89,0.59375,0,-0.44206024004290356
0.89,0.609375,0,-0.41097976584244095
0.89,0.625,0,-0.3759413318325226
0.89,0.640625,0,-0.33728237728662047
0.89,0.65625,0,-0.29537520907014553
0.89,0.671875,0,-0.25062341612181144
0.89,0.6875,0,-0.20345798267152884
0.89,0.703125,0,-0.1543331376266721
0.89,0.71875,0,-0.10372198009939608
0.89,0.734375,0,-0.052111923203560485
0.89,0.75,0,-9.766460192688303e-17
0.89,0.765625,0,0.05211192320356029
0.89,0.78125,0,0.10372198009939589
0.89,0.796875,0,0.15433313762667192
0.89,0.8125,0,0.20345798267152865
0.89,0.828125,0,0.25062341612181127
0.89,0.84375,0,0.29537520907014536
0.89,0.859375,0,0.33728237728662036
0.89,0.875,0,0.37594133183252243
0.89,0.890625,0,0.4109797658424407
0.89,0.90625,0,0.44206024004290345
0.89,0.921875,0,0.4688834324770443
0.89,0.9375,0,0.4911910211386742
0.89,0.953125,0,0.5087681717544134
0.89,0.96875,0,0.521445606755184
0.89,0.984375,0,0.5291012355117382
0.89,1.0,0,0.5316613301341575
0.9,0.0,0,0.44932896411722145
0.9,0.015625,0,0.4471653223408984
0.9,0.03125,0,0.4406952340650021
0.9,0.046875,0,0.4299810097765395
0.9,0.0625,0,0.4151258333123993
0.9,0.078125,0,0.3962727681425966
0.9,0.09375,0,0.3736033795908504
0.9,0.109375,0,0.34733598626126233
0.9,0.125,0,0.3177235575108142
0.9,0.140625,0,0.28505127721617296
0.9,0.15625,0,0.24963379729706123
0.9,0.171875,0,0.21181220744626406
0.9,0.1875,0,0.1719507502494286
0.9,0.203125,0,0.1304333133298495
0.9,0.21875,0,0.08765973230080211
0.9,0.234375,0,0.04404194013001387
0.9,0.25,0,2.751346388351756e-17
0.9,0.265625,0,-0.044041940130013814
0.9,0.28125,0,-0.08765973230080204
0.9,0.296875,0,-0.13043331332984945
0.9,0.3125,0,-0.17195075024942855
0.9,0.328125,0,-0.211812207446264
0.9,0.34375,0,-0.2496337972970611
0.9,0.359375,0,-0.2850512772161729
0.9,0.375,0,-0.31772355751081416
0.9,0.390625,0,-0.34733598626126233
0.9,0.40625,0,-0.37360337959085044
0.9,0.421875,0,-0.39627276814259654
0.9,0.4375,0,-0.4151258333123993
0.9,0.453125,0,-0.4299810097765395
0.9,0.46875,0,-0.4406952340650021
0.9,0.484375,0,-0.44716532234089834
0.9,0.5,0,-0.44932896411722145
0.9,0.515625,0,-0.4471653223408984
0.9,0.53125,0,-0.4406952340650021
0.9,0.546875,0,-0.4299810097765396
0.9,0.5625,0,-0.41512583331239933
0.9,0.578125,0,-0.3962727681425966
0.9,0.59375,0,-0.3736033795908505
0.9,0.609375,0,-0.3473359862612624
0.9,0.625,0,-0.31772355751081427
0.9,0.640625,0,-0.28505127721617307
0.9,0.65625,0,-0.2496337972970612
0.9,0.671875,0,-0.2118122074462641
0.9,0.6875,0,-0.17195075024942882
0.9,0.703125,0,-0.13043331332984956
0.9,0.71875,0,-0.08765973230080225
0.9,0.734375,0,-0.04404194013001373
0.9,0.75,0,-8.254039165055268e-17
0.9,0.765625,0,0.044041940130013564
0.9,0.78125,0,0.0876597323008021
0.9,0.796875,0,0.1304333133298494
0.9,0.8125,0,0.17195075024942866
0.9,0.828125,0,0.21181220744626394
0.9,0.84375,0,0.24963379729706103
0.9,0.859375,0,0.28505127721617296
0.9,0.875,0,0.3177235575108141
0.9,0.890625,0,0.34733598626126216
0.9,0.90625,0,0.3736033795908504
0.9,0.921875,0,0.3962727681425965
0.9,0.9375,0,0.41512583331239916
0.9,0.953125,0,0.4299810097765395
0.9,0.96875,0,0.44069523406500205
0.9,0.984375,0,0.4471653223408984
0.9,1.0,0,0.44932896411722145
0.91,0.0,0,0.35952303708250916
0.91,0.015625,0,0.357791835391315
0.91,0.03125,0,0.35261490273638973
0.91,0.046875,0,0.3440420958091997
0.91,0.0625,0,0.33215597542682657
0.91,0.078125,0,0.317071011426167
0.91,0.09375,0,0.2989324802568275
0.91,0.109375,0,0.2779150658894985
0.91,0.125,0,0.25422117751382484
0.91,0.140625,0,0.22807900022726108
0.91,0.15625,0,0.19974029748784472
0.91,0.171875,0,0.16947798649446702
0.91,0.1875,0,0.13758350984505607
0.91,0.203125,0,0.10436402878504027
0.91,0.21875,0,0.07013946507664316
0.91,0.234375,0,0.03523941997742618
0.91,0.25,0,2.2014436829141502e-17
0.91,0.265625,0,-0.035239419977426134
0.91,0.28125,0,-0.0701394650766431
0.91,0.296875,0,-0.1043640287850402
0.91,0.3125,0,-0.13758350984505605
0.91,0.328125,0,-0.169477986494467
0.91,0.34375,0,-0.1997402974878446
0.91,0.359375,0,-0.22807900022726105
0.91,0.375,0,-0.2542211775138248
0.91,0.390625,0,-0.2779150658894985
0.91,0.40625,0,-0.2989324802568275
0.91,0.421875,0,-0.31707101142616695
0.91,0.4375,0,-0.33215597542682657
0.91,0.453125,0,-0.3440420958091997
0.91,0.46875,0,-0.35261490273638973
0.91,0.484375,0,-0.3577918353913149
0.91,0.5,0,-0.35952303708250916
0.91,0.515625,0,-0.357791835391315
0.91,0.53125,0,-0.35261490273638973
0.91,0.546875,0,-0.3440420958091997
0.91,0.5625,0,-0.3321559754268266
0.91,0.578125,0,-0.317071011426167
0.91,0.59375,0,-0.29893248025682756
0.91,0.609375,0,-0.27791506588949855
0.91,0.625,0,-0.2542211775138249
0.91,0.640625,0,-0.2280790002272612
0.91,0.65625,0,-0.1997402974878447
0.91,0.671875,0,-0.16947798649446705
0.91,0.6875,0,-0.13758350984505627
0.91,0.703125,0,-0.10436402878504031
0.91,0.71875,0,-0.07013946507664327
0.91,0.734375,0,-0.035239419977426065
0.91,0.75,0,-6.60433104874245e-17
0.91,0.765625,0,0.03523941997742593
0.91,0.78125,0,0.07013946507664315
0.91,0.796875,0,0.10436402878504017
0.91,0.8125,0,0.13758350984505613
0.91,0.828125,0,0.16947798649446694
0.91,0.84375,0,0.19974029748784455
0.91,0.859375,0,0.22807900022726113
0.91,0.875,0,0.2542211775138247
0.91,0.890625,0,0.2779150658894984
0.91,0.90625,0,0.2989324802568275
0.91,0.921875,0,0.31707101142616695
0.91,0.9375,0,0.3321559754268265
0.91,0.953125,0,0.3440420958091997
0.91,0.96875,0,0.35261490273638973
0.91,0.984375,0,0.357791835391315
0.91,1.0,0,0.35952303708250916
0.92,0.0,0,0.2644072708270508
0.92,0.015625,0,0.2631340775481601
0.92,0.03125,0,0.2593267592587619
0.92,0.046875,0,0.253021982515275
0.92,0.0625,0,0.24428046576428086
0.92,0.078125,0,0.23318639459069057
0.92,0.09375,0,0.219846610964542
0.92,0.109375,0,0.20438958429442253
0.92,0.125,0,0.18696417419683561
0.92,0.140625,0,0.1677381968967192
0.92,0.15625,0,0.1468968090654617
0.92,0.171875,0,0.12464072466093959
0.92,0.1875,0,0.10118428194238169
0.92,0.203125,0,0.07675337927576366
0.92,0.21875,0,0.05158329960905499
0.92,0.234375,0,0.025916444568811217
0.92,0.25,0,1.6190275894481754e-17
0.92,0.265625,0,-0.025916444568811182
0.92,0.28125,0,-0.05158329960905496
0.92,0.296875,0,-0.0767533792757636
0.92,0.3125,0,-0.10118428194238165
0.92,0.328125,0,-0.12464072466093956
0.92,0.34375,0,-0.1468968090654616
0.92,0.359375,0,-0.16773819689671918
0.92,0.375,0,-0.1869641741968356
0.92,0.390625,0,-0.20438958429442253
0.92,0.40625,0,-0.21984661096454203
0.92,0.421875,0,-0.23318639459069054
0.92,0.4375,0,-0.24428046576428086
0.92,0.453125,0,-0.253021982515275
0.92,0.46875,0,-0.2593267592587619
0.92,0.484375,0,-0.26313407754816004
0.92,0.5,0,-0.2644072708270508
0.92,0.515625,0,-0.2631340775481601
0.92,0.53125,0,-0.2593267592587619
0.92,0.546875,0,-0.2530219825152751
0.92,0.5625,0,-0.2442804657642809
0.92,0.578125,0,-0.23318639459069057
0.92,0.59375,0,-0.21984661096454206
0.92,0.609375,0,-0.20438958429442255
0.92,0.625,0,-0.18696417419683564
0.92,0.640625,0,-0.1677381968967193
0.92,0.65625,0,-0.14689680906546168
0.92,0.671875,0,-0.12464072466093962
0.92,0.6875,0,-0.10118428194238181
0.92,0.703125,0,-0.07675337927576369
0.92,0.71875,0,-0.05158329960905508
0.92,0.734375,0,-0.025916444568811134
0.92,0.75,0,-4.8570827683445263e-17
0.92,0.765625,0,0.025916444568811037
0.92,0.78125,0,0.051583299609054986
0.92,0.796875,0,0.07675337927576358
0.92,0.8125,0,0.10118428194238173
0.92,0.828125,0,0.12464072466093953
0.92,0.84375,0,0.14689680906546157
0.92,0.859375,0,0.16773819689671923
0.92,0.875,0,0.18696417419683556
0.92,0.890625,0,0.20438958429442242
0.92,0.90625,0,0.219846610964542
0.92,0.921875,0,0.23318639459069052
0.92,0.9375,0,0.2442804657642808
0.92,0.953125,0,0.253021982515275
0.92,0.96875,0,0.25932675925876186
0.92,0.984375,0,0.2631340775481601
0.92,1.0,0,0.2644072708270508
0.93,0.0,0,0.1690133154060658
0.93,0.015625,0,0.1681994700963474
0.93,0.03125,0,0.16576577194241787
0.93,0.046875,0,0.1617356587878943
0.93,0.0625,0,0.1561479428255387
0.93,0.078125,0,0.14905643681462485
0.93,0.09375,0,0.14052943583464933
0.93,0.109375,0,0.13064905956638218
0.93,0.125,0,0.11951046143444992
0.93,0.140625,0,0.10722091222784014
0.93,0.15625,0,0.0938987670235635
0.93,0.171875,0,0.07967232536256255
0.93,0.1875,0,0.06467859565499677
0.93,0.203125,0,0.04906197571435646
0.93,0.21875,0,0.03297286212758284
0.93,0.234375,0,0.016566201853720666
0.93,0.25,0,1.0349080786266025e-17
0.93,0.265625,0,-0.016566201853720645
0.93,0.28125,0,-0.03297286212758282
0.93,0.296875,0,-0.04906197571435643
0.93,0.3125,0,-0.06467859565499676
0.93,0.328125,0,-0.07967232536256254
0.93,0.34375,0,-0.09389876702356345
0.93,0.359375,0,-0.10722091222784012
0.93,0.375,0,-0.11951046143444989
0.93,0.390625,0,-0.13064905956638218
0.93,0.40625,0,-0.14052943583464933
0.93,0.421875,0,-0.14905643681462483
0.93,0.4375,0,-0.1561479428255387
0.93,0.453125,0,-0.1617356587878943
0.93,0.46875,0,-0.16576577194241787
0.93,0.484375,0,-0.16819947009634736
0.93,0.5,0,-0.1690133154060658
0.93,0.515625,0,-0.1681994700963474
0.93,0.53125,0,-0.16576577194241787
0.93,0.546875,0,-0.1617356587878943
0.93,0.5625,0,-0.15614794282553873
0.93,0.578125,0,-0.14905643681462485
0.93,0.59375,0,-0.14052943583464936
0.93,0.609375,0,-0.1306490595663822
0.93,0.625,0,-0.11951046143444993
0.93,0.640625,0,-0.10722091222784019
0.93,0.65625,0,-0.09389876702356349
0.93,0.671875,0,-0.07967232536256258
0.93,0.6875,0,-0.06467859565499685
0.93,0.703125,0,-0.04906197571435647
0.93,0.71875,0,-0.032972862127582894
0.93,0.734375,0,-0.01656620185372061
0.93,0.75,0,-3.1047242358798074e-17
0.93,0.765625,0,0.01656620185372055
0.93,0.78125,0,0.03297286212758283
0.93,0.796875,0,0.04906197571435641
0.93,0.8125,0,0.0646785956549968
0.93,0.828125,0,0.07967232536256252
0.93,0.84375,0,0.09389876702356344
0.93,0.859375,0,0.10722091222784015
0.93,0.875,0,0.11951046143444988
0.93,0.890625,0,0.13064905956638212
0.93,0.90625,0,0.14052943583464933
0.93,0.921875,0,0.14905643681462483
0.93,0.9375,0,0.15614794282553868
0.93,0.953125,0,0.1617356587878943
0.93,0.96875,0,0.16576577194241784
0.93,0.984375,0,0.1681994700963474
0.93,1.0,0,0.1690133154060658
0.9400000000000001,0.0,0,0.08329472545891131
0.9400000000000001,0.015625,0,0.08289363858906233
0.9400000000000001,0.03125,0,0.08169424066532843
0.9400000000000001,0.046875,0,0.07970808254537275
0.9400000000000001,0.0625,0,0.07695429201763496
0.9400000000000001,0.078125,0,0.07345938959027218
0.9400000000000001,0.09375,0,0.06925703308416793
0.9400000000000001,0.109375,0,0.06438769348971775
0.9400000000000001,0.125,0,0.058898265209067956
0.9400000000000001,0.140625,0,0.05284161443738796
0.9400000000000001,0.15625,0,0.046276070032511156
0.9400000000000001,0.171875,0,0.03926486177614816
0.9400000000000001,0.1875,0,0.031875511436524014
0.9400000000000001,0.203125,0,0.024179182496839115
0.9400000000000001,0.21875,0,0.01624999481202401
0.9400000000000001,0.234375,0,0.008164310794018349
0.9400000000000001,0.25,0,5.100330945955665e-18
0.9400000000000001,0.265625,0,-0.008164310794018338
0.9400000000000001,0.28125,0,-0.016249994812024
0.9400000000000001,0.296875,0,-0.0241791824968391
0.9400000000000001,0.3125,0,-0.03187551143652401
0.9400000000000001,0.328125,0,-0.039264861776148144
0.9400000000000001,0.34375,0,-0.04627607003251113
0.9400000000000001,0.359375,0,-0.052841614437387954
0.9400000000000001,0.375,0,-0.05889826520906794
0.9400000000000001,0.390625,0,-0.06438769348971775
0.9400000000000001,0.40625,0,-0.06925703308416795
0.9400000000000001,0.421875,0,-0.07345938959027218
0.9400000000000001,0.4375,0,-0.07695429201763496
0.9400000000000001,0.453125,0,-0.07970808254537275
0.9400000000000001,0.46875,0,-0.08169424066532843
0.9400000000000001,0.484375,0,-0.08289363858906233
0.9400000000000001,0.5,0,-0.08329472545891131
0.9400000000000001,0.515625,0,-0.08289363858906233
0.9400000000000001,0.53125,0,-0.08169424066532843
0.9400000000000001,0.546875,0,-0.07970808254537276
0.9400000000000001,0.5625,0,-0.07695429201763497
0.9400000000000001,0.578125,0,-0.07345938959027218
0.9400000000000001,0.59375,0,-0.06925703308416795
0.9400000000000001,0.609375,0,-0.06438769348971775
0.9400000000000001,0.625,0,-0.05889826520906796
0.9400000000000001,0.640625,0,-0.05284161443738799
0.9400000000000001,0.65625,0,-0.04627607003251115
0.9400000000000001,0.671875,0,-0.039264861776148165
0.9400000000000001,0.6875,0,-0.031875511436524055
0.9400000000000001,0.703125,0,-0.024179182496839126
0.9400000000000001,0.71875,0,-0.01624999481202404
0.9400000000000001,0.734375,0,-0.00816431079401832
0.9400000000000001,0.75,0,-1.5300992837866994e-17
0.9400000000000001,0.765625,0,0.008164310794018291
0.9400000000000001,0.78125,0,0.016249994812024007
0.9400000000000001,0.796875,0,0.024179182496839095
0.9400000000000001,0.8125,0,0.03187551143652403
0.9400000000000001,0.828125,0,0.03926486177614814
0.9400000000000001,0.84375,0,0.04627607003251112
0.9400000000000001,0.859375,0,0.05284161443738797
0.9400000000000001,0.875,0,0.058898265209067935
0.9400000000000001,0.890625,0,0.06438769348971772
0.9400000000000001,0.90625,0,0.06925703308416793
0.9400000000000001,0.921875,0,0.07345938959027216
0.9400000000000001,0.9375,0,0.07695429201763494
0.9400000000000001,0.953125,0,0.07970808254537275
0.9400000000000001,0.96875,0,0.08169424066532842
0.9400000000000001,0.984375,0,0.08289363858906233
0.9400000000000001,1.0,0,0.08329472545891131
0.9500000000000001,0.0,0,0.023174427241060974
0.9500000000000001,0.015625,0,0.02306283603967998
0.9500000000000001,0.03125,0,0.02272913711980825
0.9500000000000001,0.046875,0,0.022176544184462535
0.9500000000000001,0.0625,0,0.021410379005688242
0.9500000000000001,0.078125,0,0.020438020172985457
0.9500000000000001,0.09375,0,0.01926883203345851
0.9500000000000001,0.109375,0,0.017914074508034304
0.9500000000000001,0.125,0,0.016386794652268468
0.9500000000000001,0.140625,0,0.014701701006068121
0.9500000000000001,0.15625,0,0.012875021942412064
0.9500000000000001,0.171875,0,0.010924349379247654
0.9500000000000001,0.1875,0,0.008868469359704253
0.9500000000000001,0.203125,0,0.006727181132228405
0.9500000000000001,0.21875,0,0.004521106472997922
0.9500000000000001,0.234375,0,0.0022714910869442695
0.9500000000000001,0.25,0,1.4190244071419274e-18
0.9500000000000001,0.265625,0,-0.0022714910869442665
0.9500000000000001,0.28125,0,-0.004521106472997919
0.9500000000000001,0.296875,0,-0.006727181132228401
0.9500000000000001,0.3125,0,-0.00886846935970425
0.9500000000000001,0.328125,0,-0.010924349379247652
0.9500000000000001,0.34375,0,-0.012875021942412057
0.9500000000000001,0.359375,0,-0.01470170100606812
0.9500000000000001,0.375,0,-0.016386794652268468
0.9500000000000001,0.390625,0,-0.017914074508034304
0.9500000000000001,0.40625,0,-0.019268832033458513
0.9500000000000001,0.421875,0,-0.020438020172985454
0.9500000000000001,0.4375,0,-0.021410379005688242
0.9500000000000001,0.453125,0,-0.022176544184462535
0.9500000000000001,0.46875,0,-0.02272913711980825
0.9500000000000001,0.484375,0,-0.023062836039679978
0.9500000000000001,0.5,0,-0.023174427241060974
0.9500000000000001,0.515625,0,-0.02306283603967998
0.9500000000000001,0.53125,0,-0.02272913711980825
0.9500000000000001,0.546875,0,-0.02217654418446254
0.9500000000000001,0.5625,0,-0.021410379005688245
0.9500000000000001,0.578125,0,-0.020438020172985457
0.9500000000000001,0.59375,0,-0.019268832033458517
0.9500000000000001,0.609375,0,-0.017914074508034308
0.9500000000000001,0.625,0,-0.01638679465226847
0.9500000000000001,0.640625,0,-0.01470170100606813
0.9500000000000001,0.65625,0,-0.012875021942412062
0.9500000000000001,0.671875,0,-0.010924349379247657
0.9500000000000001,0.6875,0,-0.008868469359704265
0.9500000000000001,0.703125,0,-0.0067271811322284075
0.9500000000000001,0.71875,0,-0.0045211064729979294
0.9500000000000001,0.734375,0,-0.0022714910869442617
0.9500000000000001,0.75,0,-4.257073221425782e-18
0.9500000000000001,0.765625,0,0.0022714910869442535
0.9500000000000001,0.78125,0,0.004521106472997922
0.9500000000000001,0.796875,0,0.006727181132228398
0.9500000000000001,0.8125,0,0.008868469359704256
0.9500000000000001,0.828125,0,0.010924349379247649
0.9500000000000001,0.84375,0,0.012875021942412053
0.9500000000000001,0.859375,0,0.014701701006068124
0.9500000000000001,0.875,0,0.016386794652268465
0.9500000000000001,0.890625,0,0.017914074508034297
0.9500000000000001,0.90625,0,0.01926883203345851
0.9500000000000001,0.921875,0,0.02043802017298545
0.9500000000000001,0.9375,0,0.021410379005688235
0.9500000000000001,0.953125,0,0.022176544184462535
0.9500000000000001,0.96875,0,0.022729137119808247
0.9500000000000001,0.984375,0,0.02306283603967998
0.9500000000000001,1.0,0,0.023174427241060974
0.96,0.0,0,0.0011608292139184092
0.96,0.015625,0,0.0011552395039664933
0.96,0.03125,0,0.0011385242060732285
0.96,0.046875,0,0.0011108442976948386
0.96,0.0625,0,0.0010724663514803843
0.96,0.078125,0,0.0010237599680314306
0.96,0.09375,0,0.000965194216446208
0.96,0.109375,0,0.0008973331169277791
0.96,0.125,0,0.0008208302089611566
0.96,0.140625,0,0.0007364222573708025
0.96,0.15625,0,0.0006449221568726124
0.96,0.171875,0,0.0005472111034534262
0.96,0.1875,0,0.00044423010797196594
0.96,0.203125,0,0.00033697093370985663
0.96,0.21875,0,0.00022646654514907157
0.96,0.234375,0,0.00011378115995929443
0.96,0.25,0,7.10802890590959e-20
0.96,0.265625,0,-0.00011378115995929429
0.96,0.28125,0,-0.0002264665451490714
0.96,0.296875,0,-0.0003369709337098564
0.96,0.3125,0,-0.00044423010797196583
0.96,0.328125,0,-0.0005472111034534261
0.96,0.34375,0,-0.0006449221568726119
0.96,0.359375,0,-0.0007364222573708024
0.96,0.375,0,-0.0008208302089611565
0.96,0.390625,0,-0.0008973331169277791
0.96,0.40625,0,-0.0009651942164462081
0.96,0.421875,0,-0.0010237599680314304
0.96,0.4375,0,-0.0010724663514803843
0.96,0.453125,0,-0.0011108442976948386
0.96,0.46875,0,-0.0011385242060732285
0.96,0.484375,0,-0.001155239503966493
0.96,0.5,0,-0.0011608292139184092
0.96,0.515625,0,-0.0011552395039664933
0.96,0.53125,0,-0.0011385242060732285
0.96,0.546875,0,-0.0011108442976948388
0.96,0.5625,0,-0.0010724663514803845
0.96,0.578125,0,-0.0010237599680314306
0.96,0.59375,0,-0.0009651942164462083
0.96,0.609375,0,-0.0008973331169277792
0.96,0.625,0,-0.0008208302089611567
0.96,0.640625,0,-0.000736422257370803
0.96,0.65625,0,-0.0006449221568726123
0.96,0.671875,0,-0.0005472111034534264
0.96,0.6875,0,-0.00044423010797196654
0.96,0.703125,0,-0.00033697093370985674
0.96,0.71875,0,-0.00022646654514907194
0.96,0.734375,0,-0.00011378115995929406
0.96,0.75,0,-2.1324086717728768e-19
0.96,0.765625,0,0.00011378115995929364
0.96,0.78125,0,0.00022646654514907154
0.96,0.796875,0,0.0003369709337098563
0.96,0.8125,0,0.00044423010797196616
0.96,0.828125,0,0.000547211103453426
0.96,0.84375,0,0.0006449221568726118
0.96,0.859375,0,0.0007364222573708027
0.96,0.875,0,0.0008208302089611564
0.96,0.890625,0,0.0008973331169277787
0.96,0.90625,0,0.000965194216446208
0.96,0.921875,0,0.0010237599680314304
0.96,0.9375,0,0.001072466351480384
0.96,0.953125,0,0.0011108442976948386
0.96,0.96875,0,0.0011385242060732285
0.96,0.984375,0,0.0011552395039664933
0.96,1.0,0,0.0011608292139184092
0.97,0.0,0,3.5717009581140713e-10
0.97,0.015625,0,3.554502241755576e-10
0.97,0.03125,0,3.5030717257203965e-10
0.97,0.046875,0,3.4179047139927314e-10
0.97,0.0625,0,3.299821411452543e-10
0.97,0.078125,0,3.149959024854193e-10
0.97,0.09375,0,2.969760810903736e-10
0.97,0.109375,0,2.7609621769078803e-10
0.97,0.125,0,2.525573967852949e-10
0.97,0.140625,0,2.2658631008684248e-10
0.97,0.15625,0,1.9843307335757714e-10
0.97,0.171875,0,1.683688176573263e-10
0.97,0.1875,0,1.3668307820327728e-10
0.97,0.203125,0,1.036810059875597e-10
0.97,0.21875,0,6.968042900637882e-11
0.97,0.234375,0,3.500879140266936e-11
0.97,0.25,0,2.187036072932966e-26
0.97,0.265625,0,-3.5008791402669316e-11
0.97,0.28125,0,-6.968042900637877e-11
0.97,0.296875,0,-1.0368100598755965e-10
0.97,0.3125,0,-1.3668307820327725e-10
0.97,0.328125,0,-1.6836881765732628e-10
0.97,0.34375,0,-1.98433073357577e-10
0.97,0.359375,0,-2.2658631008684245e-10
0.97,0.375,0,-2.5255739678529485e-10
0.97,0.390625,0,-2.7609621769078803e-10
0.97,0.40625,0,-2.9697608109037367e-10
0.97,0.421875,0,-3.1499590248541923e-10
0.97,0.4375,0,-3.299821411452543e-10
0.97,0.453125,0,-3.4179047139927314e-10
0.97,0.46875,0,-3.5030717257203965e-10
0.97,0.484375,0,-3.554502241755576e-10
0.97,0.5,0,-3.5717009581140713e-10
0.97,0.515625,0,-3.554502241755576e-10
0.97,0.53125,0,-3.5030717257203965e-10
0.97,0.546875,0,-3.417904713992732e-10
0.97,0.5625,0,-3.2998214114525436e-10
0.97,0.578125,0,-3.149959024854193e-10
0.97,0.59375,0,-2.969760810903737e-10
0.97,0.609375,0,-2.760962176907881e-10
0.97,0.625,0,-2.5255739678529495e-10
0.97,0.640625,0,-2.265863100868426e-10
0.97,0.65625,0,-1.984330733575771e-10
0.97,0.671875,0,-1.6836881765732635e-10
0.97,0.6875,0,-1.3668307820327746e-10
0.97,0.703125,0,-1.0368100598755974e-10
0.97,0.71875,0,-6.968042900637894e-11
0.97,0.734375,0,-3.5008791402669245e-11
0.97,0.75,0,-6.561108218798898e-26
0.97,0.765625,0,3.5008791402669115e-11
0.97,0.78125,0,6.968042900637881e-11
0.97,0.796875,0,1.0368100598755961e-10
0.97,0.8125,0,1.3668307820327733e-10
0.97,0.828125,0,1.6836881765732623e-10
0.97,0.84375,0,1.9843307335757699e-10
0.97,0.859375,0,2.2658631008684253e-10
0.97,0.875,0,2.525573967852948e-10
0.97,0.890625,0,2.7609621769078793e-10
0.97,0.90625,0,2.969760810903736e-10
0.97,0.921875,0,3.1499590248541923e-10
0.97,0.9375,0,3.2998214114525426e-10
0.97,0.953125,0,3.4179047139927314e-10
0.97,0.96875,0,3.503071725720396e-10
0.97,0.984375,0,3.554502241755576e-10
0.97,1.0,0,3.5717009581140713e-10
0.98,0.0,0,0.0
0.98,0.015625,0,0.0
0.98,0.03125,0,0.0
0.98,0.046875,0,0.0
0.98,0.0625,0,0.0
0.98,0.078125,0,0.0
0.98,0.09375,0,0.0
0.98,0.109375,0,0.0
0.98,0.125,0,0.0
0.98,0.140625,0,0.0
0.98,0.15625,0,0.0
0.98,0.171875,0,0.0
0.98,0.1875,0,0.0
0.98,0.203125,0,0.0
0.98,0.21875,0,0.0
0.98,0.234375,0,0.0
0.98,0.25,0,0.0
0.98,0.265625,0,-0.0
0.98,0.28125,0,-0.0
0.98,0.296875,0,-0.0
0.98,0.3125,0,-0.0
0.98,0.328125,0,-0.0
0.98,0.34375,0,-0.0
0.98,0.359375,0,-0.0
0.98,0.375,0,-0.0
0.98,0.390625,0,-0.0
0.98,0.40625,0,-0.0
0.98,0.421875,0,-0.0
0.98,0.4375,0,-0.0
0.98,0.453125,0,-0.0
0.98,0.46875,0,-0.0
0.98,0.484375,0,-0.0
0.98,0.5,0,-0.0
0.98,0.515625,0,-0.0
0.98,0.53125,0,-0.0
0.98,0.546875,0,-0.0
0.98,0.5625,0,-0.0
0.98,0.578125,0,-0.0
0.98,0.59375,0,-0.0
0.98,0.609375,0,-0.0
0.98,0.625,0,-0.0
0.98,0.640625,0,-0.0
0.98,0.65625,0,-0.0
0.98,0.671875,0,-0.0
0.98,0.6875,0,-0.0
0.98,0.703125,0,-0.0
0.98,0.71875,0,-0.0
0.98,0.734375,0,-0.0
0.98,0.75,0,-0.0
0.98,0.765625,0,0.0
0.98,0.78125,0,0.0
0.98,0.796875,0,0.0
0.98,0.8125,0,0.0
0.98,0.828125,0,0.0
0.98,0.84375,0,0.0
0.98,0.859375,0,0.0
0.98,0.875,0,0.0
0.98,0.890625,0,0.0
0.98,0.90625,0,0.0
0.98,0.921875,0,0.0
0.98,0.9375,0,0.0
0.98,0.953125,0,0.0
0.98,0.96875,0,0.0
0.98,0.984375,0,0.0
0.98,1.0,0,0.0
0.99,0.0,0,0.0
0.99,0.015625,0,0.0
0.99,0.03125,0,0.0
0.99,0.046875,0,0.0
0.99,0.0625,0,0.0
0.99,0.078125,0,0.0
0.99,0.09375,0,0.0
0.99,0.109375,0,0.0
0.99,0.125,0,0.0
0.99,0.140625,0,0.0
0.99,0.15625,0,0.0
0.99,0.171875,0,0.0
0.99,0.1875,0,0.0
0.99,0.203125,0,0.0
0.99,0.21875,0,0.0
0.99,0.234375,0,0.0
0.99,0.25,0,0.0
0.99,0.265625,0,-0.0
0.99,0.28125,0,-0.0
0.99,0.296875,0,-0.0
0.99,0.3125,0,-0.0
0.99,0.328125,0,-0.0
0.99,0.34375,0,-0.0
0.99,0.359375,0,-0.0
0.99,0.375,0,-0.0
0.99,0.390625,0,-0.0
0.99,0.40625,0,-0.0
0.99,0.421875,0,-0.0
0.99,0.4375,0,-0.0
0.99,0.453125,0,-0.0
0.99,0.46875,0,-0.0
0.99,0.484375,0,-0.0
0.99,0.5,0,-0.0
0.99,0.515625,0,-0.0
0.99,0.53125,0,-0.0
0.99,0.546875,0,-0.0
0.99,0.5625,0,-0.0
0.99,0.578125,0,-0.0
0.99,0.59375,0,-0.0
0.99,0.609375,0,-0.0
0.99,0.625,0,-0.0
0.99,0.640625,0,-0.0
0.99,0.65625,0,-0.0
0.99,0.671875,0,-0.0
0.99,0.6875,0,-0.0
0.99,0.703125,0,-0.0
0.99,0.71875,0,-0.0
0.99,0.734375,0,-0.0
0.99,0.75,0,-0.0
0.99,0.765625,0,0.0
0.99,0.78125,0,0.0
0.99,0.796875,0,0.0
0.99,0.8125,0,0.0
0.99,0.828125,0,0.0
0.99,0.84375,0,0.0
0.99,0.859375,0,0.0
0.99,0.875,0,0.0
0.99,0.890625,0,0.0
0.99,0.90625,0,0.0
0.99,0.921875,0,0.0
0.99,0.9375,0,0.0
0.99,0.953125,0,0.0
0.99,0.96875,0,0.0
0.99,0.984375,0,0.0
0.99,1.0,0,0.0
1.0,0.0,0,0.0
1.0,0.015625,0,0.0
1.0,0.03125,0,0.0
1.0,0.046875,0,0.0
1.0,0.0625,0,0.0
1.0,0.078125,0,0.0
1.0,0.09375,0,0.0
1.0,0.109375,0,0.0
1.0,0.125,0,0.0
1.0,0.140625,0,0.0
1.0,0.15625,0,0.0
1.0,0.171875,0,0.0
1.0,0.1875,0,0.0
1.0,0.203125,0,0.0
1.0,0.21875,0,0.0
1.0,0.234375,0,0.0
1.0,0.25,0,0.0
1.0,0.265625,0,-0.0
1.0,0.28125,0,-0.0
1.0,0.296875,0,-0.0
1.0,0.3125,0,-0.0
1.0,0.328125,0,-0.0
1.0,0.34375,0,-0.0
1.0,0.359375,0,-0.0
1.0,0.375,0,-0.0
1.0,0.390625,0,-0.0
1.0,0.40625,0,-0.0
1.0,0.421875,0,-0.0
1.0,0.4375,0,-0.0
1.0,0.453125,0,-0.0
1.0,0.46875,0,-0.0
1.0,0.484375,0,-0.0
1.0,0.5,0,-0.0
1.0,0.515625,0,-0.0
1.0,0.53125,0,-0.0
1.0,0.546875,0,-0.0
1.0,0.5625,0,-0.0
1.0,0.578125,0,-0.0
1.0,0.59375,0,-0.0
1.0,0.609375,0,-0.0
1.0,0.625,0,-0.0
1.0,0.640625,0,-0.0
1.0,0.65625,0,-0.0
1.0,0.671875,0,-0.0
1.0,0.6875,0,-0.0
1.0,0.703125,0,-0.0
1.0,0.71875,0,-0.0
1.0,0.734375,0,-0.0
1.0,0.75,0,-0.0
1.0,0.765625,0,0.0
1.0,0.78125,0,0.0
1.0,0.796875,0,0.0
1.0,0.8125,0,0.0
1.0,0.828125,0,0.0
1.0,0.84375,0,0.0
1.0,0.859375,0,0.0
1.0,0.875,0,0.0
1.0,0.890625,0,0.0
1.0,0.90625,0,0.0
1.0,0.921875,0,0.0
1.0,0.9375,0,0.0
1.0,0.953125,0,0.0
1.0,0.96875,0,0.0
1.0,0.984375,0,0.0
1.0,1.0,0,0.0
