s,eta,winding,error
0.0,0.0,2,0.0
0.0,0.015625,2,0.0
0.0,0.03125,2,0.0
0.0,0.046875,2,0.0
0.0,0.0625,2,0.0
0.0,0.078125,2,0.0
0.0,0.09375,2,0.0
0.0,0.109375,2,0.0
0.0,0.125,2,0.0
0.0,0.140625,2,0.0
0.0,0.15625,2,0.0
0.0,0.171875,2,0.0
0.0,0.1875,2,0.0
0.0,0.203125,2,0.0
0.0,0.21875,2,0.0
0.0,0.234375,2,0.0
0.0,0.25,2,0.0
0.0,0.265625,2,-0.0
0.0,0.28125,2,-0.0
0.0,0.296875,2,-0.0
0.0,0.3125,2,-0.0
0.0,0.328125,2,-0.0
0.0,0.34375,2,-0.0
0.0,0.359375,2,-0.0
0.0,0.375,2,-0.0
0.0,0.390625,2,-0.0
0.0,0.40625,2,-0.0
0.0,0.421875,2,-0.0
0.0,0.4375,2,-0.0
0.0,0.453125,2,-0.0
0.0,0.46875,2,-0.0
0.0,0.484375,2,-0.0
0.0,0.5,2,-0.0
0.0,0.515625,2,-0.0
0.0,0.53125,2,-0.0
0.0,0.546875,2,-0.0
0.0,0.5625,2,-0.0
0.0,0.578125,2,-0.0
0.0,0.59375,2,-0.0
0.0,0.609375,2,-0.0
0.0,0.625,2,-0.0
0.0,0.640625,2,-0.0
0.0,0.65625,2,-0.0
0.0,0.671875,2,-0.0
0.0,0.6875,2,-0.0
0.0,0.703125,2,-0.0
0.0,0.71875,2,-0.0
0.0,0.734375,2,-0.0
0.0,0.75,2,-0.0
0.0,0.765625,2,0.0
0.0,0.78125,2,0.0
0.0,0.796875,2,0.0
0.0,0.8125,2,0.0
0.0,0.828125,2,0.0
0.0,0.84375,2,0.0
0.0,0.859375,2,0.0
0.0,0.875,2,0.0
0.0,0.890625,2,0.0
0.0,0.90625,2,0.0
0.0,0.921875,2,0.0
0.0,0.9375,2,0.0
0.0,0.953125,2,0.0
0.0,0.96875,2,0.0
0.0,0.984375,2,0.0
0.0,1.0,2,0.0
0.01,0.0,2,0.0
0.01,0.015625,2,0.0
0.01,0.03125,2,0.0
0.01,0.046875,2,0.0
0.01,0.0625,2,0.0
0.01,0.078125,2,0.0
0.01,0.09375,2,0.0
0.01,0.109375,2,0.0
0.01,0.125,2,0.0
0.01,0.140625,2,0.0
0.01,0.15625,2,0.0
0.01,0.171875,2,0.0
0.01,0.1875,2,0.0
0.01,0.203125,2,0.0
0.01,0.21875,2,0.0
0.01,0.234375,2,-0.0
0.01,0.25,2,-0.0
0.01,0.265625,2,-0.0
0.01,0.28125,2,-0.0
0.01,0.296875,2,-0.0
0.01,0.3125,2,-0.0
0.01,0.328125,2,-0.0
0.01,0.34375,2,-0.0
0.01,0.359375,2,-0.0
0.01,0.375,2,-0.0
0.01,0.390625,2,-0.0
0.01,0.40625,2,-0.0
0.01,0.421875,2,-0.0
0.01,0.4375,2,-0.0
0.01,0.453125,2,-0.0
0.01,0.46875,2,-0.0
0.01,0.484375,2,-0.0
0.01,0.5,2,-0.0
0.01,0.515625,2,-0.0
0.01,0.53125,2,-0.0
0.01,0.546875,2,-0.0
0.01,0.5625,2,-0.0
0.01,0.578125,2,-0.0
0.01,0.59375,2,-0.0
0.01,0.609375,2,-0.0
0.01,0.625,2,-0.0
0.01,0.640625,2,-0.0
0.01,0.65625,2,-0.0
0.01,0.671875,2,-0.0
0.01,0.6875,2,-0.0
0.01,0.703125,2,-0.0
0.01,0.71875,2,-0.0
0.01,0.734375,2,0.0
0.01,0.75,2,0.0
0.01,0.765625,2,0.0
0.01,0.78125,2,0.0
0.01,0.796875,2,0.0
0.01,0.8125,2,0.0
0.01,0.828125,2,0.0
0.01,0.84375,2,0.0
0.01,0.859375,2,0.0
0.01,0.875,2,0.0
0.01,0.890625,2,0.0
0.01,0.90625,2,0.0
0.01,0.921875,2,0.0
0.01,0.9375,2,0.0
0.01,0.953125,2,0.0
0.01,0.96875,2,0.0
0.01,0.984375,2,0.0
0.01,1.0,2,0.0
0.02,0.0,2,0.0
0.02,0.015625,2,0.0
0.02,0.03125,2,0.0
0.02,0.046875,2,0.0
0.02,0.0625,2,0.0
0.02,0.078125,2,0.0
0.02,0.09375,2,0.0
0.02,0.109375,2,0.0
0.02,0.125,2,0.0
0.02,0.140625,2,0.0
0.02,0.15625,2,0.0
0.02,0.171875,2,0.0
0.02,0.1875,2,0.0
0.02,0.203125,2,0.0
0.02,0.21875,2,-0.0
0.02,0.234375,2,-0.0
0.02,0.25,2,-0.0
0.02,0.265625,2,-0.0
0.02,0.28125,2,-0.0
0.02,0.296875,2,-0.0
0.02,0.3125,2,-0.0
0.02,0.328125,2,-0.0
0.02,0.34375,2,-0.0
0.02,0.359375,2,-0.0
0.02,0.375,2,-0.0
0.02,0.390625,2,-0.0
0.02,0.40625,2,-0.0
0.02,0.421875,2,-0.0
0.02,0.4375,2,-0.0
0.02,0.453125,2,-0.0
0.02,0.46875,2,-0.0
0.02,0.484375,2,-0.0
0.02,0.5,2,-0.0
0.02,0.515625,2,-0.0
0.02,0.53125,2,-0.0
0.02,0.546875,2,-0.0
0.02,0.5625,2,-0.0
0.02,0.578125,2,-0.0
0.02,0.59375,2,-0.0
0.02,0.609375,2,-0.0
0.02,0.625,2,-0.0
0.02,0.640625,2,-0.0
0.02,0.65625,2,-0.0
0.02,0.671875,2,-0.0
0.02,0.6875,2,-0.0
0.02,0.703125,2,-0.0
0.02,0.71875,2,0.0
0.02,0.734375,2,0.0
0.02,0.75,2,0.0
0.02,0.765625,2,0.0
0.02,0.78125,2,0.0
0.02,0.796875,2,0.0
0.02,0.8125,2,0.0
0.02,0.828125,2,0.0
0.02,0.84375,2,0.0
0.02,0.859375,2,0.0
0.02,0.875,2,0.0
0.02,0.890625,2,0.0
0.02,0.90625,2,0.0
0.02,0.921875,2,0.0
0.02,0.9375,2,0.0
0.02,0.953125,2,0.0
0.02,0.96875,2,0.0
0.02,0.984375,2,0.0
0.02,1.0,2,0.0
0.03,0.0,2,3.3208835654786245e-10
0.03,0.015625,2,3.1760166466696617e-10
0.03,0.03125,2,3.0005629513659645e-10
0.03,0.046875,2,2.7962121945660543e-10
0.03,0.0625,2,2.564932385767401e-10
0.03,0.078125,2,2.3089508759591388e-10
0.03,0.09375,2,2.0307329070144495e-10
0.03,0.109375,2,1.7329578700636822e-10
0.03,0.125,2,1.4184935014930668e-10
0.03,0.140625,2,1.0903682650756488e-10
0.03,0.15625,2,7.517421862096264e-11
0.03,0.171875,2,4.058764191463258e-11
0.03,0.1875,2,5.610184029202516e-12
0.03,0.203125,2,-2.942130299526724e-11
0.03,0.21875,2,-6.416944678857241e-11
0.03,0.234375,2,-9.829960373071574e-11
0.03,0.25,2,-1.3148308175290288e-10
0.03,0.265625,2,-1.6340030582184578e-10
0.03,0.28125,2,-1.9374389562203093e-10
0.03,0.296875,2,-2.2222162579618934e-10
0.03,0.3125,2,-2.485592402352329e-10
0.03,0.328125,2,-2.72503093314509e-10
0.03,0.34375,2,-2.938225926398226e-10
0.03,0.359375,2,-3.123124197782473e-10
0.03,0.375,2,-3.2779450758687235e-10
0.03,0.390625,2,-3.401197550967305e-10
0.03,0.40625,2,-3.491694634366362e-10
0.03,0.421875,2,-3.548564789682024e-10
0.03,0.4375,2,-3.571260326230212e-10
0.03,0.453125,2,-3.5595626735873244e-10
0.03,0.46875,2,-3.5135844865428994e-10
0.03,0.484375,2,-3.433768560172409e-10
0.03,0.5,2,-3.3208835654786234e-10
0.03,0.515625,2,-3.1760166466696617e-10
0.03,0.53125,2,-3.0005629513659645e-10
0.03,0.546875,2,-2.796212194566054e-10
0.03,0.5625,2,-2.5649323857674e-10
0.03,0.578125,2,-2.3089508759591372e-10
0.03,0.59375,2,-2.0307329070144487e-10
0.03,0.609375,2,-1.7329578700636827e-10
0.03,0.625,2,-1.4184935014930657e-10
0.03,0.640625,2,-1.0903682650756483e-10
0.03,0.65625,2,-7.517421862096246e-11
0.03,0.671875,2,-4.058764191463246e-11
0.03,0.6875,2,-5.61018402920256e-12
0.03,0.703125,2,2.942130299526743e-11
0.03,0.71875,2,6.416944678857246e-11
0.03,0.734375,2,9.82996037307157e-11
0.03,0.75,2,1.3148308175290296e-10
0.03,0.765625,2,1.6340030582184572e-10
0.03,0.78125,2,1.9374389562203116e-10
0.03,0.796875,2,2.2222162579618947e-10
0.03,0.8125,2,2.485592402352329e-10
0.03,0.828125,2,2.725030933145091e-10
0.03,0.84375,2,2.9382259263982273e-10
0.03,0.859375,2,3.123124197782473e-10
0.03,0.875,2,3.277945075868724e-10
0.03,0.890625,2,3.4011975509673045e-10
0.03,0.90625,2,3.491694634366363e-10
0.03,0.921875,2,3.5485647896820245e-10
0.03,0.9375,2,3.571260326230212e-10
0.03,0.953125,2,3.559562673587324e-10
0.03,0.96875,2,3.5135844865428994e-10
0.03,0.984375,2,3.433768560172409e-10
0.03,1.0,2,3.320883565478624e-10
0.04,0.0,2,0.0010172423945467555
0.04,0.015625,2,0.0009575296025224398
0.04,0.03125,2,0.0008885952769869075
0.04,0.046875,2,0.0008111032931784016
0.04,0.0625,2,0.000725799941262425
0.04,0.078125,2,0.0006335067391494846
0.04,0.09375,2,0.000535112520828524
0.04,0.109375,2,0.0004315648764097252
0.04,0.125,2,0.00032386102631374176
0.04,0.140625,2,0.0002130382174939111
0.04,0.15625,2,0.00010016373418107838
0.04,0.171875,2,-1.3675380646985186e-05
0.04,0.1875,2,-0.00012738279408369452
0.04,0.203125,2,-0.00023986344157885965
0.04,0.21875,2,-0.000350034073008925
0.04,0.234375,2,-0.0004568336849678263
0.04,0.25,2,-0.0005592337388097924
0.04,0.265625,2,-0.0006562480660387613
0.04,0.28125,2,-0.0007469423656500929
0.04,0.296875,2,-0.0008304432019599824
0.04,0.3125,2,-0.0009059464162685652
0.04,0.328125,2,-0.0009727248713477942
0.04,0.34375,2,-0.00103013545417044
0.04,0.359375,2,-0.001077625269440103
0.04,0.375,2,-0.001114736964275163
0.04,0.390625,2,-0.001141113132767042
0.04,0.40625,2,-0.0011564997579944832
0.04,0.421875,2,-0.0011607486583453612
0.04,0.4375,2,-0.001153818914586612
0.04,0.453125,2,-0.0011357772639388152
0.04,0.46875,2,-0.0011067974573602793
0.04,0.484375,2,-0.0010671585862303285
0.04,0.5,2,-0.0010172423945467557
0.04,0.515625,2,-0.0009575296025224399
0.04,0.53125,2,-0.000888595276986908
0.04,0.546875,2,-0.0008111032931784019
0.04,0.5625,2,-0.0007257999412624257
0.04,0.578125,2,-0.0006335067391494848
0.04,0.59375,2,-0.0005351125208285246
0.04,0.609375,2,-0.0004315648764097253
0.04,0.625,2,-0.00032386102631374214
0.04,0.640625,2,-0.000213038217493912
0.04,0.65625,2,-0.00010016373418107853
0.04,0.671875,2,1.3675380646984527e-05
0.04,0.6875,2,0.00012738279408369362
0.04,0.703125,2,0.00023986344157885927
0.04,0.71875,2,0.00035003407300892436
0.04,0.734375,2,0.0004568336849678262
0.04,0.75,2,0.0005592337388097918
0.04,0.765625,2,0.0006562480660387607
0.04,0.78125,2,0.0007469423656500928
0.04,0.796875,2,0.000830443201959982
0.04,0.8125,2,0.0009059464162685646
0.04,0.828125,2,0.0009727248713477942
0.04,0.84375,2,0.0010301354541704395
0.04,0.859375,2,0.001077625269440103
0.04,0.875,2,0.0011147369642751628
0.04,0.890625,2,0.001141113132767042
0.04,0.90625,2,0.0011564997579944832
0.04,0.921875,2,0.0011607486583453612
0.04,0.9375,2,0.001153818914586612
0.04,0.953125,2,0.001135777263938815
0.04,0.96875,2,0.0011067974573602788
0.04,0.984375,2,0.0010671585862303283
0.04,1.0,2,0.0010172423945467553
0.05,0.0,2,0.01874850547292424
0.05,0.015625,2,0.017323077332964645
0.05,0.03125,2,0.01573081848853126
0.05,0.046875,2,0.0139870632627132
0.05,0.0625,2,0.012108604971568666
0.05,0.078125,2,0.010113534195311132
0.05,0.09375,2,0.00802106455613259
0.05,0.109375,2,0.005851347680518578
0.05,0.125,2,0.003625279128069164
0.05,0.140625,2,0.0013642971558372793
0.05,0.15625,2,-0.000909823743805997
0.05,0.171875,2,-0.003175182543436181
0.05,0.1875,2,-0.005409962599441732
0.05,0.203125,2,-0.0075926417582282794
0.05,0.21875,2,-0.0097021996263229
0.05,0.234375,2,-0.01171832000825422
0.05,0.25,2,-0.013621586562620719
0.05,0.265625,2,-0.015393669792072516
0.05,0.28125,2,-0.017017503566390767
0.05,0.296875,2,-0.01847744947865095
0.05,0.3125,2,-0.019759447451630375
0.05,0.328125,2,-0.02085115114403787
0.05,0.34375,2,-0.021742046852529617
0.05,0.359375,2,-0.0224235547644197
0.05,0.375,2,-0.022889111585966494
0.05,0.390625,2,-0.023134233750479263
0.05,0.40625,2,-0.02315656059751634
0.05,0.421875,2,-0.022955877107335664
0.05,0.4375,2,-0.022534115971652433
0.05,0.453125,2,-0.021895338980761358
0.05,0.46875,2,-0.021045697906275748
0.05,0.484375,2,-0.01999337525620395
0.05,0.5,2,-0.01874850547292424
0.05,0.515625,2,-0.01732307733296465
0.05,0.53125,2,-0.015730818488531265
0.05,0.546875,2,-0.013987063262713205
0.05,0.5625,2,-0.012108604971568676
0.05,0.578125,2,-0.010113534195311134
0.05,0.59375,2,-0.008021064556132598
0.05,0.609375,2,-0.005851347680518596
0.05,0.625,2,-0.0036252791280691667
0.05,0.640625,2,-0.0013642971558372923
0.05,0.65625,2,0.0009098237438060043
0.05,0.671875,2,0.003175182543436179
0.05,0.6875,2,0.0054099625994417245
0.05,0.703125,2,0.007592641758228282
0.05,0.71875,2,0.009702199626322898
0.05,0.734375,2,0.011718320008254209
0.05,0.75,2,0.013621586562620717
0.05,0.765625,2,0.015393669792072512
0.05,0.78125,2,0.017017503566390774
0.05,0.796875,2,0.018477449478650945
0.05,0.8125,2,0.019759447451630368
0.05,0.828125,2,0.020851151144037874
0.05,0.84375,2,0.021742046852529614
0.05,0.859375,2,0.022423554764419693
0.05,0.875,2,0.022889111585966494
0.05,0.890625,2,0.023134233750479263
0.05,0.90625,2,0.02315656059751634
0.05,0.921875,2,0.022955877107335664
0.05,0.9375,2,0.02253411597165243
0.05,0.953125,2,0.02189533898076135
0.05,0.96875,2,0.02104569790627574
0.05,0.984375,2,0.01999337525620395
0.05,1.0,2,0.01874850547292423
0.06,0.0,2,0.060719241689226204
0.06,0.015625,2,0.05483800661828801
0.06,0.03125,2,0.04842865156611195
0.06,0.046875,2,0.04155290212556034
0.06,0.0625,2,0.034276975522412705
0.06,0.078125,2,0.026670942907283376
0.06,0.09375,2,0.018808054532136468
0.06,0.109375,2,0.010764034310316613
0.06,0.125,2,0.0026163505538687247
0.06,0.140625,2,-0.005556530088655634
0.06,0.15625,2,-0.013675898308917899
0.06,0.171875,2,-0.021663560152458818
0.06,0.1875,2,-0.029442590069224936
0.06,0.203125,2,-0.03693807174866749
0.06,0.21875,2,-0.0440778196047664
0.06,0.234375,2,-0.0507930739626842
0.06,0.25,2,-0.05701916325202271
0.06,0.265625,2,-0.06269612682939897
0.06,0.28125,2,-0.06776929243221892
0.06,0.296875,2,-0.07218980270245295
0.06,0.3125,2,-0.07591508570970201
0.06,0.328125,2,-0.07890926494215944
0.06,0.34375,2,-0.08114350481703181
0.06,0.359375,2,-0.08259628838296433
0.06,0.375,2,-0.08325362454004483
0.06,0.390625,2,-0.08310918278174408
0.06,0.40625,2,-0.08216435416115446
0.06,0.421875,2,-0.08042823789438806
0.06,0.4375,2,-0.07791755373015158
0.06,0.453125,2,-0.07465648092942619
0.06,0.46875,2,-0.07067642540596655
0.06,0.484375,2,-0.06601571727018328
0.06,0.5,2,-0.060719241689226204
0.06,0.515625,2,-0.05483800661828803
0.06,0.53125,2,-0.048428651566111924
0.06,0.546875,2,-0.04155290212556035
0.06,0.5625,2,-0.034276975522412725
0.06,0.578125,2,-0.026670942907283366
0.06,0.59375,2,-0.018808054532136475
0.06,0.609375,2,-0.010764034310316658
0.06,0.625,2,-0.002616350553868717
0.06,0.640625,2,0.005556530088655606
0.06,0.65625,2,0.013675898308917923
0.06,0.671875,2,0.021663560152458804
0.06,0.6875,2,0.029442590069224908
0.06,0.703125,2,0.03693807174866752
0.06,0.71875,2,0.04407781960476638
0.06,0.734375,2,0.05079307396268416
0.06,0.75,2,0.0570191632520227
0.06,0.765625,2,0.06269612682939896
0.06,0.78125,2,0.06776929243221894
0.06,0.796875,2,0.07218980270245295
0.06,0.8125,2,0.075915085709702
0.06,0.828125,2,0.07890926494215944
0.06,0.84375,2,0.0811435048170318
0.06,0.859375,2,0.08259628838296433
0.06,0.875,2,0.08325362454004483
0.06,0.890625,2,0.08310918278174408
0.06,0.90625,2,0.08216435416115445
0.06,0.921875,2,0.08042823789438805
0.06,0.9375,2,0.07791755373015156
0.06,0.953125,2,0.07465648092942617
0.06,0.96875,2,0.07067642540596651
0.06,0.984375,2,0.06601571727018327
0.06,1.0,2,0.06071924168922616
0.07,0.0,2,0.10773314182678838
0.07,0.015625,2,0.0944498993916408
0.07,0.03125,2,0.08025705279378473
0.07,0.046875,2,0.06529128690455666
0.07,0.0625,2,0.04969673023058966
0.07,0.078125,2,0.033623566877505916
0.07,0.09375,2,0.01722659019488043
0.07,0.109375,2,0.0006637120316661722
0.07,0.125,2,-0.01590555804123497
0.07,0.140625,2,-0.03232164889533651
0.07,0.15625,2,-0.048426464601765425
0.07,0.171875,2,-0.06406490698148094
0.07,0.1875,2,-0.07908636928552423
0.07,0.203125,2,-0.0933461866203408
0.07,0.21875,2,-0.10670702914978726
0.07,0.234375,2,-0.11904022465652557
0.07,0.25,2,-0.13022699772581528
0.07,0.265625,2,-0.14015961361768708
0.07,0.28125,2,-0.14874241581138198
0.07,0.296875,2,-0.1558927472299378
0.07,0.3125,2,-0.16154174627302503
0.07,0.328125,2,-0.16563500999180183
0.07,0.34375,2,-0.1681331180190508
0.07,0.359375,2,-0.1690120122088647
0.07,0.375,2,-0.16826322832974325
0.07,0.390625,2,-0.16589397757976931
0.07,0.40625,2,-0.16192707713882928
0.07,0.421875,2,-0.1564007304266978
0.07,0.4375,2,-0.1493681591832212
0.07,0.453125,2,-0.14089709091386846
0.07,0.46875,2,-0.13106910663683055
0.07,0.484375,2,-0.11997885521321802
0.07,0.5,2,-0.10773314182678835
0.07,0.515625,2,-0.09444989939164083
0.07,0.53125,2,-0.08025705279378481
0.07,0.546875,2,-0.06529128690455664
0.07,0.5625,2,-0.049696730230589715
0.07,0.578125,2,-0.03362356687750587
0.07,0.59375,2,-0.017226590194880452
0.07,0.609375,2,-0.0006637120316662304
0.07,0.625,2,0.015905558041234988
0.07,0.640625,2,0.03232164889533649
0.07,0.65625,2,0.04842646460176533
0.07,0.671875,2,0.06406490698148094
0.07,0.6875,2,0.0790863692855242
0.07,0.703125,2,0.09334618662034085
0.07,0.71875,2,0.10670702914978725
0.07,0.734375,2,0.11904022465652549
0.07,0.75,2,0.1302269977258153
0.07,0.765625,2,0.14015961361768706
0.07,0.78125,2,0.14874241581138195
0.07,0.796875,2,0.1558927472299378
0.07,0.8125,2,0.16154174627302503
0.07,0.828125,2,0.16563500999180186
0.07,0.84375,2,0.1681331180190508
0.07,0.859375,2,0.1690120122088647
0.07,0.875,2,0.16826322832974325
0.07,0.890625,2,0.16589397757976926
0.07,0.90625,2,0.16192707713882926
0.07,0.921875,2,0.15640073042669778
0.07,0.9375,2,0.1493681591832211
0.07,0.953125,2,0.14089709091386843
0.07,0.96875,2,0.13106910663683047
0.07,0.984375,2,0.11997885521321798
0.07,1.0,2,0.10773314182678838
0.08,0.0,2,0.14167650049640249
0.08,0.015625,2,0.11911231154321336
0.08,0.03125,2,0.09540100591645014
0.08,0.046875,2,0.07077093645121685
0.08,0.0625,2,0.045459304180629115
0.08,0.078125,2,0.019709873960198486
0.08,0.09375,2,-0.006229373120982009
0.08,0.109375,2,-0.032108627933685706
0.08,0.125,2,-0.05767865910702648
0.08,0.140625,2,-0.0826932132628043
0.08,0.15625,2,-0.1069113865701526
0.08,0.171875,2,-0.13009994478112152
0.08,0.1875,2,-0.1520355694039841
0.08,0.203125,2,-0.17250700838238997
0.08,0.21875,2,-0.19131711056815012
0.08,0.234375,2,-0.2082847243945679
0.08,0.25,2,-0.2232464424650538
0.08,0.265625,2,-0.23605817525568185
0.08,0.28125,2,-0.24659653877607277
0.08,0.296875,2,-0.2547600428246697
0.08,0.3125,2,-0.2604700683948594
0.08,0.328125,2,-0.2636716248189835
0.08,0.34375,2,-0.26433387935852887
0.08,0.359375,2,-0.26245045414025453
0.08,0.375,2,-0.25803948757859746
0.08,0.390625,2,-0.2511434596928259
0.08,0.40625,2,-0.24182878300123228
0.08,0.421875,2,-0.23018516293227684
0.08,0.4375,2,-0.21632473391227378
0.08,0.453125,2,-0.2003809794495669
0.08,0.46875,2,-0.1825074466153749
0.08,0.484375,2,-0.16287626730155808
0.08,0.5,2,-0.14167650049640243
0.08,0.515625,2,-0.11911231154321333
0.08,0.53125,2,-0.09540100591645023
0.08,0.546875,2,-0.07077093645121676
0.08,0.5625,2,-0.04545930418062914
0.08,0.578125,2,-0.019709873960198576
0.08,0.59375,2,0.006229373120982034
0.08,0.609375,2,0.032108627933685616
0.08,0.625,2,0.05767865910702657
0.08,0.640625,2,0.08269321326280427
0.08,0.65625,2,0.10691138657015253
0.08,0.671875,2,0.1300999447811216
0.08,0.6875,2,0.15203556940398408
0.08,0.703125,2,0.17250700838238986
0.08,0.71875,2,0.19131711056815012
0.08,0.734375,2,0.20828472439456788
0.08,0.75,2,0.22324644246505385
0.08,0.765625,2,0.23605817525568182
0.08,0.78125,2,0.2465965387760727
0.08,0.796875,2,0.2547600428246697
0.08,0.8125,2,0.2604700683948594
0.08,0.828125,2,0.2636716248189835
0.08,0.84375,2,0.26433387935852887
0.08,0.859375,2,0.2624504541402546
0.08,0.875,2,0.25803948757859746
0.08,0.890625,2,0.25114345969282603
0.08,0.90625,2,0.24182878300123234
0.08,0.921875,2,0.23018516293227692
0.08,0.9375,2,0.21632473391227391
0.08,0.953125,2,0.200380979449567
0.08,0.96875,2,0.1825074466153751
0.08,0.984375,2,0.16287626730155827
0.08,1.0,2,0.14167650049640265
0.09,0.0,2,0.15307746403031425
0.09,0.015625,2,0.12045477369189468
0.09,0.03125,2,0.0866720380355448
0.09,0.046875,2,0.052054603273157175
0.09,0.0625,2,0.01693585422530827
0.09,0.078125,2,-0.018345996356809936
0.09,0.09375,2,-0.05345116496507038
0.09,0.109375,2,-0.08804156963533813
0.09,0.125,2,-0.12178408586160003
0.09,0.140625,2,-0.15435375476706137
0.09,0.15625,2,-0.18543691263577056
0.09,0.171875,2,-0.21473421166566942
0.09,0.1875,2,-0.24196350285156706
0.09,0.203125,2,-0.26686255323429897
0.09,0.21875,2,-0.2891915713474737
0.09,0.234375,2,-0.30873551654037856
0.09,0.25,2,-0.32530616993699846
0.09,0.265625,2,-0.33874394708668365
0.09,0.28125,2,-0.3489194348496463
0.09,0.296875,2,-0.35573463771624164
0.09,0.3125,2,-0.35912392155729556
0.09,0.328125,2,-0.35905464571664775
0.09,0.34375,2,-0.35552747735851353
0.09,0.359375,2,-0.34857638504232813
0.09,0.375,2,-0.3382683115869501
0.09,0.390625,2,-0.3247025293747208
0.09,0.40625,2,-0.3080096843041549
0.09,0.421875,2,-0.28835053759851925
0.09,0.4375,2,-0.2659144175873719
0.09,0.453125,2,-0.24091739637125112
0.09,0.46875,2,-0.21360020892922968
0.09,0.484375,2,-0.18422593470946827
0.09,0.5,2,-0.15307746403031436
0.09,0.515625,2,-0.12045477369189488
0.09,0.53125,2,-0.08667203803554484
0.09,0.546875,2,-0.0520546032731573
0.09,0.5625,2,-0.016935854225308553
0.09,0.578125,2,0.01834599635680989
0.09,0.59375,2,0.05345116496507018
0.09,0.609375,2,0.08804156963533785
0.09,0.625,2,0.12178408586159992
0.09,0.640625,2,0.15435375476706117
0.09,0.65625,2,0.18543691263577053
0.09,0.671875,2,0.21473421166566925
0.09,0.6875,2,0.24196350285156695
0.09,0.703125,2,0.2668625532342989
0.09,0.71875,2,0.2891915713474736
0.09,0.734375,2,0.30873551654037834
0.09,0.75,2,0.32530616993699846
0.09,0.765625,2,0.33874394708668354
0.09,0.78125,2,0.3489194348496463
0.09,0.796875,2,0.35573463771624164
0.09,0.8125,2,0.35912392155729556
0.09,0.828125,2,0.35905464571664775
0.09,0.84375,2,0.35552747735851353
0.09,0.859375,2,0.3485763850423282
0.09,0.875,2,0.33826831158695014
0.09,0.890625,2,0.3247025293747208
0.09,0.90625,2,0.3080096843041548
0.09,0.921875,2,0.28835053759851925
0.09,0.9375,2,0.26591441758737205
0.09,0.953125,2,0.24091739637125104
0.09,0.96875,2,0.21360020892922973
0.09,0.984375,2,0.1842259347094683
0.09,1.0,2,0.1530774640303144
0.1,0.0,2,0.13885028597711246
0.1,0.015625,2,0.09629530974755833
0.1,0.03125,2,0.05281295704476438
0.1,0.046875,2,0.008821986695130197
0.1,0.0625,2,-0.03525394420896647
0.1,0.078125,2,-0.07899036035856465
0.1,0.09375,2,-0.12196605615738644
0.1,0.109375,2,-0.16376715216198431
0.1,0.125,2,-0.20399108096703034
0.1,0.140625,2,-0.24225046414949591
0.1,0.15625,2,-0.27817684293462747
0.1,0.171875,2,-0.3114242266553678
0.1,0.1875,2,-0.3416724248316175
0.1,0.203125,2,-0.36863013077959234
0.1,0.21875,2,-0.3920377270544321
0.1,0.234375,2,-0.4116697857081162
0.1,0.25,2,-0.4273372392838349
0.1,0.265625,2,-0.4388892016389527
0.1,0.28125,2,-0.44621442106104475
0.1,0.296875,2,-0.4492423516827041
0.1,0.3125,2,-0.447943832876809
0.1,0.328125,2,-0.4423313700893026
0.1,0.34375,2,-0.432459014404913
0.1,0.359375,2,-0.4184218420056594
0.1,0.375,2,-0.4003550385352457
0.1,0.390625,2,-0.3784325971874111
0.1,0.40625,2,-0.352865643056361
0.1,0.421875,2,-0.3239003998866961
0.1,0.4375,2,-0.2918158188041529
0.1,0.453125,2,-0.2569208918637722
0.1,0.46875,2,-0.21955167628749772
0.1,0.484375,2,-0.18006805804941997
0.1,0.5,2,-0.1388502859771125
0.1,0.515625,2,-0.09629530974755858
0.1,0.53125,2,-0.05281295704476473
0.1,0.546875,2,-0.008821986695130351
0.1,0.5625,2,0.03525394420896622
0.1,0.578125,2,0.07899036035856459
0.1,0.59375,2,0.12196605615738629
0.1,0.609375,2,0.16376715216198398
0.1,0.625,2,0.20399108096703028
0.1,0.640625,2,0.24225046414949572
0.1,0.65625,2,0.27817684293462713
0.1,0.671875,2,0.31142422665536773
0.1,0.6875,2,0.3416724248316174
0.1,0.703125,2,0.36863013077959234
0.1,0.71875,2,0.3920377270544319
0.1,0.734375,2,0.4116697857081161
0.1,0.75,2,0.4273372392838349
0.1,0.765625,2,0.4388892016389526
0.1,0.78125,2,0.4462144210610447
0.1,0.796875,2,0.4492423516827041
0.1,0.8125,2,0.447943832876809
0.1,0.828125,2,0.4423313700893026
0.1,0.84375,2,0.432459014404913
0.1,0.859375,2,0.4184218420056595
0.1,0.875,2,0.4003550385352456
0.1,0.890625,2,0.3784325971874112
0.1,0.90625,2,0.35286564305636114
0.1,0.921875,2,0.3239003998866961
0.1,0.9375,2,0.29181581880415297
0.1,0.953125,2,0.2569208918637722
0.1,0.96875,2,0.21955167628749778
0.1,0.984375,2,0.18006805804942003
0.1,1.0,2,0.13885028597711258
0.11,0.0,2,0.09962339895493343
0.11,0.015625,2,0.04795480728531052
0.11,0.03125,2,-0.004175615393233936
0.11,0.046875,2,-0.056265824612918215
0.11,0.0625,2,-0.10781416318355151
0.11,0.078125,2,-0.1583241924255106
0.11,0.09375,2,-0.2073094731456045
0.11,0.109375,2,-0.25429825031242054
0.11,0.125,2,-0.2988379963151639
0.11,0.140625,2,-0.3404997690519261
0.11,0.15625,2,-0.37888234287661066
0.11,0.171875,2,-0.4136160726212364
0.11,0.1875,2,-0.4443664534809749
0.11,0.203125,2,-0.4708373424782786
0.11,0.21875,2,-0.4927738104816436
0.11,0.234375,2,-0.5099645973125042
0.11,0.25,2,-0.5222441462962393
0.11,0.265625,2,-0.5294941986634513
0.11,0.28125,2,-0.5316449324465619
0.11,0.296875,2,-0.5286756349035294
0.11,0.3125,2,-0.5206149019928763
0.11,0.328125,2,-0.5075403629789769
0.11,0.34375,2,-0.48957793281980494
0.11,0.359375,2,-0.46690059953705687
0.11,0.375,2,-0.4397267582469365
0.11,0.390625,2,-0.40831810789580053
0.11,0.40625,2,-0.3729771309562452
0.11,0.421875,2,-0.3340441803555416
0.11,0.4375,2,-0.2918942016908904
0.11,0.453125,2,-0.24693312229835415
0.11,0.46875,2,-0.19959394195070862
0.11,0.484375,2,-0.15033256283293095
0.11,0.5,2,-0.09962339895493337
0.11,0.515625,2,-0.0479548072853107
0.11,0.53125,2,0.004175615393233752
0.11,0.546875,2,0.05626582461291827
0.11,0.5625,2,0.10781416318355146
0.11,0.578125,2,0.1583241924255103
0.11,0.59375,2,0.20730947314560455
0.11,0.609375,2,0.2542982503124205
0.11,0.625,2,0.298837996315164
0.11,0.640625,2,0.340499769051926
0.11,0.65625,2,0.37888234287661043
0.11,0.671875,2,0.4136160726212365
0.11,0.6875,2,0.4443664534809749
0.11,0.703125,2,0.47083734247827846
0.11,0.71875,2,0.49277381048164354
0.11,0.734375,2,0.5099645973125041
0.11,0.75,2,0.5222441462962393
0.11,0.765625,2,0.5294941986634513
0.11,0.78125,2,0.5316449324465619
0.11,0.796875,2,0.5286756349035294
0.11,0.8125,2,0.5206149019928763
0.11,0.828125,2,0.5075403629789769
0.11,0.84375,2,0.489577932819805
0.11,0.859375,2,0.4669005995370569
0.11,0.875,2,0.4397267582469364
0.11,0.890625,2,0.40831810789580064
0.11,0.90625,2,0.3729771309562454
0.11,0.921875,2,0.3340441803555417
0.11,0.9375,2,0.2918942016908905
0.11,0.953125,2,0.2469331222983542
0.11,0.96875,2,0.1995939419507087
0.11,0.984375,2,0.150332562832931
0.11,1.0,2,0.09962339895493343
0.12,0.0,2,0.038042051427947206
0.12,0.015625,2,-0.021408282590689817
0.12,0.03125,2,-0.08065244314502065
0.12,0.046875,2,-0.13911987658275488
0.12,0.0625,2,-0.19624750955833656
0.12,0.078125,2,-0.2514851717370703
0.12,0.09375,2,-0.304300894236197
0.12,0.109375,2,-0.3541860327760391
0.12,0.125,2,-0.40066016620246775
0.12,0.140625,2,-0.44327572320524056
0.12,0.15625,2,-0.48162229267438766
0.12,0.171875,2,-0.5153305761835539
0.12,0.1875,2,-0.5440759445357242
0.12,0.203125,2,-0.5675815641198501
0.12,0.21875,2,-0.5856210629698577
0.12,0.234375,2,-0.5980207108504285
0.12,0.25,2,-0.6046610923741355
0.12,0.265625,2,-0.6054782570369035
0.12,0.28125,2,-0.6004643350963225
0.12,0.296875,2,-0.5896676133615687
0.12,0.3125,2,-0.5731920701650364
0.12,0.328125,2,-0.5511963739941562
0.12,0.34375,2,-0.5238923554271242
0.12,0.359375,2,-0.49154296708863604
0.12,0.375,2,-0.4544597512723655
0.12,0.390625,2,-0.4129998396183713
0.12,0.40625,2,-0.36756251374017457
0.12,0.421875,2,-0.3185853599245508
0.12,0.4375,2,-0.266540054936381
0.12,0.453125,2,-0.21192782351355857
0.12,0.46875,2,-0.1552746112987672
0.12,0.484375,2,-0.09712601969543248
0.12,0.5,2,-0.03804205142794701
0.12,0.515625,2,0.02140828259068974
0.12,0.53125,2,0.08065244314502044
0.12,0.546875,2,0.13911987658275493
0.12,0.5625,2,0.1962475095583365
0.12,0.578125,2,0.25148517173706997
0.12,0.59375,2,0.30430089423619694
0.12,0.609375,2,0.3541860327760391
0.12,0.625,2,0.4006601662024679
0.12,0.640625,2,0.4432757232052405
0.12,0.65625,2,0.48162229267438744
0.12,0.671875,2,0.515330576183554
0.12,0.6875,2,0.5440759445357242
0.12,0.703125,2,0.56758156411985
0.12,0.71875,2,0.5856210629698577
0.12,0.734375,2,0.5980207108504285
0.12,0.75,2,0.6046610923741355
0.12,0.765625,2,0.6054782570369035
0.12,0.78125,2,0.6004643350963225
0.12,0.796875,2,0.5896676133615687
0.12,0.8125,2,0.5731920701650364
0.12,0.828125,2,0.5511963739941563
0.12,0.84375,2,0.5238923554271243
0.12,0.859375,2,0.4915429670886361
0.12,0.875,2,0.4544597512723654
0.12,0.890625,2,0.41299983961837133
0.12,0.90625,2,0.3675625137401747
0.12,0.921875,2,0.3185853599245509
0.12,0.9375,2,0.2665400549363811
0.12,0.953125,2,0.21192782351355863
0.12,0.96875,2,0.15527461129876727
0.12,0.984375,2,0.09712601969543254
0.12,1.0,2,0.03804205142794708
0.13,0.0,2,-0.04219444474314357
0.13,0.015625,2,-0.1077275887427488
0.13,0.03125,2,-0.17222325717287118
0.13,0.046875,2,-0.23506032148960962
0.13,0.0625,2,-0.29563362641336066
0.13,0.078125,2,-0.35335981790497184
0.13,0.09375,2,-0.4076829611840324
0.13,0.109375,2,-0.45807989468471466
0.13,0.125,2,-0.5040652683876407
0.13,0.140625,2,-0.5451962180058887
0.13,0.15625,2,-0.5810766300101707
0.13,0.171875,2,-0.6113609564186577
0.13,0.1875,2,-0.6357575426129386
0.13,0.203125,2,-0.6540314361314321
0.13,0.21875,2,-0.6660066493900286
0.13,0.234375,2,-0.6715678545387306
0.13,0.25,2,-0.6706614941318919
0.13,0.265625,2,-0.6632962969156974
0.13,0.28125,2,-0.6495431937655655
0.13,0.296875,2,-0.6295346345830428
0.13,0.3125,2,-0.6034633127308481
0.13,0.328125,2,-0.5715803092904522
0.13,0.34375,2,-0.534192675014009
0.13,0.359375,2,-0.4916604732577601
0.13,0.375,2,-0.44439331237508484
0.13,0.390625,2,-0.392846400964142
0.13,0.40625,2,-0.33751616396022716
0.13,0.421875,2,-0.2789354617922717
0.13,0.4375,2,-0.21766845864562318
0.13,0.453125,2,-0.1543051892525341
0.13,0.46875,2,-0.08945587653514575
0.13,0.484375,2,-0.023745054825168133
0.13,0.5,2,0.04219444474314319
0.13,0.515625,2,0.10772758874274888
0.13,0.53125,2,0.17222325717287096
0.13,0.546875,2,0.2350603214896098
0.13,0.5625,2,0.2956336264133606
0.13,0.578125,2,0.35335981790497156
0.13,0.59375,2,0.4076829611840325
0.13,0.609375,2,0.45807989468471455
0.13,0.625,2,0.5040652683876403
0.13,0.640625,2,0.5451962180058886
0.13,0.65625,2,0.5810766300101707
0.13,0.671875,2,0.6113609564186577
0.13,0.6875,2,0.6357575426129386
0.13,0.703125,2,0.654031436131432
0.13,0.71875,2,0.6660066493900287
0.13,0.734375,2,0.6715678545387306
0.13,0.75,2,0.6706614941318919
0.13,0.765625,2,0.6632962969156974
0.13,0.78125,2,0.6495431937655655
0.13,0.796875,2,0.6295346345830427
0.13,0.8125,2,0.6034633127308482
0.13,0.828125,2,0.5715803092904524
0.13,0.84375,2,0.5341926750140088
0.13,0.859375,2,0.4916604732577601
0.13,0.875,2,0.44439331237508517
0.13,0.890625,2,0.39284640096414203
0.13,0.90625,2,0.33751616396022727
0.13,0.921875,2,0.27893546179227174
0.13,0.9375,2,0.21766845864562323
0.13,0.953125,2,0.15430518925253417
0.13,0.96875,2,0.08945587653514582
0.13,0.984375,2,0.023745054825168217
0.13,1.0,2,-0.04219444474314311
0.14,0.0,2,-0.13687442381959317
0.14,0.015625,2,-0.20654467860897247
0.14,0.03125,2,-0.274225795234541
0.14,0.046875,2,-0.33926596754493243
0.14,0.0625,2,-0.4010388231262231
0.14,0.078125,2,-0.4589494556106873
0.14,0.09375,2,-0.5124401539503274
0.14,0.109375,2,-0.5609957734791432
0.14,0.125,2,-0.6041486970378701
0.14,0.140625,2,-0.64148333838285
0.14,0.15625,2,-0.6726401445087398
0.14,0.171875,2,-0.6973190583405046
0.14,0.1875,2,-0.7152824084470778
0.14,0.203125,2,-0.7263571979471668
0.14,0.21875,2,-0.7304367705637903
0.14,0.234375,2,-0.7274818377825291
0.14,0.25,2,-0.7175208572213968
0.14,0.265625,2,-0.7006497585684234
0.14,0.28125,2,-0.6770310197263175
0.14,0.296875,2,-0.6468921020614448
0.14,0.3125,2,-0.6105232598265259
0.14,0.328125,2,-0.5682747448535149
0.14,0.34375,2,-0.5205534334369897
0.14,0.359375,2,-0.46781890789301334
0.14,0.375,2,-0.4105790305301988
0.14,0.390625,2,-0.349385052658049
0.14,0.40625,2,-0.284826305735505
0.14,0.421875,2,-0.21752452578683068
0.14,0.4375,2,-0.14812786574382825
0.14,0.453125,2,-0.07730465337878455
0.14,0.46875,2,-0.005736954942680335
0.14,0.484375,2,0.06588599350565982
0.14,0.5,2,0.13687442381959275
0.14,0.515625,2,0.2065446786089725
0.14,0.53125,2,0.2742257952345407
0.14,0.546875,2,0.3392659675449326
0.14,0.5625,2,0.401038823126223
0.14,0.578125,2,0.45894945561068695
0.14,0.59375,2,0.5124401539503276
0.14,0.609375,2,0.5609957734791431
0.14,0.625,2,0.6041486970378698
0.14,0.640625,2,0.64148333838285
0.14,0.65625,2,0.6726401445087398
0.14,0.671875,2,0.6973190583405047
0.14,0.6875,2,0.7152824084470777
0.14,0.703125,2,0.7263571979471668
0.14,0.71875,2,0.7304367705637903
0.14,0.734375,2,0.7274818377825291
0.14,0.75,2,0.7175208572213969
0.14,0.765625,2,0.7006497585684234
0.14,0.78125,2,0.6770310197263176
0.14,0.796875,2,0.6468921020614447
0.14,0.8125,2,0.610523259826526
0.14,0.828125,2,0.5682747448535153
0.14,0.84375,2,0.5205534334369896
0.14,0.859375,2,0.4678189078930134
0.14,0.875,2,0.41057903053019884
0.14,0.890625,2,0.3493850526580491
0.14,0.90625,2,0.28482630573550505
0.14,0.921875,2,0.21752452578683076
0.14,0.9375,2,0.14812786574382836
0.14,0.953125,2,0.07730465337878463
0.14,0.96875,2,0.005736954942680425
0.14,0.984375,2,-0.06588599350565973
0.14,1.0,2,-0.1368744238195933
0.15,0.0,2,-0.24159008521682365
0.15,0.015625,2,-0.31330621455225566
0.15,0.03125,2,-0.38200503377095074
0.15,0.046875,2,-0.44702493568923846
0.15,0.0625,2,-0.5077397431081515
0.15,0.078125,2,-0.563564739242156
0.15,0.09375,2,-0.6139622988614342
0.15,0.109375,2,-0.6584470659167442
0.15,0.125,2,-0.696590627783496
0.15,0.140625,2,-0.7280256411095208
0.15,0.15625,2,-0.7524493695323626
0.15,0.171875,2,-0.7696265991959417
0.15,0.1875,2,-0.7793919039885687
0.15,0.203125,2,-0.7816512386868318
0.15,0.21875,2,-0.7763828446625092
0.15,0.234375,2,-0.7636374594300519
0.15,0.25,2,-0.743537828016585
0.15,0.265625,2,-0.7162775208601961
0.15,0.28125,2,-0.6821190696208012
0.15,0.296875,2,-0.6413914388567443
0.15,0.3125,2,-0.5944868579162712
0.15,0.328125,2,-0.5418570435544909
0.15,0.34375,2,-0.48400884965408975
0.15,0.359375,2,-0.4214993859453692
0.15,0.375,2,-0.35493065273499236
0.15,0.390625,2,-0.28494374331394573
0.15,0.40625,2,-0.2122126698786917
0.15,0.421875,2,-0.1374378724252602
0.15,0.4375,2,-0.0613394731291893
0.15,0.453125,2,0.015349658824681882
0.15,0.46875,2,0.09189096517309502
0.15,0.484375,2,0.16754731129417927
0.15,0.5,2,0.24159008521682357
0.15,0.515625,2,0.31330621455225605
0.15,0.53125,2,0.38200503377095096
0.15,0.546875,2,0.44702493568923835
0.15,0.5625,2,0.5077397431081517
0.15,0.578125,2,0.563564739242156
0.15,0.59375,2,0.6139622988614345
0.15,0.609375,2,0.6584470659167443
0.15,0.625,2,0.696590627783496
0.15,0.640625,2,0.728025641109521
0.15,0.65625,2,0.7524493695323627
0.15,0.671875,2,0.7696265991959417
0.15,0.6875,2,0.7793919039885687
0.15,0.703125,2,0.7816512386868318
0.15,0.71875,2,0.7763828446625092
0.15,0.734375,2,0.7636374594300519
0.15,0.75,2,0.743537828016585
0.15,0.765625,2,0.716277520860196
0.15,0.78125,2,0.6821190696208013
0.15,0.796875,2,0.6413914388567447
0.15,0.8125,2,0.5944868579162713
0.15,0.828125,2,0.541857043554491
0.15,0.84375,2,0.48400884965408986
0.15,0.859375,2,0.42149938594536923
0.15,0.875,2,0.35493065273499236
0.15,0.890625,2,0.2849437433139458
0.15,0.90625,2,0.21221266987869178
0.15,0.921875,2,0.1374378724252603
0.15,0.9375,2,0.061339473129189394
0.15,0.953125,2,-0.015349658824681787
0.15,0.96875,2,-0.09189096517309492
0.15,0.984375,2,-0.16754731129417919
0.15,1.0,2,-0.24159008521682349
0.16,0.0,2,-0.3519344464638224
0.16,0.015625,2,-0.42354668446439236
0.16,0.03125,2,-0.4910799363594009
0.16,0.046875,2,-0.553883820015668
0.16,0.0625,2,-0.611353499701489
0.16,0.078125,2,-0.6629355109853663
0.16,0.09375,2,-0.7081330909010412
0.16,0.109375,2,-0.7465109620464149
0.16,0.125,2,-0.7776995245428789
0.16,0.140625,2,-0.8013984154841902
0.16,0.15625,2,-0.817379401595452
0.16,0.171875,2,-0.8254885772443172
0.16,0.1875,2,-0.8256478466363611
0.16,0.203125,2,-0.8178556759202728
0.16,0.21875,2,-0.8021871079596817
0.16,0.234375,2,-0.7787930396293592
0.16,0.25,2,-0.7478987685958248
0.16,0.265625,2,-0.7098018235776579
0.16,0.28125,2,-0.6648690989812918
0.16,0.296875,2,-0.6135333215073155
0.16,0.3125,2,-0.5562888827557942
0.16,0.328125,2,-0.4936870779648979
0.16,0.34375,2,-0.4263307967363911
0.16,0.359375,2,-0.3548687168791921
0.16,0.375,2,-0.27998905728747353
0.16,0.390625,2,-0.20241295001648804
0.16,0.40625,2,-0.12288749538667058
0.16,0.421875,2,-0.0421785669991412
0.16,0.4375,2,0.038936564045740744
0.16,0.453125,2,0.11967671469397047
0.16,0.46875,2,0.19926431315775023
0.16,0.484375,2,0.27693288735686766
0.16,0.5,2,0.35193444646382227
0.16,0.515625,2,0.4235466844643928
0.16,0.53125,2,0.4910799363594011
0.16,0.546875,2,0.553883820015668
0.16,0.5625,2,0.6113534997014892
0.16,0.578125,2,0.6629355109853665
0.16,0.59375,2,0.7081330909010412
0.16,0.609375,2,0.7465109620464149
0.16,0.625,2,0.7776995245428789
0.16,0.640625,2,0.8013984154841902
0.16,0.65625,2,0.817379401595452
0.16,0.671875,2,0.8254885772443172
0.16,0.6875,2,0.825647846636361
0.16,0.703125,2,0.8178556759202728
0.16,0.71875,2,0.8021871079596818
0.16,0.734375,2,0.7787930396293592
0.16,0.75,2,0.7478987685958249
0.16,0.765625,2,0.7098018235776576
0.16,0.78125,2,0.6648690989812918
0.16,0.796875,2,0.6135333215073159
0.16,0.8125,2,0.556288882755794
0.16,0.828125,2,0.49368707796489797
0.16,0.84375,2,0.42633079673639124
0.16,0.859375,2,0.3548687168791922
0.16,0.875,2,0.2799890572874736
0.16,0.890625,2,0.20241295001648812
0.16,0.90625,2,0.12288749538667067
0.16,0.921875,2,0.042178566999141305
0.16,0.9375,2,-0.03893656404574065
0.16,0.953125,2,-0.11967671469397036
0.16,0.96875,2,-0.19926431315775012
0.16,0.984375,2,-0.2769328873568669
0.16,1.0,2,-0.3519344464638229
0.17,0.0,2,-0.46363445867750636
0.17,0.015625,2,-0.5330104128573402
0.17,0.03125,2,-0.5972531853882276
0.17,0.046875,2,-0.6557440832520244
0.17,0.0625,2,-0.7079198071279248
0.17,0.078125,2,-0.7532778762728517
0.17,0.09375,2,-0.7913814676856973
0.17,0.109375,2,-0.8218636229516135
0.17,0.125,2,-0.8444307822521486
0.17,0.140625,2,-0.8588656115067743
0.17,0.15625,2,-0.8650290954188883
0.17,0.171875,2,-0.8628618762691138
0.17,0.1875,2,-0.8523848255625857
0.17,0.203125,2,-0.8336988430249462
0.17,0.21875,2,-0.8069838848828302
0.17,0.234375,2,-0.7724972307870276
0.17,0.25,2,-0.7305710060688041
0.17,0.265625,2,-0.6816089831914016
0.17,0.28125,2,-0.626082693200494
0.17,0.296875,2,-0.5645268846224518
0.17,0.3125,2,-0.4975343735437084
0.17,0.328125,2,-0.42575033446778515
0.17,0.34375,2,-0.34986608693212995
0.17,0.359375,2,-0.2706124377230597
0.17,0.375,2,-0.18875264280691095
0.17,0.390625,2,-0.10507505675784054
0.17,0.40625,2,-0.020385540472324028
0.17,0.421875,2,0.06450029971181095
0.17,0.4375,2,0.1487649667502715
0.17,0.453125,2,0.23159694583572313
0.17,0.46875,2,0.3121985197290079
0.17,0.484375,2,0.38979345121223197
0.17,0.5,2,0.46363445867750624
0.17,0.515625,2,0.5330104128573406
0.17,0.53125,2,0.5972531853882278
0.17,0.546875,2,0.6557440832520243
0.17,0.5625,2,0.7079198071279249
0.17,0.578125,2,0.7532778762728518
0.17,0.59375,2,0.7913814676856972
0.17,0.609375,2,0.8218636229516136
0.17,0.625,2,0.8444307822521486
0.17,0.640625,2,0.8588656115067743
0.17,0.65625,2,0.8650290954188883
0.17,0.671875,2,0.8628618762691138
0.17,0.6875,2,0.8523848255625857
0.17,0.703125,2,0.8336988430249463
0.17,0.71875,2,0.8069838848828303
0.17,0.734375,2,0.7724972307870277
0.17,0.75,2,0.7305710060688042
0.17,0.765625,2,0.6816089831914015
0.17,0.78125,2,0.6260826932004941
0.17,0.796875,2,0.5645268846224519
0.17,0.8125,2,0.4975343735437085
0.17,0.828125,2,0.42575033446778526
0.17,0.84375,2,0.34986608693213
0.17,0.859375,2,0.2706124377230598
0.17,0.875,2,0.1887526428069111
0.17,0.890625,2,0.10507505675784065
0.17,0.90625,2,0.020385540472324135
0.17,0.921875,2,-0.06450029971181084
0.17,0.9375,2,-0.14876496675027068
0.17,0.953125,2,-0.23159694583572374
0.17,0.96875,2,-0.31219851972900853
0.17,0.984375,2,-0.3897934512122319
0.17,1.0,2,-0.46363445867750613
0.18,0.0,2,-0.572648822917491
0.18,0.015625,2,-0.6377401517102449
0.18,0.03125,2,-0.6966896942178001
0.18,0.046875,2,-0.748929734120711
0.18,0.0625,2,-0.7939571712774014
0.18,0.078125,2,-0.8313383668535516
0.18,0.09375,2,-0.8607133195011232
0.18,0.109375,2,-0.8817991323681376
0.18,0.125,2,-0.8943927375500075
0.18,0.140625,2,-0.8983728517444667
0.18,0.15625,2,-0.8937011442760708
0.18,0.171875,2,-0.8804226062415555
0.18,0.1875,2,-0.8586651172209805
0.18,0.203125,2,-0.8286382137274674
0.18,0.21875,2,-0.7906310712560335
0.18,0.234375,2,-0.7450097193654964
0.18,0.25,2,-0.6922135166137299
0.18,0.265625,2,-0.6327509192945738
0.18,0.28125,2,-0.5671945847257733
0.18,0.296875,2,-0.49617585624596444
0.18,0.3125,2,-0.42037868303319276
0.18,0.328125,2,-0.34053303330044826
0.18,0.34375,2,-0.257407864302728
0.18,0.359375,2,-0.17180371685832105
0.18,0.375,2,-0.08454500570310351
0.18,0.390625,2,0.0035279200740370546
0.18,0.40625,2,0.09156687005230656
0.18,0.421875,2,0.1787239810164295
0.18,0.4375,2,0.2641598823428988
0.18,0.453125,2,0.3470517795979246
0.18,0.46875,2,0.42660137849762214
0.18,0.484375,2,0.5020425729183516
0.18,0.5,2,0.5726488229174905
0.18,0.515625,2,0.6377401517102451
0.18,0.53125,2,0.6966896942178001
0.18,0.546875,2,0.7489297341207106
0.18,0.5625,2,0.7939571712774013
0.18,0.578125,2,0.8313383668535514
0.18,0.59375,2,0.8607133195011233
0.18,0.609375,2,0.8817991323681376
0.18,0.625,2,0.8943927375500075
0.18,0.640625,2,0.8983728517444668
0.18,0.65625,2,0.893701144276071
0.18,0.671875,2,0.8804226062415557
0.18,0.6875,2,0.8586651172209808
0.18,0.703125,2,0.8286382137274677
0.18,0.71875,2,0.7906310712560338
0.18,0.734375,2,0.745009719365497
0.18,0.75,2,0.6922135166137303
0.18,0.765625,2,0.6327509192945742
0.18,0.78125,2,0.5671945847257741
0.18,0.796875,2,0.49617585624596455
0.18,0.8125,2,0.42037868303319353
0.18,0.828125,2,0.3405330333004491
0.18,0.84375,2,0.25740786430272883
0.18,0.859375,2,0.17180371685832194
0.18,0.875,2,0.08454500570310362
0.18,0.890625,2,-0.003527920074036146
0.18,0.90625,2,-0.09156687005230565
0.18,0.921875,2,-0.1787239810164294
0.18,0.9375,2,-0.26415988234289794
0.18,0.953125,2,-0.34705177959792377
0.18,0.96875,2,-0.42660137849762064
0.18,0.984375,2,-0.5020425729183516
0.18,1.0,2,-0.5726488229174904
0.19,0.0,2,-0.6752450567824204
0.19,0.015625,2,-0.7341459727838904
0.19,0.03125,2,-0.7859766617424396
0.19,0.046875,2,-0.8302379657898608
0.19,0.0625,2,-0.8665036243724868
0.19,0.078125,2,-0.894424379373342
0.19,0.09375,2,-0.9137313386587304
0.19,0.109375,2,-0.9242385656564763
0.19,0.125,2,-0.9258448700267571
0.19,0.140625,2,-0.9185347821803915
0.19,0.15625,2,-0.9023787022594404
0.19,0.171875,2,-0.8775322221453544
0.19,0.1875,2,-0.8442346270241
0.19,0.203125,2,-0.8028065909390114
0.19,0.21875,2,-0.7536470885244565
0.19,0.234375,2,-0.6972295526620051
0.19,0.25,2,-0.6340973150629751
0.19,0.265625,2,-0.5648583736870356
0.19,0.28125,2,-0.4901795373894941
0.19,0.296875,2,-0.4107800041874996
0.19,0.3125,2,-0.3274244349899865
0.19,0.328125,2,-0.2409155894951176
0.19,0.34375,2,-0.1520865951755531
0.19,0.359375,2,-0.06179292380545733
0.19,0.375,2,0.029095847200332398
0.19,0.390625,2,0.11970440929217577
0.19,0.40625,2,0.2091601524854482
0.19,0.421875,2,0.29660156907171586
0.19,0.4375,2,0.3811865504089131
0.19,0.453125,2,0.462100496887907
0.19,0.46875,2,0.5385641629720431
0.19,0.484375,2,0.60984116175764
0.19,0.5,2,0.6752450567824204
0.19,0.515625,2,0.7341459727838906
0.19,0.53125,2,0.7859766617424396
0.19,0.546875,2,0.8302379657898605
0.19,0.5625,2,0.866503624372487
0.19,0.578125,2,0.8944243793733418
0.19,0.59375,2,0.9137313386587302
0.19,0.609375,2,0.9242385656564763
0.19,0.625,2,0.9258448700267571
0.19,0.640625,2,0.9185347821803915
0.19,0.65625,2,0.9023787022594406
0.19,0.671875,2,0.8775322221453546
0.19,0.6875,2,0.8442346270241002
0.19,0.703125,2,0.802806590939012
0.19,0.71875,2,0.7536470885244568
0.19,0.734375,2,0.6972295526620057
0.19,0.75,2,0.6340973150629756
0.19,0.765625,2,0.5648583736870364
0.19,0.78125,2,0.4901795373894949
0.19,0.796875,2,0.4107800041874997
0.19,0.8125,2,0.32742443498998736
0.19,0.828125,2,0.2409155894951185
0.19,0.84375,2,0.1520865951755532
0.19,0.859375,2,0.06179292380545827
0.19,0.875,2,-0.029095847200331457
0.19,0.890625,2,-0.11970440929217484
0.19,0.90625,2,-0.2091601524854473
0.19,0.921875,2,-0.296601569071715
0.19,0.9375,2,-0.38118655040891153
0.19,0.953125,2,-0.4621004968879069
0.19,0.96875,2,-0.538564162972043
0.19,0.984375,2,-0.6098411617576394
0.19,1.0,2,-0.6752450567824196
0.2,0.0,2,-0.7680630848713118
0.2,0.015625,2,-0.819061204555556
0.2,0.03125,2,-0.8621713170955307
0.2,0.046875,2,-0.8969782485410914
0.2,0.0625,2,-0.9231467891150131
0.2,0.078125,2,-0.9404249214663898
0.2,0.09375,2,-0.9486462477354896
0.2,0.109375,2,-0.9477315920561069
0.2,0.125,2,-0.9376897630624359
0.2,0.140625,2,-0.9186174690571076
0.2,0.15625,2,-0.8906983866573701
0.2,0.171875,2,-0.8542013918888556
0.2,0.1875,2,-0.8094779707624717
0.2,0.203125,2,-0.7569588342719744
0.2,0.21875,2,-0.6971497704116473
0.2,0.234375,2,-0.6306267731614259
0.2,0.25,2,-0.558030495349999
0.2,0.265625,2,-0.4800600788178524
0.2,0.28125,2,-0.39746642129915716
0.2,0.296875,2,-0.31104494486610357
0.2,0.3125,2,-0.2216279355795257
0.2,0.328125,2,-0.13007652811916431
0.2,0.34375,2,-0.03727241258595205
0.2,0.359375,2,0.05589065665563706
0.2,0.375,2,0.14851546832069076
0.2,0.390625,2,0.23970999483900365
0.2,0.40625,2,0.32859598306820365
0.2,0.421875,2,0.41431741235162045
0.2,0.4375,2,0.4960487384651556
0.2,0.453125,2,0.5730028440594469
0.2,0.46875,2,0.6444386190302286
0.2,0.484375,2,0.7096680978137658
0.2,0.5,2,0.7680630848713118
0.2,0.515625,2,0.819061204555556
0.2,0.53125,2,0.8621713170955306
0.2,0.546875,2,0.8969782485410913
0.2,0.5625,2,0.9231467891150132
0.2,0.578125,2,0.9404249214663898
0.2,0.59375,2,0.9486462477354896
0.2,0.609375,2,0.9477315920561069
0.2,0.625,2,0.937689763062436
0.2,0.640625,2,0.9186174690571078
0.2,0.65625,2,0.8906983866573704
0.2,0.671875,2,0.8542013918888562
0.2,0.6875,2,0.8094779707624721
0.2,0.703125,2,0.756958834271975
0.2,0.71875,2,0.6971497704116477
0.2,0.734375,2,0.6306267731614265
0.2,0.75,2,0.5580304953499998
0.2,0.765625,2,0.48006007881785323
0.2,0.78125,2,0.39746642129915805
0.2,0.796875,2,0.31104494486610446
0.2,0.8125,2,0.22162793557952665
0.2,0.828125,2,0.13007652811916526
0.2,0.84375,2,0.03727241258595217
0.2,0.859375,2,-0.05589065665563611
0.2,0.875,2,-0.14851546832068982
0.2,0.890625,2,-0.2397099948390019
0.2,0.90625,2,-0.32859598306820353
0.2,0.921875,2,-0.41431741235162034
0.2,0.9375,2,-0.4960487384651549
0.2,0.953125,2,-0.5730028440594461
0.2,0.96875,2,-0.6444386190302279
0.2,0.984375,2,-0.7096680978137647
0.2,1.0,2,-0.7680630848713117
0.21,0.0,2,-0.8481688326218776
0.21,0.015625,2,-0.8897885667738834
0.21,0.03125,2,-0.9228391506199484
0.21,0.046875,2,-0.9470022889703478
0.21,0.0625,2,-0.9620452775938524
0.21,0.078125,2,-0.9678232442866839
0.21,0.09375,2,-0.9642805440710323
0.21,0.109375,2,-0.9514512950866111
0.21,0.125,2,-0.9294590500143214
0.21,0.140625,2,-0.8985156061963934
0.21,0.15625,2,-0.8589189659122006
0.21,0.171875,2,-0.8110504664534054
0.21,0.1875,2,-0.7553711076373795
0.21,0.203125,2,-0.692417112126955
0.21,0.21875,2,-0.6227947613130512
0.21,0.234375,2,-0.5471745564934555
0.21,0.25,2,-0.46628476157878895
0.21,0.265625,2,-0.380904389512939
0.21,0.28125,2,-0.29185569995256017
0.21,0.296875,2,-0.19999628045708362
0.21,0.3125,2,-0.1062107874517166
0.21,0.328125,2,-0.011402426502467988
0.21,0.34375,2,0.08351574604720062
0.21,0.359375,2,0.17762961630808305
0.21,0.375,2,0.27003281626169306
0.21,0.390625,2,0.3598354525797509
0.21,0.40625,2,0.44617267678339745
0.21,0.421875,2,0.5282130142068248
0.21,0.4375,2,0.6051663715528357
0.21,0.453125,2,0.6762916459232023
0.21,0.46875,2,0.7409038620447095
0.21,0.484375,2,0.7983807689554756
0.21,0.5,2,0.8481688326218774
0.21,0.515625,2,0.8897885667738834
0.21,0.53125,2,0.9228391506199481
0.21,0.546875,2,0.9470022889703477
0.21,0.5625,2,0.9620452775938524
0.21,0.578125,2,0.9678232442866839
0.21,0.59375,2,0.9642805440710321
0.21,0.609375,2,0.9514512950866111
0.21,0.625,2,0.9294590500143216
0.21,0.640625,2,0.8985156061963933
0.21,0.65625,2,0.8589189659122007
0.21,0.671875,2,0.8110504664534057
0.21,0.6875,2,0.7553711076373795
0.21,0.703125,2,0.692417112126955
0.21,0.71875,2,0.6227947613130512
0.21,0.734375,2,0.5471745564934556
0.21,0.75,2,0.46628476157878906
0.21,0.765625,2,0.3809043895129391
0.21,0.78125,2,0.2918556999525603
0.21,0.796875,2,0.19999628045708373
0.21,0.8125,2,0.10621078745171672
0.21,0.828125,2,0.011402426502468104
0.21,0.84375,2,-0.0835157460472005
0.21,0.859375,2,-0.17762961630808208
0.21,0.875,2,-0.27003281626169373
0.21,0.890625,2,-0.3598354525797508
0.21,0.90625,2,-0.44617267678339734
0.21,0.921875,2,-0.5282130142068246
0.21,0.9375,2,-0.6051663715528349
0.21,0.953125,2,-0.6762916459232029
0.21,0.96875,2,-0.7409038620447094
0.21,0.984375,2,-0.7983807689554756
0.21,1.0,2,-0.8481688326218773
0.22,0.0,2,-0.9130993319519778
0.22,0.015625,2,-0.9441378225253266
0.22,0.03125,2,-0.9660837497495229
0.22,0.046875,2,-0.9787257623485333
0.22,0.0625,2,-0.9819421108302024
0.22,0.078125,2,-0.9757018200004168
0.22,0.09375,2,-0.9600649872711574
0.22,0.109375,2,-0.935182203889569
0.22,0.125,2,-0.9012931046619296
0.22,0.140625,2,-0.8587240601394671
0.22,0.15625,2,-0.8078850334915398
0.22,0.171875,2,-0.7492656323362064
0.22,0.1875,2,-0.6834303935512172
0.22,0.203125,2,-0.6110133464752731
0.22,0.21875,2,-0.5327119068589014
0.22,0.234375,2,-0.4492801603695271
0.22,0.25,2,-0.3615216003342767
0.22,0.265625,2,-0.2702813896599968
0.22,0.28125,2,-0.1764382214524551
0.22,0.296875,2,-0.08089585672138332
0.22,0.3125,2,0.015425579332089854
0.22,0.328125,2,0.1115984586241147
0.22,0.34375,2,0.20669658375366629
0.22,0.359375,2,0.29980410778982464
0.22,0.375,2,0.3900243543783698
0.22,0.390625,2,0.4764884532252522
0.22,0.40625,2,0.5583637077924904
0.22,0.421875,2,0.6348616146210357
0.22,0.4375,2,0.7052454570501203
0.22,0.453125,2,0.7688374002014288
0.22,0.46875,2,0.8250250188995225
0.22,0.484375,2,0.8732671956610624
0.22,0.5,2,0.9130993319519776
0.22,0.515625,2,0.9441378225253266
0.22,0.53125,2,0.9660837497495228
0.22,0.546875,2,0.9787257623485333
0.22,0.5625,2,0.9819421108302024
0.22,0.578125,2,0.9757018200004168
0.22,0.59375,2,0.9600649872711575
0.22,0.609375,2,0.9351822038895691
0.22,0.625,2,0.9012931046619297
0.22,0.640625,2,0.858724060139467
0.22,0.65625,2,0.80788503349154
0.22,0.671875,2,0.7492656323362068
0.22,0.6875,2,0.6834303935512168
0.22,0.703125,2,0.6110133464752732
0.22,0.71875,2,0.5327119068589015
0.22,0.734375,2,0.4492801603695272
0.22,0.75,2,0.36152160033427677
0.22,0.765625,2,0.27028138965999693
0.22,0.78125,2,0.17643822145245522
0.22,0.796875,2,0.08089585672138343
0.22,0.8125,2,-0.015425579332089734
0.22,0.828125,2,-0.11159845862411459
0.22,0.84375,2,-0.206696583753667
0.22,0.859375,2,-0.2998041077898245
0.22,0.875,2,-0.3900243543783697
0.22,0.890625,2,-0.47648845322525135
0.22,0.90625,2,-0.5583637077924896
0.22,0.921875,2,-0.6348616146210363
0.22,0.9375,2,-0.7052454570501202
0.22,0.953125,2,-0.7688374002014287
0.22,0.96875,2,-0.8250250188995224
0.22,0.984375,2,-0.8732671956610619
0.22,1.0,2,-0.9130993319519778
0.23,0.0,2,-0.9608998448222764
0.23,0.015625,2,-0.9804553586317977
0.23,0.03125,2,-0.9905685513662763
0.23,0.046875,2,-0.9911420274512458
0.23,0.0625,2,-0.9821702639985139
0.23,0.078125,2,-0.9637396639945952
0.23,0.09375,2,-0.9360277241927183
0.23,0.109375,2,-0.8993013257220623
0.23,0.125,2,-0.8539141638765919
0.23,0.140625,2,-0.8003033418360247
0.23,0.15625,2,-0.7389851611232681
0.23,0.171875,2,-0.6705501493385131
0.23,0.1875,2,-0.5956573730556299
0.23,0.203125,2,-0.5150280906507789
0.23,0.21875,2,-0.4294388061899678
0.23,0.234375,2,-0.3397137912704156
0.23,0.25,2,-0.24671714683448165
0.23,0.265625,2,-0.1513444814052193
0.23,0.28125,2,-0.0545142858867163
0.23,0.296875,2,0.042840912005415774
0.23,0.3125,2,0.13978352849571182
0.23,0.328125,2,0.2353799531931438
0.23,0.34375,2,0.3287095402695548
0.23,0.359375,2,0.4188734747822579
0.23,0.375,2,0.5050034287532736
0.23,0.390625,2,0.5862699236424406
0.23,0.40625,2,0.6618903186791897
0.23,0.421875,2,0.7311363481210048
0.23,0.4375,2,0.7933411348506316
0.23,0.453125,2,0.8479056127672672
0.23,0.46875,2,0.8943042961205974
0.23,0.484375,2,0.9320903402258294
0.23,0.5,2,0.9608998448222763
0.23,0.515625,2,0.9804553586317977
0.23,0.53125,2,0.9905685513662763
0.23,0.546875,2,0.9911420274512458
0.23,0.5625,2,0.9821702639985138
0.23,0.578125,2,0.9637396639945952
0.23,0.59375,2,0.9360277241927184
0.23,0.609375,2,0.8993013257220625
0.23,0.625,2,0.853914163876592
0.23,0.640625,2,0.8003033418360245
0.23,0.65625,2,0.7389851611232682
0.23,0.671875,2,0.6705501493385135
0.23,0.6875,2,0.59565737305563
0.23,0.703125,2,0.515028090650779
0.23,0.71875,2,0.42943880618996794
0.23,0.734375,2,0.33971379127041573
0.23,0.75,2,0.24671714683448176
0.23,0.765625,2,0.1513444814052194
0.23,0.78125,2,0.05451428588671642
0.23,0.796875,2,-0.04284091200541565
0.23,0.8125,2,-0.1397835284957117
0.23,0.828125,2,-0.2353799531931437
0.23,0.84375,2,-0.3287095402695547
0.23,0.859375,2,-0.41887347478225695
0.23,0.875,2,-0.5050034287532742
0.23,0.890625,2,-0.5862699236424405
0.23,0.90625,2,-0.6618903186791896
0.23,0.921875,2,-0.7311363481210047
0.23,0.9375,2,-0.7933411348506311
0.23,0.953125,2,-0.8479056127672676
0.23,0.96875,2,-0.8943042961205977
0.23,0.984375,2,-0.9320903402258294
0.23,1.0,2,-0.9608998448222763
0.24,0.0,2,-0.9901530317588341
0.24,0.015625,2,-0.9976456891525592
0.24,0.03125,2,-0.9955304731911363
0.24,0.046875,2,-0.9838277545605684
0.24,0.0625,2,-0.9626502368386245
0.24,0.078125,2,-0.9322018710977759
0.24,0.09375,2,-0.8927758917448767
0.24,0.109375,2,-0.8447519925135283
0.24,0.125,2,-0.7885926698058616
0.24,0.140625,2,-0.7248387685993608
0.24,0.15625,2,-0.6541042738140714
0.24,0.171875,2,-0.5770703973021847
0.24,0.1875,2,-0.49447901740550915
0.24,0.203125,2,-0.4071255342614924
0.24,0.21875,2,-0.31585120966508173
0.24,0.234375,2,-0.221535065257761
0.24,0.25,2,-0.12508541706862347
0.24,0.265625,2,-0.02743112793447063
0.24,0.28125,2,0.07048733795707193
0.24,0.296875,2,0.16772697225178854
0.24,0.3125,2,0.2633513041148316
0.24,0.328125,2,0.35643941895678116
0.24,0.34375,2,0.44609482734457034
0.24,0.359375,2,0.5314540986847938
0.24,0.375,2,0.6116951765323193
0.24,0.390625,2,0.6860452954432412
0.24,0.40625,2,0.7537884231285384
0.24,0.421875,2,0.8142721562364398
0.24,0.4375,2,0.8669140033533456
0.24,0.453125,2,0.911206994714558
0.24,0.46875,2,0.9467245646002573
0.24,0.484375,2,0.9731246593965656
0.24,0.5,2,0.9901530317588341
0.24,0.515625,2,0.9976456891525592
0.24,0.53125,2,0.9955304731911363
0.24,0.546875,2,0.9838277545605684
0.24,0.5625,2,0.9626502368386244
0.24,0.578125,2,0.932201871097776
0.24,0.59375,2,0.8927758917448769
0.24,0.609375,2,0.8447519925135282
0.24,0.625,2,0.7885926698058617
0.24,0.640625,2,0.7248387685993611
0.24,0.65625,2,0.6541042738140714
0.24,0.671875,2,0.5770703973021847
0.24,0.6875,2,0.49447901740550926
0.24,0.703125,2,0.4071255342614925
0.24,0.71875,2,0.31585120966508184
0.24,0.734375,2,0.22153506525776112
0.24,0.75,2,0.1250854170686236
0.24,0.765625,2,0.027431127934470747
0.24,0.78125,2,-0.07048733795707181
0.24,0.796875,2,-0.1677269722517884
0.24,0.8125,2,-0.2633513041148306
0.24,0.828125,2,-0.3564394189567803
0.24,0.84375,2,-0.446094827344571
0.24,0.859375,2,-0.5314540986847937
0.24,0.875,2,-0.6116951765323193
0.24,0.890625,2,-0.6860452954432411
0.24,0.90625,2,-0.7537884231285378
0.24,0.921875,2,-0.8142721562364402
0.24,0.9375,2,-0.8669140033533455
0.24,0.953125,2,-0.911206994714558
0.24,0.96875,2,-0.9467245646002572
0.24,0.984375,2,-0.9731246593965653
0.24,1.0,2,-0.9901530317588342
0.25,0.0,2,-1.0
0.25,0.015625,2,-0.9951847266721969
0.25,0.03125,2,-0.9807852804032304
0.25,0.046875,2,-0.9569403357322089
0.25,0.0625,2,-0.9238795325112868
0.25,0.078125,2,-0.881921264348355
0.25,0.09375,2,-0.8314696123025455
0.25,0.109375,2,-0.7730104533627371
0.25,0.125,2,-0.7071067811865477
0.25,0.140625,2,-0.6343932841636458
0.25,0.15625,2,-0.5555702330196022
0.25,0.171875,2,-0.4713967368259979
0.25,0.1875,2,-0.38268343236509034
0.25,0.203125,2,-0.29028467725446244
0.25,0.21875,2,-0.19509032201612866
0.25,0.234375,2,-0.09801714032956045
0.25,0.25,2,-1.8369701987210297e-16
0.25,0.265625,2,0.09801714032956009
0.25,0.28125,2,0.1950903220161283
0.25,0.296875,2,0.29028467725446205
0.25,0.3125,2,0.38268343236509
0.25,0.328125,2,0.4713967368259976
0.25,0.34375,2,0.5555702330196018
0.25,0.359375,2,0.6343932841636456
0.25,0.375,2,0.7071067811865474
0.25,0.390625,2,0.7730104533627367
0.25,0.40625,2,0.8314696123025452
0.25,0.421875,2,0.8819212643483548
0.25,0.4375,2,0.9238795325112865
0.25,0.453125,2,0.9569403357322088
0.25,0.46875,2,0.9807852804032303
0.25,0.484375,2,0.9951847266721969
0.25,0.5,2,1.0
0.25,0.515625,2,0.9951847266721969
0.25,0.53125,2,0.9807852804032304
0.25,0.546875,2,0.9569403357322089
0.25,0.5625,2,0.9238795325112866
0.25,0.578125,2,0.881921264348355
0.25,0.59375,2,0.8314696123025455
0.25,0.609375,2,0.7730104533627369
0.25,0.625,2,0.7071067811865477
0.25,0.640625,2,0.6343932841636459
0.25,0.65625,2,0.5555702330196023
0.25,0.671875,2,0.471396736825998
0.25,0.6875,2,0.38268343236509045
0.25,0.703125,2,0.29028467725446255
0.25,0.71875,2,0.19509032201612878
0.25,0.734375,2,0.09801714032956058
0.25,0.75,2,3.061616997868383e-16
0.25,0.765625,2,-0.09801714032955997
0.25,0.78125,2,-0.1950903220161273
0.25,0.796875,2,-0.29028467725446283
0.25,0.8125,2,-0.3826834323650899
0.25,0.828125,2,-0.4713967368259975
0.25,0.84375,2,-0.5555702330196017
0.25,0.859375,2,-0.6343932841636448
0.25,0.875,2,-0.7071067811865467
0.25,0.890625,2,-0.7730104533627371
0.25,0.90625,2,-0.8314696123025451
0.25,0.921875,2,-0.8819212643483548
0.25,0.9375,2,-0.9238795325112864
0.25,0.953125,2,-0.9569403357322085
0.25,0.96875,2,-0.9807852804032305
0.25,0.984375,2,-0.9951847266721969
0.25,1.0,2,-1.0
0.26,0.0,2,-0.9901530317588342
0.26,0.015625,2,-0.9731246593965656
0.26,0.03125,2,-0.9467245646002576
0.26,0.046875,2,-0.9112069947145581
0.26,0.0625,2,-0.8669140033533455
0.26,0.078125,2,-0.81427215623644
0.26,0.09375,2,-0.7537884231285387
0.26,0.109375,2,-0.6860452954432418
0.26,0.125,2,-0.6116951765323196
0.26,0.140625,2,-0.531454098684794
0.26,0.15625,2,-0.4460948273445707
0.26,0.171875,2,-0.35643941895678155
0.26,0.1875,2,-0.26335130411483193
0.26,0.203125,2,-0.1677269722517889
0.26,0.21875,2,-0.07048733795707231
0.26,0.234375,2,0.02743112793447026
0.26,0.25,2,0.1250854170686231
0.26,0.265625,2,0.22153506525776065
0.26,0.28125,2,0.3158512096650814
0.26,0.296875,2,0.40712553426149206
0.26,0.3125,2,0.49447901740550887
0.26,0.328125,2,0.5770703973021843
0.26,0.34375,2,0.6541042738140711
0.26,0.359375,2,0.7248387685993608
0.26,0.375,2,0.7885926698058614
0.26,0.390625,2,0.8447519925135278
0.26,0.40625,2,0.8927758917448767
0.26,0.421875,2,0.9322018710977757
0.26,0.4375,2,0.9626502368386243
0.26,0.453125,2,0.9838277545605683
0.26,0.46875,2,0.9955304731911362
0.26,0.484375,2,0.9976456891525592
0.26,0.5,2,0.9901530317588342
0.26,0.515625,2,0.9731246593965657
0.26,0.53125,2,0.9467245646002574
0.26,0.546875,2,0.9112069947145582
0.26,0.5625,2,0.8669140033533458
0.26,0.578125,2,0.8142721562364401
0.26,0.59375,2,0.7537884231285388
0.26,0.609375,2,0.6860452954432416
0.26,0.625,2,0.6116951765323198
0.26,0.640625,2,0.5314540986847941
0.26,0.65625,2,0.44609482734457073
0.26,0.671875,2,0.35643941895678166
0.26,0.6875,2,0.26335130411483204
0.26,0.703125,2,0.167726972251789
0.26,0.71875,2,0.07048733795707243
0.26,0.734375,2,-0.02743112793447014
0.26,0.75,2,-0.125085417068623
0.26,0.765625,2,-0.2215350652577614
0.26,0.78125,2,-0.3158512096650813
0.26,0.796875,2,-0.40712553426149195
0.26,0.8125,2,-0.49447901740550876
0.26,0.828125,2,-0.5770703973021836
0.26,0.84375,2,-0.6541042738140717
0.26,0.859375,2,-0.7248387685993607
0.26,0.875,2,-0.7885926698058614
0.26,0.890625,2,-0.8447519925135278
0.26,0.90625,2,-0.8927758917448763
0.26,0.921875,2,-0.9322018710977761
0.26,0.9375,2,-0.9626502368386245
0.26,0.953125,2,-0.9838277545605683
0.26,0.96875,2,-0.9955304731911362
0.26,0.984375,2,-0.9976456891525594
0.26,1.0,2,-0.9901530317588343
0.27,0.0,2,-0.9608998448222764
0.27,0.015625,2,-0.9320903402258295
0.27,0.03125,2,-0.8943042961205977
0.27,0.046875,2,-0.8479056127672674
0.27,0.0625,2,-0.7933411348506315
0.27,0.078125,2,-0.7311363481210054
0.27,0.09375,2,-0.6618903186791899
0.27,0.109375,2,-0.5862699236424409
0.27,0.125,2,-0.5050034287532739
0.27,0.140625,2,-0.41887347478225817
0.27,0.15625,2,-0.3287095402695552
0.27,0.171875,2,-0.23537995319314417
0.27,0.1875,2,-0.13978352849571218
0.27,0.203125,2,-0.04284091200541614
0.27,0.21875,2,0.05451428588671593
0.27,0.234375,2,0.15134448140521894
0.27,0.25,2,0.2467171468344813
0.27,0.265625,2,0.3397137912704153
0.27,0.28125,2,0.4294388061899675
0.27,0.296875,2,0.5150280906507786
0.27,0.3125,2,0.5956573730556296
0.27,0.328125,2,0.6705501493385132
0.27,0.34375,2,0.7389851611232678
0.27,0.359375,2,0.8003033418360243
0.27,0.375,2,0.8539141638765917
0.27,0.390625,2,0.8993013257220622
0.27,0.40625,2,0.9360277241927183
0.27,0.421875,2,0.9637396639945951
0.27,0.4375,2,0.9821702639985138
0.27,0.453125,2,0.9911420274512458
0.27,0.46875,2,0.9905685513662763
0.27,0.484375,2,0.9804553586317978
0.27,0.5,2,0.9608998448222764
0.27,0.515625,2,0.9320903402258295
0.27,0.53125,2,0.8943042961205976
0.27,0.546875,2,0.8479056127672675
0.27,0.5625,2,0.7933411348506318
0.27,0.578125,2,0.7311363481210051
0.27,0.59375,2,0.66189031867919
0.27,0.609375,2,0.586269923642441
0.27,0.625,2,0.505003428753274
0.27,0.640625,2,0.4188734747822583
0.27,0.65625,2,0.3287095402695553
0.27,0.671875,2,0.23537995319314428
0.27,0.6875,2,0.13978352849571232
0.27,0.703125,2,0.04284091200541626
0.27,0.71875,2,-0.05451428588671581
0.27,0.734375,2,-0.15134448140521967
0.27,0.75,2,-0.24671714683448118
0.27,0.765625,2,-0.3397137912704152
0.27,0.78125,2,-0.4294388061899666
0.27,0.796875,2,-0.5150280906507777
0.27,0.8125,2,-0.5956573730556303
0.27,0.828125,2,-0.6705501493385131
0.27,0.84375,2,-0.7389851611232677
0.27,0.859375,2,-0.8003033418360241
0.27,0.875,2,-0.8539141638765912
0.27,0.890625,2,-0.8993013257220626
0.27,0.90625,2,-0.9360277241927182
0.27,0.921875,2,-0.9637396639945951
0.27,0.9375,2,-0.9821702639985138
0.27,0.953125,2,-0.9911420274512458
0.27,0.96875,2,-0.9905685513662763
0.27,0.984375,2,-0.9804553586317977
0.27,1.0,2,-0.9608998448222764
0.28,0.0,2,-0.9130993319519777
0.28,0.015625,2,-0.8732671956610626
0.28,0.03125,2,-0.825025018899523
0.28,0.046875,2,-0.768837400201429
0.28,0.0625,2,-0.7052454570501203
0.28,0.078125,2,-0.634861614621036
0.28,0.09375,2,-0.5583637077924907
0.28,0.109375,2,-0.47648845322525246
0.28,0.125,2,-0.39002435437837013
0.28,0.140625,2,-0.2998041077898249
0.28,0.15625,2,-0.20669658375366665
0.28,0.171875,2,-0.11159845862411506
0.28,0.1875,2,-0.015425579332090215
0.28,0.203125,2,0.08089585672138294
0.28,0.21875,2,0.17643822145245475
0.28,0.234375,2,0.2702813896599965
0.28,0.25,2,0.3615216003342764
0.28,0.265625,2,0.4492801603695268
0.28,0.28125,2,0.532711906858901
0.28,0.296875,2,0.6110133464752728
0.28,0.3125,2,0.6834303935512165
0.28,0.328125,2,0.7492656323362065
0.28,0.34375,2,0.8078850334915397
0.28,0.359375,2,0.8587240601394668
0.28,0.375,2,0.9012931046619295
0.28,0.390625,2,0.9351822038895689
0.28,0.40625,2,0.9600649872711574
0.28,0.421875,2,0.9757018200004168
0.28,0.4375,2,0.9819421108302024
0.28,0.453125,2,0.9787257623485333
0.28,0.46875,2,0.9660837497495228
0.28,0.484375,2,0.9441378225253267
0.28,0.5,2,0.9130993319519778
0.28,0.515625,2,0.8732671956610626
0.28,0.53125,2,0.8250250188995228
0.28,0.546875,2,0.7688374002014291
0.28,0.5625,2,0.7052454570501206
0.28,0.578125,2,0.6348616146210361
0.28,0.59375,2,0.5583637077924908
0.28,0.609375,2,0.4764884532252526
0.28,0.625,2,0.39002435437837024
0.28,0.640625,2,0.299804107789825
0.28,0.65625,2,0.20669658375366676
0.28,0.671875,2,0.11159845862411517
0.28,0.6875,2,0.015425579332090338
0.28,0.703125,2,-0.08089585672138283
0.28,0.71875,2,-0.1764382214524546
0.28,0.734375,2,-0.2702813896599964
0.28,0.75,2,-0.36152160033427544
0.28,0.765625,2,-0.44928016036952745
0.28,0.78125,2,-0.5327119068589009
0.28,0.796875,2,-0.6110133464752727
0.28,0.8125,2,-0.6834303935512165
0.28,0.828125,2,-0.7492656323362058
0.28,0.84375,2,-0.8078850334915402
0.28,0.859375,2,-0.8587240601394671
0.28,0.875,2,-0.9012931046619295
0.28,0.890625,2,-0.9351822038895689
0.28,0.90625,2,-0.9600649872711572
0.28,0.921875,2,-0.9757018200004167
0.28,0.9375,2,-0.9819421108302024
0.28,0.953125,2,-0.9787257623485333
0.28,0.96875,2,-0.9660837497495229
0.28,0.984375,2,-0.9441378225253267
0.28,1.0,2,-0.9130993319519781
0.29,0.0,2,-0.8481688326218778
0.29,0.015625,2,-0.798380768955476
0.29,0.03125,2,-0.74090386204471
0.29,0.046875,2,-0.6762916459232032
0.29,0.0625,2,-0.6051663715528366
0.29,0.078125,2,-0.5282130142068259
0.29,0.09375,2,-0.44617267678339856
0.29,0.109375,2,-0.35983545257975125
0.29,0.125,2,-0.27003281626169423
0.29,0.140625,2,-0.17762961630808421
0.29,0.15625,2,-0.08351574604720097
0.29,0.171875,2,0.011402426502466772
0.29,0.1875,2,0.10621078745171539
0.29,0.203125,2,0.19999628045708243
0.29,0.21875,2,0.291855699952559
0.29,0.234375,2,0.38090438951293865
0.29,0.25,2,0.4662847615787879
0.29,0.265625,2,0.5471745564934545
0.29,0.28125,2,0.6227947613130509
0.29,0.296875,2,0.6924171121269541
0.29,0.3125,2,0.7553711076373787
0.29,0.328125,2,0.8110504664534051
0.29,0.34375,2,0.8589189659122001
0.29,0.359375,2,0.8985156061963931
0.29,0.375,2,0.9294590500143212
0.29,0.390625,2,0.9514512950866109
0.29,0.40625,2,0.9642805440710321
0.29,0.421875,2,0.9678232442866839
0.29,0.4375,2,0.9620452775938525
0.29,0.453125,2,0.9470022889703477
0.29,0.46875,2,0.9228391506199484
0.29,0.484375,2,0.8897885667738835
0.29,0.5,2,0.8481688326218776
0.29,0.515625,2,0.7983807689554759
0.29,0.53125,2,0.7409038620447098
0.29,0.546875,2,0.6762916459232027
0.29,0.5625,2,0.605166371552836
0.29,0.578125,2,0.5282130142068252
0.29,0.59375,2,0.4461726767833979
0.29,0.609375,2,0.35983545257975136
0.29,0.625,2,0.27003281626169345
0.29,0.640625,2,0.1776296163080835
0.29,0.65625,2,0.08351574604720109
0.29,0.671875,2,-0.011402426502467512
0.29,0.6875,2,-0.10621078745171612
0.29,0.703125,2,-0.1999962804570823
0.29,0.71875,2,-0.2918556999525589
0.29,0.734375,2,-0.3809043895129393
0.29,0.75,2,-0.46628476157878856
0.29,0.765625,2,-0.547174556493455
0.29,0.78125,2,-0.6227947613130508
0.29,0.796875,2,-0.692417112126954
0.29,0.8125,2,-0.7553711076373797
0.29,0.828125,2,-0.8110504664534054
0.29,0.84375,2,-0.8589189659122004
0.29,0.859375,2,-0.898515606196393
0.29,0.875,2,-0.9294590500143212
0.29,0.890625,2,-0.9514512950866112
0.29,0.90625,2,-0.9642805440710323
0.29,0.921875,2,-0.9678232442866839
0.29,0.9375,2,-0.9620452775938525
0.29,0.953125,2,-0.9470022889703479
0.29,0.96875,2,-0.9228391506199486
0.29,0.984375,2,-0.8897885667738833
0.29,1.0,2,-0.8481688326218777
0.3,0.0,2,-0.7680630848713119
0.3,0.015625,2,-0.709668097813766
0.3,0.03125,2,-0.6444386190302291
0.3,0.046875,2,-0.5730028440594472
0.3,0.0625,2,-0.49604873846515596
0.3,0.078125,2,-0.41431741235162073
0.3,0.09375,2,-0.3285959830682039
0.3,0.109375,2,-0.23970999483900401
0.3,0.125,2,-0.1485154683206911
0.3,0.140625,2,-0.055890656655637416
0.3,0.15625,2,0.0372724125859517
0.3,0.171875,2,0.13007652811916398
0.3,0.1875,2,0.22162793557952534
0.3,0.203125,2,0.31104494486610323
0.3,0.21875,2,0.3974664212991569
0.3,0.234375,2,0.4800600788178522
0.3,0.25,2,0.5580304953499987
0.3,0.265625,2,0.6306267731614256
0.3,0.28125,2,0.6971497704116474
0.3,0.296875,2,0.7569588342719741
0.3,0.3125,2,0.8094779707624713
0.3,0.328125,2,0.8542013918888556
0.3,0.34375,2,0.89069838665737
0.3,0.359375,2,0.9186174690571074
0.3,0.375,2,0.9376897630624358
0.3,0.390625,2,0.9477315920561068
0.3,0.40625,2,0.9486462477354896
0.3,0.421875,2,0.9404249214663897
0.3,0.4375,2,0.9231467891150131
0.3,0.453125,2,0.8969782485410912
0.3,0.46875,2,0.8621713170955305
0.3,0.484375,2,0.819061204555556
0.3,0.5,2,0.7680630848713115
0.3,0.515625,2,0.7096680978137656
0.3,0.53125,2,0.6444386190302289
0.3,0.546875,2,0.5730028440594466
0.3,0.5625,2,0.4960487384651553
0.3,0.578125,2,0.41431741235162006
0.3,0.59375,2,0.32859598306820326
0.3,0.609375,2,0.23970999483900327
0.3,0.625,2,0.1485154683206904
0.3,0.640625,2,0.05589065665563669
0.3,0.65625,2,-0.03727241258595159
0.3,0.671875,2,-0.13007652811916467
0.3,0.6875,2,-0.22162793557952687
0.3,0.703125,2,-0.31104494486610396
0.3,0.71875,2,-0.39746642129915755
0.3,0.734375,2,-0.48006007881785273
0.3,0.75,2,-0.5580304953499987
0.3,0.765625,2,-0.6306267731614267
0.3,0.78125,2,-0.6971497704116478
0.3,0.796875,2,-0.7569588342719746
0.3,0.8125,2,-0.8094779707624717
0.3,0.828125,2,-0.8542013918888556
0.3,0.84375,2,-0.89069838665737
0.3,0.859375,2,-0.9186174690571078
0.3,0.875,2,-0.9376897630624359
0.3,0.890625,2,-0.9477315920561069
0.3,0.90625,2,-0.9486462477354896
0.3,0.921875,2,-0.9404249214663899
0.3,0.9375,2,-0.923146789115013
0.3,0.953125,2,-0.8969782485410912
0.3,0.96875,2,-0.8621713170955305
0.3,0.984375,2,-0.819061204555556
0.3,1.0,2,-0.768063084871312
0.31,0.0,2,-0.6752450567824206
0.31,0.015625,2,-0.6098411617576402
0.31,0.03125,2,-0.5385641629720433
0.31,0.046875,2,-0.4621004968879073
0.31,0.0625,2,-0.3811865504089134
0.31,0.078125,2,-0.29660156907171614
0.31,0.09375,2,-0.20916015248544853
0.31,0.109375,2,-0.1197044092921761
0.31,0.125,2,-0.029095847200332738
0.31,0.140625,2,0.061792923805457
0.31,0.15625,2,0.15208659517555276
0.31,0.171875,2,0.24091558949511724
0.31,0.1875,2,0.3274244349899862
0.31,0.203125,2,0.41078000418749927
0.31,0.21875,2,0.49017953738949377
0.31,0.234375,2,0.5648583736870354
0.31,0.25,2,0.6340973150629747
0.31,0.265625,2,0.6972295526620048
0.31,0.28125,2,0.7536470885244566
0.31,0.296875,2,0.8028065909390113
0.31,0.3125,2,0.8442346270240997
0.31,0.328125,2,0.8775322221453545
0.31,0.34375,2,0.9023787022594403
0.31,0.359375,2,0.9185347821803914
0.31,0.375,2,0.9258448700267571
0.31,0.390625,2,0.9242385656564763
0.31,0.40625,2,0.9137313386587304
0.31,0.421875,2,0.8944243793733418
0.31,0.4375,2,0.8665036243724867
0.31,0.453125,2,0.8302379657898608
0.31,0.46875,2,0.7859766617424394
0.31,0.484375,2,0.7341459727838904
0.31,0.5,2,0.6752450567824201
0.31,0.515625,2,0.6098411617576397
0.31,0.53125,2,0.5385641629720435
0.31,0.546875,2,0.46210049688790666
0.31,0.5625,2,0.3811865504089128
0.31,0.578125,2,0.2966015690717163
0.31,0.59375,2,0.20916015248544784
0.31,0.609375,2,0.1197044092921754
0.31,0.625,2,0.02909584720033203
0.31,0.640625,2,-0.06179292380545771
0.31,0.65625,2,-0.15208659517555345
0.31,0.671875,2,-0.24091558949511796
0.31,0.6875,2,-0.32742443498998686
0.31,0.703125,2,-0.4107800041874992
0.31,0.71875,2,-0.49017953738949377
0.31,0.734375,2,-0.5648583736870366
0.31,0.75,2,-0.6340973150629752
0.31,0.765625,2,-0.6972295526620054
0.31,0.78125,2,-0.7536470885244565
0.31,0.796875,2,-0.8028065909390112
0.31,0.8125,2,-0.8442346270241003
0.31,0.828125,2,-0.8775322221453548
0.31,0.84375,2,-0.9023787022594405
0.31,0.859375,2,-0.9185347821803915
0.31,0.875,2,-0.9258448700267571
0.31,0.890625,2,-0.9242385656564763
0.31,0.90625,2,-0.9137313386587302
0.31,0.921875,2,-0.8944243793733418
0.31,0.9375,2,-0.8665036243724868
0.31,0.953125,2,-0.8302379657898608
0.31,0.96875,2,-0.78597666174244
0.31,0.984375,2,-0.7341459727838898
0.31,1.0,2,-0.6752450567824202
0.32,0.0,2,-0.5726488229174908
0.32,0.015625,2,-0.502042572918352
0.32,0.03125,2,-0.4266013784976225
0.32,0.046875,2,-0.34705177959792494
0.32,0.0625,2,-0.2641598823428991
0.32,0.078125,2,-0.1787239810164298
0.32,0.09375,2,-0.09156687005230689
0.32,0.109375,2,-0.0035279200740373842
0.32,0.125,2,0.08454500570310318
0.32,0.140625,2,0.17180371685832072
0.32,0.15625,2,0.25740786430272766
0.32,0.171875,2,0.34053303330044793
0.32,0.1875,2,0.4203786830331924
0.32,0.203125,2,0.49617585624596416
0.32,0.21875,2,0.5671945847257731
0.32,0.234375,2,0.6327509192945733
0.32,0.25,2,0.6922135166137299
0.32,0.265625,2,0.7450097193654962
0.32,0.28125,2,0.7906310712560332
0.32,0.296875,2,0.8286382137274673
0.32,0.3125,2,0.8586651172209804
0.32,0.328125,2,0.8804226062415555
0.32,0.34375,2,0.8937011442760708
0.32,0.359375,2,0.8983728517444667
0.32,0.375,2,0.8943927375500075
0.32,0.390625,2,0.8817991323681375
0.32,0.40625,2,0.8607133195011232
0.32,0.421875,2,0.8313383668535513
0.32,0.4375,2,0.7939571712774011
0.32,0.453125,2,0.7489297341207108
0.32,0.46875,2,0.6966896942177999
0.32,0.484375,2,0.6377401517102448
0.32,0.5,2,0.5726488229174909
0.32,0.515625,2,0.5020425729183514
0.32,0.53125,2,0.4266013784976218
0.32,0.546875,2,0.34705177959792427
0.32,0.5625,2,0.2641598823428985
0.32,0.578125,2,0.17872398101642992
0.32,0.59375,2,0.09156687005230621
0.32,0.609375,2,0.003527920074036696
0.32,0.625,2,-0.08454500570310307
0.32,0.640625,2,-0.17180371685832138
0.32,0.65625,2,-0.2574078643027283
0.32,0.671875,2,-0.3405330333004478
0.32,0.6875,2,-0.42037868303319237
0.32,0.703125,2,-0.4961758562459647
0.32,0.71875,2,-0.5671945847257737
0.32,0.734375,2,-0.6327509192945738
0.32,0.75,2,-0.6922135166137299
0.32,0.765625,2,-0.7450097193654962
0.32,0.78125,2,-0.7906310712560339
0.32,0.796875,2,-0.8286382137274675
0.32,0.8125,2,-0.8586651172209806
0.32,0.828125,2,-0.8804226062415554
0.32,0.84375,2,-0.8937011442760708
0.32,0.859375,2,-0.8983728517444668
0.32,0.875,2,-0.8943927375500074
0.32,0.890625,2,-0.8817991323681376
0.32,0.90625,2,-0.8607133195011232
0.32,0.921875,2,-0.8313383668535517
0.32,0.9375,2,-0.7939571712774016
0.32,0.953125,2,-0.7489297341207104
0.32,0.96875,2,-0.6966896942177999
0.32,0.984375,2,-0.6377401517102449
0.32,1.0,2,-0.572648822917491
0.33,0.0,2,-0.46363445867750575
0.33,0.015625,2,-0.3897934512122315
0.33,0.03125,2,-0.31219851972900814
0.33,0.046875,2,-0.23159694583572263
0.33,0.0625,2,-0.14876496675027104
0.33,0.078125,2,-0.06450029971181126
0.33,0.09375,2,0.020385540472324472
0.33,0.109375,2,0.10507505675784097
0.33,0.125,2,0.18875264280691137
0.33,0.140625,2,0.2706124377230601
0.33,0.15625,2,0.34986608693212956
0.33,0.171875,2,0.42575033446778543
0.33,0.1875,2,0.49753437354370866
0.33,0.203125,2,0.5645268846224515
0.33,0.21875,2,0.6260826932004943
0.33,0.234375,2,0.6816089831914016
0.33,0.25,2,0.7305710060688042
0.33,0.265625,2,0.7724972307870276
0.33,0.28125,2,0.80698388488283
0.33,0.296875,2,0.8336988430249461
0.33,0.3125,2,0.8523848255625854
0.33,0.328125,2,0.8628618762691136
0.33,0.34375,2,0.8650290954188881
0.33,0.359375,2,0.8588656115067741
0.33,0.375,2,0.8444307822521483
0.33,0.390625,2,0.821863622951613
0.33,0.40625,2,0.7913814676856968
0.33,0.421875,2,0.7532778762728511
0.33,0.4375,2,0.7079198071279241
0.33,0.453125,2,0.6557440832520239
0.33,0.46875,2,0.5972531853882269
0.33,0.484375,2,0.5330104128573396
0.33,0.5,2,0.4636344586775058
0.33,0.515625,2,0.3897934512122309
0.33,0.53125,2,0.31219851972900753
0.33,0.546875,2,0.23159694583572202
0.33,0.5625,2,0.1487649667502704
0.33,0.578125,2,0.0645002997118106
0.33,0.59375,2,-0.020385540472325138
0.33,0.609375,2,-0.10507505675784162
0.33,0.625,2,-0.18875264280691126
0.33,0.640625,2,-0.27061243772306
0.33,0.65625,2,-0.34986608693213084
0.33,0.671875,2,-0.425750334467786
0.33,0.6875,2,-0.4975343735437092
0.33,0.703125,2,-0.5645268846224519
0.33,0.71875,2,-0.6260826932004941
0.33,0.734375,2,-0.6816089831914024
0.33,0.75,2,-0.7305710060688045
0.33,0.765625,2,-0.7724972307870279
0.33,0.78125,2,-0.8069838848828302
0.33,0.796875,2,-0.8336988430249461
0.33,0.8125,2,-0.8523848255625854
0.33,0.828125,2,-0.8628618762691137
0.33,0.84375,2,-0.8650290954188881
0.33,0.859375,2,-0.8588656115067741
0.33,0.875,2,-0.8444307822521483
0.33,0.890625,2,-0.8218636229516133
0.33,0.90625,2,-0.7913814676856966
0.33,0.921875,2,-0.7532778762728511
0.33,0.9375,2,-0.7079198071279241
0.33,0.953125,2,-0.655744083252024
0.33,0.96875,2,-0.5972531853882275
0.33,0.984375,2,-0.5330104128573391
0.33,1.0,2,-0.46363445867750525
0.34,0.0,2,-0.35193444646382194
0.34,0.015625,2,-0.2769328873568672
0.34,0.03125,2,-0.1992643131577505
0.34,0.046875,2,-0.11967671469397004
0.34,0.0625,2,-0.038936564045740314
0.34,0.078125,2,0.042178566999140896
0.34,0.09375,2,0.122887495386671
0.34,0.109375,2,0.20241295001648846
0.34,0.125,2,0.2799890572874739
0.34,0.140625,2,0.35486871687919247
0.34,0.15625,2,0.42633079673639085
0.34,0.171875,2,0.49368707796489825
0.34,0.1875,2,0.5562888827557944
0.34,0.203125,2,0.6135333215073155
0.34,0.21875,2,0.664869098981292
0.34,0.234375,2,0.7098018235776579
0.34,0.25,2,0.7478987685958249
0.34,0.265625,2,0.7787930396293593
0.34,0.28125,2,0.8021871079596818
0.34,0.296875,2,0.8178556759202729
0.34,0.3125,2,0.8256478466363611
0.34,0.328125,2,0.8254885772443172
0.34,0.34375,2,0.8173794015954519
0.34,0.359375,2,0.80139841548419
0.34,0.375,2,0.7776995245428789
0.34,0.390625,2,0.7465109620464144
0.34,0.40625,2,0.7081330909010409
0.34,0.421875,2,0.6629355109853662
0.34,0.4375,2,0.6113534997014884
0.34,0.453125,2,0.5538838200156677
0.34,0.46875,2,0.4910799363594003
0.34,0.484375,2,0.42354668446439186
0.34,0.5,2,0.351934446463822
0.34,0.515625,2,0.27693288735686666
0.34,0.53125,2,0.1992643131577499
0.34,0.546875,2,0.11967671469397012
0.34,0.5625,2,0.03893656404573968
0.34,0.578125,2,-0.042178566999141534
0.34,0.59375,2,-0.1228874953866709
0.34,0.609375,2,-0.20241295001648835
0.34,0.625,2,-0.27998905728747453
0.34,0.640625,2,-0.3548687168791931
0.34,0.65625,2,-0.4263307967363914
0.34,0.671875,2,-0.49368707796489825
0.34,0.6875,2,-0.5562888827557942
0.34,0.703125,2,-0.6135333215073164
0.34,0.71875,2,-0.6648690989812923
0.34,0.734375,2,-0.7098018235776581
0.34,0.75,2,-0.7478987685958249
0.34,0.765625,2,-0.7787930396293592
0.34,0.78125,2,-0.8021871079596821
0.34,0.796875,2,-0.8178556759202729
0.34,0.8125,2,-0.8256478466363611
0.34,0.828125,2,-0.8254885772443172
0.34,0.84375,2,-0.817379401595452
0.34,0.859375,2,-0.8013984154841902
0.34,0.875,2,-0.7776995245428786
0.34,0.890625,2,-0.7465109620464145
0.34,0.90625,2,-0.7081330909010409
0.34,0.921875,2,-0.6629355109853663
0.34,0.9375,2,-0.611353499701489
0.34,0.953125,2,-0.5538838200156673
0.34,0.96875,2,-0.4910799363594003
0.34,0.984375,2,-0.423546684464392
0.34,1.0,2,-0.3519344464638221
0.35000000000000003,0.0,2,-0.24159008521682376
0.35000000000000003,0.015625,2,-0.16754731129417885
0.35000000000000003,0.03125,2,-0.09189096517309459
0.35000000000000003,0.046875,2,-0.015349658824681471
0.35000000000000003,0.0625,2,0.06133947312918969
0.35000000000000003,0.078125,2,0.13743787242525987
0.35000000000000003,0.09375,2,0.21221266987869203
0.35000000000000003,0.109375,2,0.284943743313946
0.35000000000000003,0.125,2,0.35493065273499197
0.35000000000000003,0.140625,2,0.4214993859453694
0.35000000000000003,0.15625,2,0.48400884965408997
0.35000000000000003,0.171875,2,0.5418570435544912
0.35000000000000003,0.1875,2,0.5944868579162713
0.35000000000000003,0.203125,2,0.6413914388567442
0.35000000000000003,0.21875,2,0.6821190696208012
0.35000000000000003,0.234375,2,0.7162775208601959
0.35000000000000003,0.25,2,0.7435378280165847
0.35000000000000003,0.265625,2,0.7636374594300518
0.35000000000000003,0.28125,2,0.776382844662509
0.35000000000000003,0.296875,2,0.7816512386868316
0.35000000000000003,0.3125,2,0.7793919039885684
0.35000000000000003,0.328125,2,0.7696265991959415
0.35000000000000003,0.34375,2,0.7524493695323623
0.35000000000000003,0.359375,2,0.7280256411095204
0.35000000000000003,0.375,2,0.6965906277834957
0.35000000000000003,0.390625,2,0.6584470659167436
0.35000000000000003,0.40625,2,0.6139622988614337
0.35000000000000003,0.421875,2,0.5635647392421557
0.35000000000000003,0.4375,2,0.5077397431081508
0.35000000000000003,0.453125,2,0.44702493568923796
0.35000000000000003,0.46875,2,0.38200503377095
0.35000000000000003,0.484375,2,0.31330621455225505
0.35000000000000003,0.5,2,0.2415900852168232
0.35000000000000003,0.515625,2,0.16754731129417827
0.35000000000000003,0.53125,2,0.09189096517309399
0.35000000000000003,0.546875,2,0.015349658824681565
0.35000000000000003,0.5625,2,-0.06133947312919029
0.35000000000000003,0.578125,2,-0.13743787242526115
0.35000000000000003,0.59375,2,-0.21221266987869258
0.35000000000000003,0.609375,2,-0.28494374331394656
0.35000000000000003,0.625,2,-0.3549306527349925
0.35000000000000003,0.640625,2,-0.4214993859453693
0.35000000000000003,0.65625,2,-0.484008849654091
0.35000000000000003,0.671875,2,-0.5418570435544916
0.35000000000000003,0.6875,2,-0.5944868579162718
0.35000000000000003,0.703125,2,-0.6413914388567445
0.35000000000000003,0.71875,2,-0.6821190696208012
0.35000000000000003,0.734375,2,-0.7162775208601959
0.35000000000000003,0.75,2,-0.7435378280165851
0.35000000000000003,0.765625,2,-0.763637459430052
0.35000000000000003,0.78125,2,-0.7763828446625091
0.35000000000000003,0.796875,2,-0.7816512386868316
0.35000000000000003,0.8125,2,-0.7793919039885685
0.35000000000000003,0.828125,2,-0.7696265991959413
0.35000000000000003,0.84375,2,-0.7524493695323623
0.35000000000000003,0.859375,2,-0.7280256411095204
0.35000000000000003,0.875,2,-0.6965906277834958
0.35000000000000003,0.890625,2,-0.6584470659167441
0.35000000000000003,0.90625,2,-0.6139622988614334
0.35000000000000003,0.921875,2,-0.5635647392421552
0.35000000000000003,0.9375,2,-0.507739743108151
0.35000000000000003,0.953125,2,-0.44702493568923807
0.35000000000000003,0.96875,2,-0.3820050337709507
0.35000000000000003,0.984375,2,-0.31330621455225577
0.35000000000000003,1.0,2,-0.24159008521682265
0.36,0.0,2,-0.13687442381959303
0.36,0.015625,2,-0.06588599350566009
0.36,0.03125,2,0.005736954942680066
0.36,0.046875,2,0.07730465337878427
0.36,0.0625,2,0.148127865743828
0.36,0.078125,2,0.2175245257868304
0.36,0.09375,2,0.2848263057355047
0.36,0.109375,2,0.34938505265804876
0.36,0.125,2,0.4105790305301985
0.36,0.140625,2,0.46781890789301306
0.36,0.15625,2,0.5205534334369893
0.36,0.171875,2,0.568274744853515
0.36,0.1875,2,0.6105232598265258
0.36,0.203125,2,0.6468921020614444
0.36,0.21875,2,0.6770310197263174
0.36,0.234375,2,0.7006497585684233
0.36,0.25,2,0.7175208572213969
0.36,0.265625,2,0.7274818377825291
0.36,0.28125,2,0.7304367705637903
0.36,0.296875,2,0.7263571979471668
0.36,0.3125,2,0.7152824084470778
0.36,0.328125,2,0.6973190583405048
0.36,0.34375,2,0.67264014450874
0.36,0.359375,2,0.6414833383828502
0.36,0.375,2,0.60414869703787
0.36,0.390625,2,0.5609957734791433
0.36,0.40625,2,0.5124401539503278
0.36,0.421875,2,0.4589494556106873
0.36,0.4375,2,0.40103882312622335
0.36,0.453125,2,0.33926596754493293
0.36,0.46875,2,0.27422579523454105
0.36,0.484375,2,0.20654467860897285
0.36,0.5,2,0.1368744238195931
0.36,0.515625,2,0.06588599350566017
0.36,0.53125,2,-0.005736954942679977
0.36,0.546875,2,-0.07730465337878419
0.36,0.5625,2,-0.14812786574382789
0.36,0.578125,2,-0.21752452578683032
0.36,0.59375,2,-0.2848263057355041
0.36,0.609375,2,-0.34938505265804926
0.36,0.625,2,-0.41057903053019845
0.36,0.640625,2,-0.467818907893013
0.36,0.65625,2,-0.5205534334369892
0.36,0.671875,2,-0.5682747448535145
0.36,0.6875,2,-0.6105232598265261
0.36,0.703125,2,-0.6468921020614447
0.36,0.71875,2,-0.6770310197263174
0.36,0.734375,2,-0.7006497585684233
0.36,0.75,2,-0.7175208572213967
0.36,0.765625,2,-0.727481837782529
0.36,0.78125,2,-0.7304367705637903
0.36,0.796875,2,-0.7263571979471668
0.36,0.8125,2,-0.7152824084470778
0.36,0.828125,2,-0.6973190583405048
0.36,0.84375,2,-0.6726401445087402
0.36,0.859375,2,-0.64148333838285
0.36,0.875,2,-0.6041486970378701
0.36,0.890625,2,-0.5609957734791433
0.36,0.90625,2,-0.5124401539503279
0.36,0.921875,2,-0.45894945561068784
0.36,0.9375,2,-0.40103882312622285
0.36,0.953125,2,-0.33926596754493243
0.36,0.96875,2,-0.27422579523454116
0.36,0.984375,2,-0.20654467860897294
0.36,1.0,2,-0.13687442381959383
0.37,0.0,2,-0.04219444474314344
0.37,0.015625,2,0.023745054825167883
0.37,0.03125,2,0.0894558765351455
0.37,0.046875,2,0.15430518925253384
0.37,0.0625,2,0.2176684586456229
0.37,0.078125,2,0.27893546179227147
0.37,0.09375,2,0.33751616396022693
0.37,0.109375,2,0.3928464009641418
0.37,0.125,2,0.44439331237508495
0.37,0.140625,2,0.49166047325775986
0.37,0.15625,2,0.5341926750140086
0.37,0.171875,2,0.5715803092904522
0.37,0.1875,2,0.603463312730848
0.37,0.203125,2,0.6295346345830426
0.37,0.21875,2,0.6495431937655655
0.37,0.234375,2,0.6632962969156974
0.37,0.25,2,0.6706614941318919
0.37,0.265625,2,0.6715678545387306
0.37,0.28125,2,0.6660066493900287
0.37,0.296875,2,0.6540314361314321
0.37,0.3125,2,0.6357575426129387
0.37,0.328125,2,0.611360956418658
0.37,0.34375,2,0.581076630010171
0.37,0.359375,2,0.5451962180058888
0.37,0.375,2,0.5040652683876405
0.37,0.390625,2,0.4580798946847149
0.37,0.40625,2,0.40768296118403285
0.37,0.421875,2,0.3533598179049718
0.37,0.4375,2,0.2956336264133609
0.37,0.453125,2,0.23506032148961012
0.37,0.46875,2,0.17222325717287126
0.37,0.484375,2,0.1077275887427492
0.37,0.5,2,0.04219444474314352
0.37,0.515625,2,-0.0237450548251678
0.37,0.53125,2,-0.08945587653514543
0.37,0.546875,2,-0.15430518925253317
0.37,0.5625,2,-0.21766845864562342
0.37,0.578125,2,-0.2789354617922719
0.37,0.59375,2,-0.3375161639602269
0.37,0.609375,2,-0.39284640096414175
0.37,0.625,2,-0.4443933123750844
0.37,0.640625,2,-0.4916604732577594
0.37,0.65625,2,-0.534192675014009
0.37,0.671875,2,-0.5715803092904522
0.37,0.6875,2,-0.603463312730848
0.37,0.703125,2,-0.6295346345830426
0.37,0.71875,2,-0.6495431937655652
0.37,0.734375,2,-0.6632962969156975
0.37,0.75,2,-0.6706614941318919
0.37,0.765625,2,-0.6715678545387306
0.37,0.78125,2,-0.6660066493900287
0.37,0.796875,2,-0.6540314361314322
0.37,0.8125,2,-0.6357575426129386
0.37,0.828125,2,-0.6113609564186577
0.37,0.84375,2,-0.581076630010171
0.37,0.859375,2,-0.5451962180058889
0.37,0.875,2,-0.504065268387641
0.37,0.890625,2,-0.4580798946847153
0.37,0.90625,2,-0.4076829611840324
0.37,0.921875,2,-0.35335981790497184
0.37,0.9375,2,-0.295633626413361
0.37,0.953125,2,-0.23506032148961017
0.37,0.96875,2,-0.17222325717287193
0.37,0.984375,2,-0.1077275887427487
0.37,1.0,2,-0.0421944447431436
0.38,0.0,2,0.03804205142794678
0.38,0.015625,2,0.09712601969543226
0.38,0.03125,2,0.15527461129876702
0.38,0.046875,2,0.21192782351355838
0.38,0.0625,2,0.26654005493638083
0.38,0.078125,2,0.31858535992455067
0.38,0.09375,2,0.3675625137401744
0.38,0.109375,2,0.41299983961837106
0.38,0.125,2,0.45445975127236515
0.38,0.140625,2,0.4915429670886359
0.38,0.15625,2,0.5238923554271241
0.38,0.171875,2,0.5511963739941562
0.38,0.1875,2,0.5731920701650364
0.38,0.203125,2,0.5896676133615686
0.38,0.21875,2,0.6004643350963225
0.38,0.234375,2,0.6054782570369035
0.38,0.25,2,0.6046610923741355
0.38,0.265625,2,0.5980207108504285
0.38,0.28125,2,0.5856210629698578
0.38,0.296875,2,0.5675815641198501
0.38,0.3125,2,0.5440759445357243
0.38,0.328125,2,0.5153305761835542
0.38,0.34375,2,0.48162229267438766
0.38,0.359375,2,0.44327572320524067
0.38,0.375,2,0.40066016620246814
0.38,0.390625,2,0.35418603277603933
0.38,0.40625,2,0.3043008942361972
0.38,0.421875,2,0.25148517173707025
0.38,0.4375,2,0.1962475095583368
0.38,0.453125,2,0.13911987658275524
0.38,0.46875,2,0.08065244314502074
0.38,0.484375,2,0.02140828259069004
0.38,0.5,2,-0.038042051427946706
0.38,0.515625,2,-0.09712601969543165
0.38,0.53125,2,-0.15527461129876743
0.38,0.546875,2,-0.2119278235135583
0.38,0.5625,2,-0.2665400549363807
0.38,0.578125,2,-0.3185853599245506
0.38,0.59375,2,-0.3675625137401739
0.38,0.609375,2,-0.41299983961837144
0.38,0.625,2,-0.4544597512723655
0.38,0.640625,2,-0.4915429670886358
0.38,0.65625,2,-0.5238923554271241
0.38,0.671875,2,-0.5511963739941559
0.38,0.6875,2,-0.5731920701650361
0.38,0.703125,2,-0.5896676133615687
0.38,0.71875,2,-0.6004643350963224
0.38,0.734375,2,-0.6054782570369035
0.38,0.75,2,-0.6046610923741355
0.38,0.765625,2,-0.5980207108504287
0.38,0.78125,2,-0.5856210629698577
0.38,0.796875,2,-0.5675815641198501
0.38,0.8125,2,-0.5440759445357243
0.38,0.828125,2,-0.5153305761835542
0.38,0.84375,2,-0.48162229267438805
0.38,0.859375,2,-0.4432757232052404
0.38,0.875,2,-0.4006601662024678
0.38,0.890625,2,-0.3541860327760394
0.38,0.90625,2,-0.3043008942361973
0.38,0.921875,2,-0.25148517173707086
0.38,0.9375,2,-0.19624750955833736
0.38,0.953125,2,-0.13911987658275476
0.38,0.96875,2,-0.08065244314502082
0.38,0.984375,2,-0.02140828259069011
0.38,1.0,2,0.038042051427946644
0.39,0.0,2,0.09962339895493318
0.39,0.015625,2,0.15033256283293073
0.39,0.03125,2,0.19959394195070845
0.39,0.046875,2,0.24693312229835396
0.39,0.0625,2,0.2918942016908902
0.39,0.078125,2,0.33404418035554145
0.39,0.09375,2,0.37297713095624524
0.39,0.109375,2,0.4083181078958004
0.39,0.125,2,0.4397267582469363
0.39,0.140625,2,0.46690059953705676
0.39,0.15625,2,0.4895779328198049
0.39,0.171875,2,0.5075403629789769
0.39,0.1875,2,0.5206149019928762
0.39,0.203125,2,0.5286756349035294
0.39,0.21875,2,0.5316449324465619
0.39,0.234375,2,0.5294941986634513
0.39,0.25,2,0.5222441462962393
0.39,0.265625,2,0.5099645973125042
0.39,0.28125,2,0.49277381048164365
0.39,0.296875,2,0.4708373424782786
0.39,0.3125,2,0.44436645348097503
0.39,0.328125,2,0.41361607262123673
0.39,0.34375,2,0.3788823428766106
0.39,0.359375,2,0.34049976905192625
0.39,0.375,2,0.2988379963151642
0.39,0.390625,2,0.2542982503124207
0.39,0.40625,2,0.20730947314560477
0.39,0.421875,2,0.15832419242551057
0.39,0.4375,2,0.1078141631835517
0.39,0.453125,2,0.05626582461291853
0.39,0.46875,2,0.004175615393234013
0.39,0.484375,2,-0.04795480728531044
0.39,0.5,2,-0.09962339895493356
0.39,0.515625,2,-0.15033256283293067
0.39,0.53125,2,-0.1995939419507084
0.39,0.546875,2,-0.24693312229835349
0.39,0.5625,2,-0.29189420169088975
0.39,0.578125,2,-0.3340441803555418
0.39,0.59375,2,-0.3729771309562452
0.39,0.609375,2,-0.40831810789580036
0.39,0.625,2,-0.43972675824693624
0.39,0.640625,2,-0.4669005995370565
0.39,0.65625,2,-0.4895779328198051
0.39,0.671875,2,-0.5075403629789768
0.39,0.6875,2,-0.5206149019928762
0.39,0.703125,2,-0.5286756349035294
0.39,0.71875,2,-0.5316449324465619
0.39,0.734375,2,-0.5294941986634512
0.39,0.75,2,-0.5222441462962393
0.39,0.765625,2,-0.5099645973125042
0.39,0.78125,2,-0.49277381048164365
0.39,0.796875,2,-0.4708373424782788
0.39,0.8125,2,-0.4443664534809753
0.39,0.828125,2,-0.4136160726212364
0.39,0.84375,2,-0.37888234287661066
0.39,0.859375,2,-0.34049976905192636
0.39,0.875,2,-0.2988379963151642
0.39,0.890625,2,-0.2542982503124212
0.39,0.90625,2,-0.2073094731456044
0.39,0.921875,2,-0.15832419242551063
0.39,0.9375,2,-0.10781416318355176
0.39,0.953125,2,-0.05626582461291859
0.39,0.96875,2,-0.00417561539323455
0.39,0.984375,2,0.047954807285310846
0.39,1.0,2,0.09962339895493351
0.4,0.0,2,0.1388502859771123
0.4,0.015625,2,0.18006805804941975
0.4,0.03125,2,0.21955167628749747
0.4,0.046875,2,0.2569208918637719
0.4,0.0625,2,0.2918158188041527
0.4,0.078125,2,0.3239003998866958
0.4,0.09375,2,0.3528656430563608
0.4,0.109375,2,0.37843259718741085
0.4,0.125,2,0.40035503853524534
0.4,0.140625,2,0.41842184200565924
0.4,0.15625,2,0.43245901440491274
0.4,0.171875,2,0.44233137008930234
0.4,0.1875,2,0.4479438328768087
0.4,0.203125,2,0.4492423516827039
0.4,0.21875,2,0.44621442106104453
0.4,0.234375,2,0.43888920163895245
0.4,0.25,2,0.4273372392838347
0.4,0.265625,2,0.4116697857081159
0.4,0.28125,2,0.39203772705443185
0.4,0.296875,2,0.3686301307795923
0.4,0.3125,2,0.34167242483161736
0.4,0.328125,2,0.31142422665536773
0.4,0.34375,2,0.27817684293462713
0.4,0.359375,2,0.24225046414949575
0.4,0.375,2,0.20399108096703036
0.4,0.390625,2,0.1637671521619841
0.4,0.40625,2,0.12196605615738643
0.4,0.421875,2,0.07899036035856477
0.4,0.4375,2,0.03525394420896642
0.4,0.453125,2,-0.008821986695130127
0.4,0.46875,2,-0.052812957044764484
0.4,0.484375,2,-0.09629530974755832
0.4,0.5,2,-0.13885028597711224
0.4,0.515625,2,-0.18006805804941933
0.4,0.53125,2,-0.21955167628749778
0.4,0.546875,2,-0.2569208918637722
0.4,0.5625,2,-0.29181581880415264
0.4,0.578125,2,-0.3239003998866957
0.4,0.59375,2,-0.3528656430563606
0.4,0.609375,2,-0.3784325971874106
0.4,0.625,2,-0.40035503853524546
0.4,0.640625,2,-0.41842184200565924
0.4,0.65625,2,-0.43245901440491274
0.4,0.671875,2,-0.44233137008930234
0.4,0.6875,2,-0.4479438328768087
0.4,0.703125,2,-0.4492423516827039
0.4,0.71875,2,-0.44621442106104453
0.4,0.734375,2,-0.4388892016389525
0.4,0.75,2,-0.4273372392838347
0.4,0.765625,2,-0.41166978570811613
0.4,0.78125,2,-0.3920377270544317
0.4,0.796875,2,-0.36863013077959206
0.4,0.8125,2,-0.3416724248316174
0.4,0.828125,2,-0.3114242266553678
0.4,0.84375,2,-0.2781768429346276
0.4,0.859375,2,-0.24225046414949614
0.4,0.875,2,-0.20399108096703006
0.4,0.890625,2,-0.16376715216198415
0.4,0.90625,2,-0.12196605615738648
0.4,0.921875,2,-0.07899036035856483
0.4,0.9375,2,-0.035253944208966874
0.4,0.953125,2,0.008821986695130473
0.4,0.96875,2,0.052812957044764436
0.4,0.984375,2,0.09629530974755826
0.4,1.0,2,0.1388502859771122
0.41000000000000003,0.0,2,0.15307746403031408
0.41000000000000003,0.015625,2,0.18422593470946796
0.41000000000000003,0.03125,2,0.2136002089292294
0.41000000000000003,0.046875,2,0.24091739637125067
0.41000000000000003,0.0625,2,0.26591441758737167
0.41000000000000003,0.078125,2,0.28835053759851886
0.41000000000000003,0.09375,2,0.30800968430415443
0.41000000000000003,0.109375,2,0.32470252937472044
0.41000000000000003,0.125,2,0.33826831158694975
0.41000000000000003,0.140625,2,0.34857638504232785
0.41000000000000003,0.15625,2,0.3555274773585132
0.41000000000000003,0.171875,2,0.35905464571664736
0.41000000000000003,0.1875,2,0.3591239215572952
0.41000000000000003,0.203125,2,0.35573463771624136
0.41000000000000003,0.21875,2,0.348919434849646
0.41000000000000003,0.234375,2,0.3387439470866833
0.41000000000000003,0.25,2,0.32530616993699824
0.41000000000000003,0.265625,2,0.3087355165403781
0.41000000000000003,0.28125,2,0.2891915713474734
0.41000000000000003,0.296875,2,0.2668625532342988
0.41000000000000003,0.3125,2,0.24196350285156684
0.41000000000000003,0.328125,2,0.21473421166566917
0.41000000000000003,0.34375,2,0.1854369126357705
0.41000000000000003,0.359375,2,0.1543537547670612
0.41000000000000003,0.375,2,0.12178408586159996
0.41000000000000003,0.390625,2,0.08804156963533794
0.41000000000000003,0.40625,2,0.0534511649650703
0.41000000000000003,0.421875,2,0.01834599635681005
0.41000000000000003,0.4375,2,-0.016935854225308362
0.41000000000000003,0.453125,2,-0.05205460327315707
0.41000000000000003,0.46875,2,-0.08667203803554459
0.41000000000000003,0.484375,2,-0.1204547736918943
0.41000000000000003,0.5,2,-0.15307746403031433
0.41000000000000003,0.515625,2,-0.18422593470946794
0.41000000000000003,0.53125,2,-0.21360020892922937
0.41000000000000003,0.546875,2,-0.24091739637125065
0.41000000000000003,0.5625,2,-0.26591441758737144
0.41000000000000003,0.578125,2,-0.28835053759851903
0.41000000000000003,0.59375,2,-0.30800968430415454
0.41000000000000003,0.609375,2,-0.32470252937472044
0.41000000000000003,0.625,2,-0.33826831158694975
0.41000000000000003,0.640625,2,-0.34857638504232774
0.41000000000000003,0.65625,2,-0.3555274773585131
0.41000000000000003,0.671875,2,-0.3590546457166474
0.41000000000000003,0.6875,2,-0.3591239215572953
0.41000000000000003,0.703125,2,-0.35573463771624136
0.41000000000000003,0.71875,2,-0.348919434849646
0.41000000000000003,0.734375,2,-0.33874394708668343
0.41000000000000003,0.75,2,-0.32530616993699807
0.41000000000000003,0.765625,2,-0.3087355165403782
0.41000000000000003,0.78125,2,-0.2891915713474734
0.41000000000000003,0.796875,2,-0.26686255323429886
0.41000000000000003,0.8125,2,-0.24196350285156712
0.41000000000000003,0.828125,2,-0.21473421166566897
0.41000000000000003,0.84375,2,-0.18543691263577028
0.41000000000000003,0.859375,2,-0.15435375476706123
0.41000000000000003,0.875,2,-0.1217840858616
0.41000000000000003,0.890625,2,-0.0880415696353383
0.41000000000000003,0.90625,2,-0.05345116496507066
0.41000000000000003,0.921875,2,-0.018345996356809776
0.41000000000000003,0.9375,2,0.016935854225308317
0.41000000000000003,0.953125,2,0.05205460327315704
0.41000000000000003,0.96875,2,0.08667203803554453
0.41000000000000003,0.984375,2,0.12045477369189425
0.41000000000000003,1.0,2,0.1530774640303143
0.42,0.0,2,0.14167650049640235
0.42,0.015625,2,0.16287626730155802
0.42,0.03125,2,0.18250744661537482
0.42,0.046875,2,0.2003809794495669
0.42,0.0625,2,0.21632473391227372
0.42,0.078125,2,0.23018516293227675
0.42,0.09375,2,0.24182878300123228
0.42,0.109375,2,0.25114345969282587
0.42,0.125,2,0.2580394875785974
0.42,0.140625,2,0.26245045414025453
0.42,0.15625,2,0.26433387935852887
0.42,0.171875,2,0.26367162481898354
0.42,0.1875,2,0.2604700683948595
0.42,0.203125,2,0.2547600428246698
0.42,0.21875,2,0.24659653877607282
0.42,0.234375,2,0.23605817525568198
0.42,0.25,2,0.2232464424650539
0.42,0.265625,2,0.2082847243945681
0.42,0.28125,2,0.19131711056815037
0.42,0.296875,2,0.1725070083823901
0.42,0.3125,2,0.15203556940398438
0.42,0.328125,2,0.1300999447811219
0.42,0.34375,2,0.10691138657015285
0.42,0.359375,2,0.08269321326280461
0.42,0.375,2,0.05767865910702669
0.42,0.390625,2,0.032108627933685976
0.42,0.40625,2,0.006229373120982399
0.42,0.421875,2,-0.019709873960198212
0.42,0.4375,2,-0.04545930418062902
0.42,0.453125,2,-0.07077093645121665
0.42,0.46875,2,-0.09540100591644989
0.42,0.484375,2,-0.11911231154321301
0.42,0.5,2,-0.1416765004964021
0.42,0.515625,2,-0.1628762673015576
0.42,0.53125,2,-0.18250744661537482
0.42,0.546875,2,-0.20038097944956676
0.42,0.5625,2,-0.21632473391227353
0.42,0.578125,2,-0.23018516293227662
0.42,0.59375,2,-0.24182878300123206
0.42,0.609375,2,-0.25114345969282587
0.42,0.625,2,-0.2580394875785974
0.42,0.640625,2,-0.2624504541402545
0.42,0.65625,2,-0.26433387935852887
0.42,0.671875,2,-0.26367162481898354
0.42,0.6875,2,-0.2604700683948594
0.42,0.703125,2,-0.25476004282466974
0.42,0.71875,2,-0.24659653877607285
0.42,0.734375,2,-0.23605817525568198
0.42,0.75,2,-0.22324644246505404
0.42,0.765625,2,-0.20828472439456827
0.42,0.78125,2,-0.19131711056815023
0.42,0.796875,2,-0.17250700838239014
0.42,0.8125,2,-0.1520355694039844
0.42,0.828125,2,-0.13009994478112194
0.42,0.84375,2,-0.1069113865701531
0.42,0.859375,2,-0.0826932132628044
0.42,0.875,2,-0.05767865910702672
0.42,0.890625,2,-0.03210862793368601
0.42,0.90625,2,-0.006229373120982431
0.42,0.921875,2,0.019709873960197945
0.42,0.9375,2,0.04545930418062898
0.42,0.953125,2,0.0707709364512166
0.42,0.96875,2,0.09540100591644986
0.42,0.984375,2,0.11911231154321297
0.42,1.0,2,0.14167650049640207
0.43,0.0,2,0.10773314182678832
0.43,0.015625,2,0.11997885521321804
0.43,0.03125,2,0.13106910663683052
0.43,0.046875,2,0.1408970909138684
0.43,0.0625,2,0.14936815918322113
0.43,0.078125,2,0.15640073042669778
0.43,0.09375,2,0.16192707713882928
0.43,0.109375,2,0.1658939775797693
0.43,0.125,2,0.16826322832974325
0.43,0.140625,2,0.1690120122088647
0.43,0.15625,2,0.1681331180190508
0.43,0.171875,2,0.16563500999180186
0.43,0.1875,2,0.16154174627302512
0.43,0.203125,2,0.15589274722993787
0.43,0.21875,2,0.14874241581138206
0.43,0.234375,2,0.1401596136176872
0.43,0.25,2,0.1302269977258154
0.43,0.265625,2,0.11904022465652565
0.43,0.28125,2,0.10670702914978743
0.43,0.296875,2,0.09334618662034092
0.43,0.3125,2,0.07908636928552441
0.43,0.328125,2,0.06406490698148117
0.43,0.34375,2,0.048426464601765556
0.43,0.359375,2,0.032321648895336716
0.43,0.375,2,0.01590555804123507
0.43,0.390625,2,-0.0006637120316659974
0.43,0.40625,2,-0.01722659019488022
0.43,0.421875,2,-0.033623566877505784
0.43,0.4375,2,-0.049696730230589486
0.43,0.453125,2,-0.06529128690455643
0.43,0.46875,2,-0.08025705279378446
0.43,0.484375,2,-0.09444989939164077
0.43,0.5,2,-0.1077331418267883
0.43,0.515625,2,-0.11997885521321792
0.43,0.53125,2,-0.1310691066368304
0.43,0.546875,2,-0.1408970909138683
0.43,0.5625,2,-0.14936815918322113
0.43,0.578125,2,-0.15640073042669778
0.43,0.59375,2,-0.16192707713882923
0.43,0.609375,2,-0.16589397757976926
0.43,0.625,2,-0.16826322832974322
0.43,0.640625,2,-0.1690120122088647
0.43,0.65625,2,-0.1681331180190508
0.43,0.671875,2,-0.16563500999180186
0.43,0.6875,2,-0.16154174627302512
0.43,0.703125,2,-0.15589274722993787
0.43,0.71875,2,-0.14874241581138214
0.43,0.734375,2,-0.1401596136176871
0.43,0.75,2,-0.1302269977258154
0.43,0.765625,2,-0.11904022465652568
0.43,0.78125,2,-0.10670702914978744
0.43,0.796875,2,-0.09334618662034107
0.43,0.8125,2,-0.0790863692855243
0.43,0.828125,2,-0.06406490698148105
0.43,0.84375,2,-0.04842646460176558
0.43,0.859375,2,-0.03232164889533674
0.43,0.875,2,-0.015905558041235238
0.43,0.890625,2,0.0006637120316658266
0.43,0.90625,2,0.017226590194880348
0.43,0.921875,2,0.03362356687750576
0.43,0.9375,2,0.049696730230589466
0.43,0.953125,2,0.0652912869045564
0.43,0.96875,2,0.08025705279378445
0.43,0.984375,2,0.09444989939164074
0.43,1.0,2,0.10773314182678828
0.44,0.0,2,0.06071924168922619
0.44,0.015625,2,0.0660157172701833
0.44,0.03125,2,0.07067642540596654
0.44,0.046875,2,0.07465648092942616
0.44,0.0625,2,0.07791755373015159
0.44,0.078125,2,0.08042823789438805
0.44,0.09375,2,0.08216435416115443
0.44,0.109375,2,0.08310918278174408
0.44,0.125,2,0.08325362454004483
0.44,0.140625,2,0.08259628838296434
0.44,0.15625,2,0.08114350481703182
0.44,0.171875,2,0.07890926494215945
0.44,0.1875,2,0.07591508570970204
0.44,0.203125,2,0.07218980270245301
0.44,0.21875,2,0.06776929243221895
0.44,0.234375,2,0.06269612682939904
0.44,0.25,2,0.05701916325202278
0.44,0.265625,2,0.05079307396268425
0.44,0.28125,2,0.044077819604766484
0.44,0.296875,2,0.036938071748667554
0.44,0.3125,2,0.029442590069225016
0.44,0.328125,2,0.021663560152458915
0.44,0.34375,2,0.013675898308917963
0.44,0.359375,2,0.00555653008865572
0.44,0.375,2,-0.002616350553868602
0.44,0.390625,2,-0.010764034310316545
0.44,0.40625,2,-0.018808054532136364
0.44,0.421875,2,-0.026670942907283262
0.44,0.4375,2,-0.03427697552241256
0.44,0.453125,2,-0.041552902125560315
0.44,0.46875,2,-0.0484286515661119
0.44,0.484375,2,-0.05483800661828794
0.44,0.5,2,-0.06071924168922612
0.44,0.515625,2,-0.06601571727018318
0.44,0.53125,2,-0.07067642540596653
0.44,0.546875,2,-0.07465648092942614
0.44,0.5625,2,-0.07791755373015155
0.44,0.578125,2,-0.08042823789438804
0.44,0.59375,2,-0.08216435416115443
0.44,0.609375,2,-0.08310918278174408
0.44,0.625,2,-0.08325362454004483
0.44,0.640625,2,-0.08259628838296434
0.44,0.65625,2,-0.08114350481703182
0.44,0.671875,2,-0.07890926494215948
0.44,0.6875,2,-0.07591508570970208
0.44,0.703125,2,-0.07218980270245298
0.44,0.71875,2,-0.06776929243221896
0.44,0.734375,2,-0.06269612682939904
0.44,0.75,2,-0.057019163252022796
0.44,0.765625,2,-0.05079307396268432
0.44,0.78125,2,-0.04407781960476643
0.44,0.796875,2,-0.03693807174866756
0.44,0.8125,2,-0.029442590069225023
0.44,0.828125,2,-0.02166356015245893
0.44,0.84375,2,-0.013675898308918046
0.44,0.859375,2,-0.005556530088655657
0.44,0.875,2,0.0026163505538686657
0.44,0.890625,2,0.010764034310316533
0.44,0.90625,2,0.018808054532136357
0.44,0.921875,2,0.02667094290728325
0.44,0.9375,2,0.034276975522412545
0.44,0.953125,2,0.04155290212556031
0.44,0.96875,2,0.04842865156611189
0.44,0.984375,2,0.05483800661828793
0.44,1.0,2,0.060719241689226114
0.45,0.0,2,0.018748505472924237
0.45,0.015625,2,0.01999337525620395
0.45,0.03125,2,0.021045697906275744
0.45,0.046875,2,0.021895338980761354
0.45,0.0625,2,0.022534115971652433
0.45,0.078125,2,0.022955877107335664
0.45,0.09375,2,0.02315656059751634
0.45,0.109375,2,0.023134233750479266
0.45,0.125,2,0.022889111585966498
0.45,0.140625,2,0.022423554764419703
0.45,0.15625,2,0.021742046852529628
0.45,0.171875,2,0.020851151144037888
0.45,0.1875,2,0.019759447451630385
0.45,0.203125,2,0.018477449478650966
0.45,0.21875,2,0.01701750356639078
0.45,0.234375,2,0.015393669792072536
0.45,0.25,2,0.013621586562620741
0.45,0.265625,2,0.011718320008254235
0.45,0.28125,2,0.009702199626322927
0.45,0.296875,2,0.0075926417582283115
0.45,0.3125,2,0.005409962599441756
0.45,0.328125,2,0.00317518254343621
0.45,0.34375,2,0.0009098237438060157
0.45,0.359375,2,-0.0013642971558372606
0.45,0.375,2,-0.003625279128069135
0.45,0.390625,2,-0.005851347680518544
0.45,0.40625,2,-0.008021064556132588
0.45,0.421875,2,-0.010113534195311125
0.45,0.4375,2,-0.01210860497156865
0.45,0.453125,2,-0.013987063262713179
0.45,0.46875,2,-0.015730818488531233
0.45,0.484375,2,-0.017323077332964617
0.45,0.5,2,-0.018748505472924237
0.45,0.515625,2,-0.01999337525620394
0.45,0.53125,2,-0.021045697906275734
0.45,0.546875,2,-0.021895338980761344
0.45,0.5625,2,-0.022534115971652422
0.45,0.578125,2,-0.022955877107335664
0.45,0.59375,2,-0.02315656059751634
0.45,0.609375,2,-0.023134233750479266
0.45,0.625,2,-0.022889111585966498
0.45,0.640625,2,-0.02242355476441971
0.45,0.65625,2,-0.021742046852529617
0.45,0.671875,2,-0.020851151144037877
0.45,0.6875,2,-0.019759447451630385
0.45,0.703125,2,-0.01847744947865097
0.45,0.71875,2,-0.017017503566390795
0.45,0.734375,2,-0.015393669792072554
0.45,0.75,2,-0.01362158656262073
0.45,0.765625,2,-0.011718320008254237
0.45,0.78125,2,-0.00970219962632293
0.45,0.796875,2,-0.007592641758228315
0.45,0.8125,2,-0.005409962599441778
0.45,0.828125,2,-0.0031751825434361927
0.45,0.84375,2,-0.0009098237438060184
0.45,0.859375,2,0.0013642971558372576
0.45,0.875,2,0.0036252791280691325
0.45,0.890625,2,0.0058513476805185415
0.45,0.90625,2,0.008021064556132584
0.45,0.921875,2,0.010113534195311122
0.45,0.9375,2,0.012108604971568649
0.45,0.953125,2,0.013987063262713177
0.45,0.96875,2,0.01573081848853123
0.45,0.984375,2,0.017323077332964613
0.45,1.0,2,0.018748505472924233
0.46,0.0,2,0.001017242394546742
0.46,0.015625,2,0.001067158586230314
0.46,0.03125,2,0.0011067974573602643
0.46,0.046875,2,0.0011357772639388
0.46,0.0625,2,0.0011538189145865966
0.46,0.078125,2,0.0011607486583453458
0.46,0.09375,2,0.0011564997579944678
0.46,0.109375,2,0.001141113132767027
0.46,0.125,2,0.0011147369642751485
0.46,0.140625,2,0.001077625269440089
0.46,0.15625,2,0.0010301354541704267
0.46,0.171875,2,0.0009727248713477821
0.46,0.1875,2,0.0009059464162685535
0.46,0.203125,2,0.000830443201959972
0.46,0.21875,2,0.0007469423656500832
0.46,0.234375,2,0.0006562480660387534
0.46,0.25,2,0.0005592337388097858
0.46,0.265625,2,0.00045683368496782066
0.46,0.28125,2,0.00035003407300892127
0.46,0.296875,2,0.00023986344157885762
0.46,0.3125,2,0.00012738279408369354
0.46,0.328125,2,1.3675380646985945e-05
0.46,0.34375,2,-0.00010016373418107663
0.46,0.359375,2,-0.00021303821749390657
0.46,0.375,2,-0.00032386102631373726
0.46,0.390625,2,-0.00043156487640971905
0.46,0.40625,2,-0.0005351125208285161
0.46,0.421875,2,-0.0006335067391494751
0.46,0.4375,2,-0.0007257999412624141
0.46,0.453125,2,-0.0008111032931783907
0.46,0.46875,2,-0.0008885952769868955
0.46,0.484375,2,-0.0009575296025224266
0.46,0.5,2,-0.0010172423945467414
0.46,0.515625,2,-0.0010671585862303136
0.46,0.53125,2,-0.0011067974573602643
0.46,0.546875,2,-0.0011357772639388
0.46,0.5625,2,-0.0011538189145865964
0.46,0.578125,2,-0.0011607486583453458
0.46,0.59375,2,-0.001156499757994468
0.46,0.609375,2,-0.0011411131327670272
0.46,0.625,2,-0.0011147369642751483
0.46,0.640625,2,-0.001077625269440089
0.46,0.65625,2,-0.0010301354541704267
0.46,0.671875,2,-0.0009727248713477821
0.46,0.6875,2,-0.0009059464162685543
0.46,0.703125,2,-0.0008304432019599715
0.46,0.71875,2,-0.0007469423656500834
0.46,0.734375,2,-0.0006562480660387535
0.46,0.75,2,-0.0005592337388097859
0.46,0.765625,2,-0.0004568336849678217
0.46,0.78125,2,-0.00035003407300892046
0.46,0.796875,2,-0.00023986344157885675
0.46,0.8125,2,-0.00012738279408369365
0.46,0.828125,2,-1.3675380646986088e-05
0.46,0.84375,2,0.00010016373418107546
0.46,0.859375,2,0.00021303821749390643
0.46,0.875,2,0.00032386102631373715
0.46,0.890625,2,0.0004315648764097189
0.46,0.90625,2,0.000535112520828516
0.46,0.921875,2,0.0006335067391494749
0.46,0.9375,2,0.0007257999412624141
0.46,0.953125,2,0.0008111032931783906
0.46,0.96875,2,0.0008885952769868953
0.46,0.984375,2,0.0009575296025224265
0.46,1.0,2,0.0010172423945467414
0.47000000000000003,0.0,2,3.320883565478247e-10
0.47000000000000003,0.015625,2,3.4337685601720184e-10
0.47000000000000003,0.03125,2,3.5135844865425e-10
0.47000000000000003,0.046875,2,3.55956267358692e-10
0.47000000000000003,0.0625,2,3.571260326229806e-10
0.47000000000000003,0.078125,2,3.548564789681621e-10
0.47000000000000003,0.09375,2,3.4916946343659663e-10
0.47000000000000003,0.109375,2,3.401197550966919e-10
0.47000000000000003,0.125,2,3.2779450758683523e-10
0.47000000000000003,0.140625,2,3.123124197782119e-10
0.47000000000000003,0.15625,2,2.938225926397894e-10
0.47000000000000003,0.171875,2,2.7250309331447823e-10
0.47000000000000003,0.1875,2,2.4855924023520477e-10
0.47000000000000003,0.203125,2,2.2222162579616435e-10
0.47000000000000003,0.21875,2,1.9374389562200932e-10
0.47000000000000003,0.234375,2,1.6340030582182732e-10
0.47000000000000003,0.25,2,1.314830817528882e-10
0.47000000000000003,0.265625,2,9.829960373070469e-11
0.47000000000000003,0.28125,2,6.416944678856533e-11
0.47000000000000003,0.296875,2,2.942130299526426e-11
0.47000000000000003,0.3125,2,-5.610184029201747e-12
0.47000000000000003,0.328125,2,-4.058764191462768e-11
0.47000000000000003,0.34375,2,-7.517421862095406e-11
0.47000000000000003,0.359375,2,-1.090368265075523e-10
0.47000000000000003,0.375,2,-1.418493501492903e-10
0.47000000000000003,0.390625,2,-1.7329578700634816e-10
0.47000000000000003,0.40625,2,-2.030732907014214e-10
0.47000000000000003,0.421875,2,-2.308950875958876e-10
0.47000000000000003,0.4375,2,-2.5649323857671077e-10
0.47000000000000003,0.453125,2,-2.796212194565735e-10
0.47000000000000003,0.46875,2,-3.000562951365621e-10
0.47000000000000003,0.484375,2,-3.176016646669298e-10
0.47000000000000003,0.5,2,-3.3208835654782465e-10
0.47000000000000003,0.515625,2,-3.4337685601720184e-10
0.47000000000000003,0.53125,2,-3.5135844865424997e-10
0.47000000000000003,0.546875,2,-3.5595626735869196e-10
0.47000000000000003,0.5625,2,-3.571260326229806e-10
0.47000000000000003,0.578125,2,-3.548564789681621e-10
0.47000000000000003,0.59375,2,-3.4916946343659653e-10
0.47000000000000003,0.609375,2,-3.401197550966919e-10
0.47000000000000003,0.625,2,-3.2779450758683523e-10
0.47000000000000003,0.640625,2,-3.1231241977821205e-10
0.47000000000000003,0.65625,2,-2.938225926397896e-10
0.47000000000000003,0.671875,2,-2.7250309331447803e-10
0.47000000000000003,0.6875,2,-2.4855924023520477e-10
0.47000000000000003,0.703125,2,-2.2222162579616437e-10
0.47000000000000003,0.71875,2,-1.9374389562200934e-10
0.47000000000000003,0.734375,2,-1.6340030582182766e-10
0.47000000000000003,0.75,2,-1.3148308175288794e-10
0.47000000000000003,0.765625,2,-9.829960373070472e-11
0.47000000000000003,0.78125,2,-6.416944678856538e-11
0.47000000000000003,0.796875,2,-2.9421302995264303e-11
0.47000000000000003,0.8125,2,5.610184029201387e-12
0.47000000000000003,0.828125,2,4.0587641914627944e-11
0.47000000000000003,0.84375,2,7.517421862095402e-11
0.47000000000000003,0.859375,2,1.0903682650755226e-10
0.47000000000000003,0.875,2,1.4184935014929026e-10
0.47000000000000003,0.890625,2,1.7329578700634814e-10
0.47000000000000003,0.90625,2,2.0307329070142135e-10
0.47000000000000003,0.921875,2,2.3089508759588756e-10
0.47000000000000003,0.9375,2,2.5649323857671077e-10
0.47000000000000003,0.953125,2,2.796212194565735e-10
0.47000000000000003,0.96875,2,3.000562951365621e-10
0.47000000000000003,0.984375,2,3.1760166466692977e-10
0.47000000000000003,1.0,2,3.3208835654782465e-10
0.48,0.0,2,0.0
0.48,0.015625,2,0.0
0.48,0.03125,2,0.0
0.48,0.046875,2,0.0
0.48,0.0625,2,0.0
0.48,0.078125,2,0.0
0.48,0.09375,2,0.0
0.48,0.109375,2,0.0
0.48,0.125,2,0.0
0.48,0.140625,2,0.0
0.48,0.15625,2,0.0
0.48,0.171875,2,0.0
0.48,0.1875,2,0.0
0.48,0.203125,2,0.0
0.48,0.21875,2,0.0
0.48,0.234375,2,0.0
0.48,0.25,2,0.0
0.48,0.265625,2,0.0
0.48,0.28125,2,0.0
0.48,0.296875,2,-0.0
0.48,0.3125,2,-0.0
0.48,0.328125,2,-0.0
0.48,0.34375,2,-0.0
0.48,0.359375,2,-0.0
0.48,0.375,2,-0.0
0.48,0.390625,2,-0.0
0.48,0.40625,2,-0.0
0.48,0.421875,2,-0.0
0.48,0.4375,2,-0.0
0.48,0.453125,2,-0.0
0.48,0.46875,2,-0.0
0.48,0.484375,2,-0.0
0.48,0.5,2,-0.0
0.48,0.515625,2,-0.0
0.48,0.53125,2,-0.0
0.48,0.546875,2,-0.0
0.48,0.5625,2,-0.0
0.48,0.578125,2,-0.0
0.48,0.59375,2,-0.0
0.48,0.609375,2,-0.0
0.48,0.625,2,-0.0
0.48,0.640625,2,-0.0
0.48,0.65625,2,-0.0
0.48,0.671875,2,-0.0
0.48,0.6875,2,-0.0
0.48,0.703125,2,-0.0
0.48,0.71875,2,-0.0
0.48,0.734375,2,-0.0
0.48,0.75,2,-0.0
0.48,0.765625,2,-0.0
0.48,0.78125,2,-0.0
0.48,0.796875,2,0.0
0.48,0.8125,2,0.0
0.48,0.828125,2,0.0
0.48,0.84375,2,0.0
0.48,0.859375,2,0.0
0.48,0.875,2,0.0
0.48,0.890625,2,0.0
0.48,0.90625,2,0.0
0.48,0.921875,2,0.0
0.48,0.9375,2,0.0
0.48,0.953125,2,0.0
0.48,0.96875,2,0.0
0.48,0.984375,2,0.0
0.48,1.0,2,0.0
0.49,0.0,2,0.0
0.49,0.015625,2,0.0
0.49,0.03125,2,0.0
0.49,0.046875,2,0.0
0.49,0.0625,2,0.0
0.49,0.078125,2,0.0
0.49,0.09375,2,0.0
0.49,0.109375,2,0.0
0.49,0.125,2,0.0
0.49,0.140625,2,0.0
0.49,0.15625,2,0.0
0.49,0.171875,2,0.0
0.49,0.1875,2,0.0
0.49,0.203125,2,0.0
0.49,0.21875,2,0.0
0.49,0.234375,2,0.0
0.49,0.25,2,0.0
0.49,0.265625,2,0.0
0.49,0.28125,2,-0.0
0.49,0.296875,2,-0.0
0.49,0.3125,2,-0.0
0.49,0.328125,2,-0.0
0.49,0.34375,2,-0.0
0.49,0.359375,2,-0.0
0.49,0.375,2,-0.0
0.49,0.390625,2,-0.0
0.49,0.40625,2,-0.0
0.49,0.421875,2,-0.0
0.49,0.4375,2,-0.0
0.49,0.453125,2,-0.0
0.49,0.46875,2,-0.0
0.49,0.484375,2,-0.0
0.49,0.5,2,-0.0
0.49,0.515625,2,-0.0
0.49,0.53125,2,-0.0
0.49,0.546875,2,-0.0
0.49,0.5625,2,-0.0
0.49,0.578125,2,-0.0
0.49,0.59375,2,-0.0
0.49,0.609375,2,-0.0
0.49,0.625,2,-0.0
0.49,0.640625,2,-0.0
0.49,0.65625,2,-0.0
0.49,0.671875,2,-0.0
0.49,0.6875,2,-0.0
0.49,0.703125,2,-0.0
0.49,0.71875,2,-0.0
0.49,0.734375,2,-0.0
0.49,0.75,2,-0.0
0.49,0.765625,2,-0.0
0.49,0.78125,2,0.0
0.49,0.796875,2,0.0
0.49,0.8125,2,0.0
0.49,0.828125,2,0.0
0.49,0.84375,2,0.0
0.49,0.859375,2,0.0
0.49,0.875,2,0.0
0.49,0.890625,2,0.0
0.49,0.90625,2,0.0
0.49,0.921875,2,0.0
0.49,0.9375,2,0.0
0.49,0.953125,2,0.0
0.49,0.96875,2,0.0
0.49,0.984375,2,0.0
0.49,1.0,2,0.0
0.5,0.0,2,0.0
0.5,0.015625,2,0.0
0.5,0.03125,2,0.0
0.5,0.046875,2,0.0
0.5,0.0625,2,0.0
0.5,0.078125,2,0.0
0.5,0.09375,2,0.0
0.5,0.109375,2,0.0
0.5,0.125,2,0.0
0.5,0.140625,2,0.0
0.5,0.15625,2,0.0
0.5,0.171875,2,0.0
0.5,0.1875,2,0.0
0.5,0.203125,2,0.0
0.5,0.21875,2,0.0
0.5,0.234375,2,0.0
0.5,0.25,2,0.0
0.5,0.265625,2,-0.0
0.5,0.28125,2,-0.0
0.5,0.296875,2,-0.0
0.5,0.3125,2,-0.0
0.5,0.328125,2,-0.0
0.5,0.34375,2,-0.0
0.5,0.359375,2,-0.0
0.5,0.375,2,-0.0
0.5,0.390625,2,-0.0
0.5,0.40625,2,-0.0
0.5,0.421875,2,-0.0
0.5,0.4375,2,-0.0
0.5,0.453125,2,-0.0
0.5,0.46875,2,-0.0
0.5,0.484375,2,-0.0
0.5,0.5,2,-0.0
0.5,0.515625,2,-0.0
0.5,0.53125,2,-0.0
0.5,0.546875,2,-0.0
0.5,0.5625,2,-0.0
0.5,0.578125,2,-0.0
0.5,0.59375,2,-0.0
0.5,0.609375,2,-0.0
0.5,0.625,2,-0.0
0.5,0.640625,2,-0.0
0.5,0.65625,2,-0.0
0.5,0.671875,2,-0.0
0.5,0.6875,2,-0.0
0.5,0.703125,2,-0.0
0.5,0.71875,2,-0.0
0.5,0.734375,2,-0.0
0.5,0.75,2,-0.0
0.5,0.765625,2,0.0
0.5,0.78125,2,0.0
0.5,0.796875,2,0.0
0.5,0.8125,2,0.0
0.5,0.828125,2,0.0
0.5,0.84375,2,0.0
0.5,0.859375,2,0.0
0.5,0.875,2,0.0
0.5,0.890625,2,0.0
0.5,0.90625,2,0.0
0.5,0.921875,2,0.0
0.5,0.9375,2,0.0
0.5,0.953125,2,0.0
0.5,0.96875,2,0.0
0.5,0.984375,2,0.0
0.5,1.0,2,0.0
0.51,0.0,2,0.0
0.51,0.015625,2,0.0
0.51,0.03125,2,0.0
0.51,0.046875,2,0.0
0.51,0.0625,2,0.0
0.51,0.078125,2,0.0
0.51,0.09375,2,0.0
0.51,0.109375,2,0.0
0.51,0.125,2,0.0
0.51,0.140625,2,0.0
0.51,0.15625,2,0.0
0.51,0.171875,2,0.0
0.51,0.1875,2,0.0
0.51,0.203125,2,0.0
0.51,0.21875,2,0.0
0.51,0.234375,2,-0.0
0.51,0.25,2,-0.0
0.51,0.265625,2,-0.0
0.51,0.28125,2,-0.0
0.51,0.296875,2,-0.0
0.51,0.3125,2,-0.0
0.51,0.328125,2,-0.0
0.51,0.34375,2,-0.0
0.51,0.359375,2,-0.0
0.51,0.375,2,-0.0
0.51,0.390625,2,-0.0
0.51,0.40625,2,-0.0
0.51,0.421875,2,-0.0
0.51,0.4375,2,-0.0
0.51,0.453125,2,-0.0
0.51,0.46875,2,-0.0
0.51,0.484375,2,-0.0
0.51,0.5,2,-0.0
0.51,0.515625,2,-0.0
0.51,0.53125,2,-0.0
0.51,0.546875,2,-0.0
0.51,0.5625,2,-0.0
0.51,0.578125,2,-0.0
0.51,0.59375,2,-0.0
0.51,0.609375,2,-0.0
0.51,0.625,2,-0.0
0.51,0.640625,2,-0.0
0.51,0.65625,2,-0.0
0.51,0.671875,2,-0.0
0.51,0.6875,2,-0.0
0.51,0.703125,2,-0.0
0.51,0.71875,2,-0.0
0.51,0.734375,2,0.0
0.51,0.75,2,0.0
0.51,0.765625,2,0.0
0.51,0.78125,2,0.0
0.51,0.796875,2,0.0
0.51,0.8125,2,0.0
0.51,0.828125,2,0.0
0.51,0.84375,2,0.0
0.51,0.859375,2,0.0
0.51,0.875,2,0.0
0.51,0.890625,2,0.0
0.51,0.90625,2,0.0
0.51,0.921875,2,0.0
0.51,0.9375,2,0.0
0.51,0.953125,2,0.0
0.51,0.96875,2,0.0
0.51,0.984375,2,0.0
0.51,1.0,2,0.0
0.52,0.0,2,0.0
0.52,0.015625,2,0.0
0.52,0.03125,2,0.0
0.52,0.046875,2,0.0
0.52,0.0625,2,0.0
0.52,0.078125,2,0.0
0.52,0.09375,2,0.0
0.52,0.109375,2,0.0
0.52,0.125,2,0.0
0.52,0.140625,2,0.0
0.52,0.15625,2,0.0
0.52,0.171875,2,0.0
0.52,0.1875,2,0.0
0.52,0.203125,2,0.0
0.52,0.21875,2,-0.0
0.52,0.234375,2,-0.0
0.52,0.25,2,-0.0
0.52,0.265625,2,-0.0
0.52,0.28125,2,-0.0
0.52,0.296875,2,-0.0
0.52,0.3125,2,-0.0
0.52,0.328125,2,-0.0
0.52,0.34375,2,-0.0
0.52,0.359375,2,-0.0
0.52,0.375,2,-0.0
0.52,0.390625,2,-0.0
0.52,0.40625,2,-0.0
0.52,0.421875,2,-0.0
0.52,0.4375,2,-0.0
0.52,0.453125,2,-0.0
0.52,0.46875,2,-0.0
0.52,0.484375,2,-0.0
0.52,0.5,2,-0.0
0.52,0.515625,2,-0.0
0.52,0.53125,2,-0.0
0.52,0.546875,2,-0.0
0.52,0.5625,2,-0.0
0.52,0.578125,2,-0.0
0.52,0.59375,2,-0.0
0.52,0.609375,2,-0.0
0.52,0.625,2,-0.0
0.52,0.640625,2,-0.0
0.52,0.65625,2,-0.0
0.52,0.671875,2,-0.0
0.52,0.6875,2,-0.0
0.52,0.703125,2,-0.0
0.52,0.71875,2,0.0
0.52,0.734375,2,0.0
0.52,0.75,2,0.0
0.52,0.765625,2,0.0
0.52,0.78125,2,0.0
0.52,0.796875,2,0.0
0.52,0.8125,2,0.0
0.52,0.828125,2,0.0
0.52,0.84375,2,0.0
0.52,0.859375,2,0.0
0.52,0.875,2,0.0
0.52,0.890625,2,0.0
0.52,0.90625,2,0.0
0.52,0.921875,2,0.0
0.52,0.9375,2,0.0
0.52,0.953125,2,0.0
0.52,0.96875,2,0.0
0.52,0.984375,2,0.0
0.52,1.0,2,0.0
0.53,0.0,2,3.320883565479002e-10
0.53,0.015625,2,3.176016646670023e-10
0.53,0.03125,2,3.000562951366305e-10
0.53,0.046875,2,2.796212194566372e-10
0.53,0.0625,2,2.564932385767693e-10
0.53,0.078125,2,2.3089508759594004e-10
0.53,0.09375,2,2.03073290701468e-10
0.53,0.109375,2,1.7329578700638802e-10
0.53,0.125,2,1.4184935014932275e-10
0.53,0.140625,2,1.0903682650757728e-10
0.53,0.15625,2,7.517421862097105e-11
0.53,0.171875,2,4.058764191463712e-11
0.53,0.1875,2,5.6101840292032425e-12
0.53,0.203125,2,-2.9421302995270733e-11
0.53,0.21875,2,-6.416944678857971e-11
0.53,0.234375,2,-9.829960373072684e-11
0.53,0.25,2,-1.3148308175291759e-10
0.53,0.265625,2,-1.6340030582186457e-10
0.53,0.28125,2,-1.9374389562205316e-10
0.53,0.296875,2,-2.222216257962147e-10
0.53,0.3125,2,-2.4855924023526117e-10
0.53,0.328125,2,-2.7250309331453986e-10
0.53,0.34375,2,-2.938225926398563e-10
0.53,0.359375,2,-3.12312419778283e-10
0.53,0.375,2,-3.277945075869097e-10
0.53,0.390625,2,-3.401197550967692e-10
0.53,0.40625,2,-3.491694634366759e-10
0.53,0.421875,2,-3.5485647896824277e-10
0.53,0.4375,2,-3.571260326230618e-10
0.53,0.453125,2,-3.559562673587729e-10
0.53,0.46875,2,-3.5135844865432995e-10
0.53,0.484375,2,-3.4337685601727996e-10
0.53,0.5,2,-3.320883565479003e-10
0.53,0.515625,2,-3.1760166466700215e-10
0.53,0.53125,2,-3.000562951366305e-10
0.53,0.546875,2,-2.796212194566373e-10
0.53,0.5625,2,-2.564932385767693e-10
0.53,0.578125,2,-2.308950875959403e-10
0.53,0.59375,2,-2.030732907014678e-10
0.53,0.609375,2,-1.732957870063878e-10
0.53,0.625,2,-1.418493501493228e-10
0.53,0.640625,2,-1.0903682650757732e-10
0.53,0.65625,2,-7.51742186209714e-11
0.53,0.671875,2,-4.058764191463748e-11
0.53,0.6875,2,-5.610184029202969e-12
0.53,0.703125,2,2.942130299527069e-11
0.53,0.71875,2,6.416944678857966e-11
0.53,0.734375,2,9.829960373072679e-11
0.53,0.75,2,1.3148308175291754e-10
0.53,0.765625,2,1.6340030582186452e-10
0.53,0.78125,2,1.9374389562205313e-10
0.53,0.796875,2,2.2222162579621468e-10
0.53,0.8125,2,2.485592402352611e-10
0.53,0.828125,2,2.725030933145398e-10
0.53,0.84375,2,2.9382259263985623e-10
0.53,0.859375,2,3.12312419778283e-10
0.53,0.875,2,3.277945075869096e-10
0.53,0.890625,2,3.401197550967692e-10
0.53,0.90625,2,3.491694634366759e-10
0.53,0.921875,2,3.5485647896824277e-10
0.53,0.9375,2,3.571260326230618e-10
0.53,0.953125,2,3.559562673587729e-10
0.53,0.96875,2,3.5135844865432995e-10
0.53,0.984375,2,3.4337685601728e-10
0.53,1.0,2,3.320883565479003e-10
0.54,0.0,2,0.0010172423945467688
0.54,0.015625,2,0.0009575296025224524
0.54,0.03125,2,0.0008885952769869196
0.54,0.046875,2,0.000811103293178412
0.54,0.0625,2,0.0007257999412624347
0.54,0.078125,2,0.0006335067391494925
0.54,0.09375,2,0.0005351125208285309
0.54,0.109375,2,0.00043156487640973114
0.54,0.125,2,0.00032386102631374556
0.54,0.140625,2,0.00021303821749391394
0.54,0.15625,2,0.00010016373418108
0.54,0.171875,2,-1.3675380646985596e-05
0.54,0.1875,2,-0.0001273827940836962
0.54,0.203125,2,-0.00023986344157886228
0.54,0.21875,2,-0.0003500340730089289
0.54,0.234375,2,-0.000456833684967833
0.54,0.25,2,-0.0005592337388098
0.54,0.265625,2,-0.0006562480660387701
0.54,0.28125,2,-0.0007469423656501025
0.54,0.296875,2,-0.0008304432019599929
0.54,0.3125,2,-0.0009059464162685778
0.54,0.328125,2,-0.0009727248713478074
0.54,0.34375,2,-0.0010301354541704536
0.54,0.359375,2,-0.0010776252694401172
0.54,0.375,2,-0.0011147369642751776
0.54,0.390625,2,-0.0011411131327670574
0.54,0.40625,2,-0.0011564997579944986
0.54,0.421875,2,-0.0011607486583453766
0.54,0.4375,2,-0.0011538189145866272
0.54,0.453125,2,-0.0011357772639388304
0.54,0.46875,2,-0.0011067974573602938
0.54,0.484375,2,-0.0010671585862303422
0.54,0.5,2,-0.001017242394546769
0.54,0.515625,2,-0.0009575296025224524
0.54,0.53125,2,-0.0008885952769869196
0.54,0.546875,2,-0.0008111032931784128
0.54,0.5625,2,-0.000725799941262434
0.54,0.578125,2,-0.0006335067391494926
0.54,0.59375,2,-0.000535112520828531
0.54,0.609375,2,-0.0004315648764097313
0.54,0.625,2,-0.0003238610263137467
0.54,0.640625,2,-0.00021303821749391307
0.54,0.65625,2,-0.00010016373418107911
0.54,0.671875,2,1.3675380646985456e-05
0.54,0.6875,2,0.00012738279408369606
0.54,0.703125,2,0.00023986344157886214
0.54,0.71875,2,0.00035003407300892875
0.54,0.734375,2,0.0004568336849678329
0.54,0.75,2,0.0005592337388097999
0.54,0.765625,2,0.0006562480660387701
0.54,0.78125,2,0.0007469423656501025
0.54,0.796875,2,0.0008304432019599927
0.54,0.8125,2,0.0009059464162685777
0.54,0.828125,2,0.0009727248713478074
0.54,0.84375,2,0.0010301354541704536
0.54,0.859375,2,0.0010776252694401172
0.54,0.875,2,0.0011147369642751776
0.54,0.890625,2,0.0011411131327670574
0.54,0.90625,2,0.0011564997579944986
0.54,0.921875,2,0.0011607486583453766
0.54,0.9375,2,0.0011538189145866272
0.54,0.953125,2,0.0011357772639388304
0.54,0.96875,2,0.001106797457360294
0.54,0.984375,2,0.0010671585862303422
0.54,1.0,2,0.001017242394546769
0.55,0.0,2,0.018748505472924462
0.55,0.015625,2,0.017323077332964856
0.55,0.03125,2,0.015730818488531455
0.55,0.046875,2,0.013987063262713364
0.55,0.0625,2,0.012108604971568812
0.55,0.078125,2,0.010113534195311243
0.55,0.09375,2,0.00802106455613268
0.55,0.109375,2,0.005851347680518651
0.55,0.125,2,0.003625279128069194
0.55,0.140625,2,0.0013642971558372916
0.55,0.15625,2,-0.0009098237438060129
0.55,0.171875,2,-0.0031751825434362356
0.55,0.1875,2,-0.005409962599441829
0.55,0.203125,2,-0.007592641758228393
0.55,0.21875,2,-0.009702199626323035
0.55,0.234375,2,-0.011718320008254367
0.55,0.25,2,-0.013621586562620885
0.55,0.265625,2,-0.015393669792072733
0.55,0.28125,2,-0.017017503566390996
0.55,0.296875,2,-0.018477449478651188
0.55,0.3125,2,-0.019759447451630625
0.55,0.328125,2,-0.02085115114403813
0.55,0.34375,2,-0.021742046852529884
0.55,0.359375,2,-0.022423554764419984
0.55,0.375,2,-0.022889111585966782
0.55,0.390625,2,-0.023134233750479554
0.55,0.40625,2,-0.02315656059751663
0.55,0.421875,2,-0.022955877107335952
0.55,0.4375,2,-0.022534115971652703
0.55,0.453125,2,-0.02189533898076162
0.55,0.46875,2,-0.021045697906276
0.55,0.484375,2,-0.019993375256204197
0.55,0.5,2,-0.01874850547292448
0.55,0.515625,2,-0.017323077332964842
0.55,0.53125,2,-0.01573081848853144
0.55,0.546875,2,-0.013987063262713366
0.55,0.5625,2,-0.012108604971568813
0.55,0.578125,2,-0.010113534195311266
0.55,0.59375,2,-0.008021064556132702
0.55,0.609375,2,-0.005851347680518634
0.55,0.625,2,-0.0036252791280691967
0.55,0.640625,2,-0.0013642971558372945
0.55,0.65625,2,0.00090982374380601
0.55,0.671875,2,0.003175182543436212
0.55,0.6875,2,0.005409962599441826
0.55,0.703125,2,0.0075926417582283905
0.55,0.71875,2,0.009702199626323033
0.55,0.734375,2,0.011718320008254367
0.55,0.75,2,0.013621586562620884
0.55,0.765625,2,0.015393669792072729
0.55,0.78125,2,0.017017503566390996
0.55,0.796875,2,0.018477449478651188
0.55,0.8125,2,0.01975944745163062
0.55,0.828125,2,0.02085115114403813
0.55,0.84375,2,0.021742046852529884
0.55,0.859375,2,0.022423554764419984
0.55,0.875,2,0.022889111585966782
0.55,0.890625,2,0.023134233750479554
0.55,0.90625,2,0.02315656059751663
0.55,0.921875,2,0.022955877107335952
0.55,0.9375,2,0.022534115971652707
0.55,0.953125,2,0.02189533898076162
0.55,0.96875,2,0.021045697906276004
0.55,0.984375,2,0.0199933752562042
0.55,1.0,2,0.01874850547292448
0.56,0.0,2,0.06071924168922643
0.56,0.015625,2,0.05483800661828823
0.56,0.03125,2,0.04842865156611215
0.56,0.046875,2,0.04155290212556048
0.56,0.0625,2,0.03427697552241283
0.56,0.078125,2,0.0266709429072835
0.56,0.09375,2,0.0188080545321365
0.56,0.109375,2,0.010764034310316644
0.56,0.125,2,0.002616350553868665
0.56,0.140625,2,-0.005556530088655694
0.56,0.15625,2,-0.013675898308918048
0.56,0.171875,2,-0.021663560152458967
0.56,0.1875,2,-0.029442590069225102
0.56,0.203125,2,-0.03693807174866767
0.56,0.21875,2,-0.04407781960476658
0.56,0.234375,2,-0.0507930739626845
0.56,0.25,2,-0.057019163252023004
0.56,0.265625,2,-0.06269612682939929
0.56,0.28125,2,-0.06776929243221923
0.56,0.296875,2,-0.07218980270245327
0.56,0.3125,2,-0.0759150857097024
0.56,0.328125,2,-0.07890926494215982
0.56,0.34375,2,-0.08114350481703218
0.56,0.359375,2,-0.0825962883829647
0.56,0.375,2,-0.0832536245400452
0.56,0.390625,2,-0.08310918278174445
0.56,0.40625,2,-0.0821643541611548
0.56,0.421875,2,-0.08042823789438842
0.56,0.4375,2,-0.07791755373015193
0.56,0.453125,2,-0.0746564809294265
0.56,0.46875,2,-0.07067642540596689
0.56,0.484375,2,-0.06601571727018352
0.56,0.5,2,-0.06071924168922644
0.56,0.515625,2,-0.054838006618288235
0.56,0.53125,2,-0.04842865156611216
0.56,0.546875,2,-0.04155290212556056
0.56,0.5625,2,-0.03427697552241277
0.56,0.578125,2,-0.026670942907283435
0.56,0.59375,2,-0.01880805453213651
0.56,0.609375,2,-0.010764034310316655
0.56,0.625,2,-0.002616350553868749
0.56,0.640625,2,0.00555653008865561
0.56,0.65625,2,0.013675898308918038
0.56,0.671875,2,0.02166356015245896
0.56,0.6875,2,0.029442590069225092
0.56,0.703125,2,0.036938071748667665
0.56,0.71875,2,0.04407781960476657
0.56,0.734375,2,0.050793073962684496
0.56,0.75,2,0.057019163252023004
0.56,0.765625,2,0.06269612682939928
0.56,0.78125,2,0.06776929243221923
0.56,0.796875,2,0.07218980270245327
0.56,0.8125,2,0.07591508570970239
0.56,0.828125,2,0.0789092649421598
0.56,0.84375,2,0.08114350481703218
0.56,0.859375,2,0.0825962883829647
0.56,0.875,2,0.0832536245400452
0.56,0.890625,2,0.08310918278174445
0.56,0.90625,2,0.0821643541611548
0.56,0.921875,2,0.08042823789438842
0.56,0.9375,2,0.07791755373015193
0.56,0.953125,2,0.07465648092942652
0.56,0.96875,2,0.07067642540596689
0.56,0.984375,2,0.06601571727018353
0.56,1.0,2,0.060719241689226454
0.5700000000000001,0.0,2,0.10773314182678866
0.5700000000000001,0.015625,2,0.09444989939164097
0.5700000000000001,0.03125,2,0.0802570527937849
0.5700000000000001,0.046875,2,0.0652912869045567
0.5700000000000001,0.0625,2,0.04969673023058972
0.5700000000000001,0.078125,2,0.03362356687750597
0.5700000000000001,0.09375,2,0.01722659019488037
0.5700000000000001,0.109375,2,0.0006637120316661027
0.5700000000000001,0.125,2,-0.01590555804123501
0.5700000000000001,0.140625,2,-0.0323216488953367
0.5700000000000001,0.15625,2,-0.04842646460176558
0.5700000000000001,0.171875,2,-0.0640649069814811
0.5700000000000001,0.1875,2,-0.0790863692855244
0.5700000000000001,0.203125,2,-0.0933461866203412
0.5700000000000001,0.21875,2,-0.10670702914978764
0.5700000000000001,0.234375,2,-0.1190402246565259
0.5700000000000001,0.25,2,-0.13022699772581564
0.5700000000000001,0.265625,2,-0.14015961361768742
0.5700000000000001,0.28125,2,-0.14874241581138248
0.5700000000000001,0.296875,2,-0.15589274722993826
0.5700000000000001,0.3125,2,-0.16154174627302548
0.5700000000000001,0.328125,2,-0.16563500999180228
0.5700000000000001,0.34375,2,-0.1681331180190512
0.5700000000000001,0.359375,2,-0.16901201220886514
0.5700000000000001,0.375,2,-0.16826322832974366
0.5700000000000001,0.390625,2,-0.16589397757976973
0.5700000000000001,0.40625,2,-0.1619270771388297
0.5700000000000001,0.421875,2,-0.15640073042669822
0.5700000000000001,0.4375,2,-0.14936815918322158
0.5700000000000001,0.453125,2,-0.14089709091386873
0.5700000000000001,0.46875,2,-0.13106910663683083
0.5700000000000001,0.484375,2,-0.11997885521321831
0.5700000000000001,0.5,2,-0.10773314182678868
0.5700000000000001,0.515625,2,-0.09444989939164113
0.5700000000000001,0.53125,2,-0.08025705279378478
0.5700000000000001,0.546875,2,-0.06529128690455671
0.5700000000000001,0.5625,2,-0.04969673023058974
0.5700000000000001,0.578125,2,-0.033623566877506
0.5700000000000001,0.59375,2,-0.017226590194880535
0.5700000000000001,0.609375,2,-0.0006637120316659732
0.5700000000000001,0.625,2,0.015905558041235137
0.5700000000000001,0.640625,2,0.03232164889533668
0.5700000000000001,0.65625,2,0.04842646460176556
0.5700000000000001,0.671875,2,0.06406490698148108
0.5700000000000001,0.6875,2,0.07908636928552437
0.5700000000000001,0.703125,2,0.09334618662034118
0.5700000000000001,0.71875,2,0.10670702914978762
0.5700000000000001,0.734375,2,0.11904022465652588
0.5700000000000001,0.75,2,0.13022699772581564
0.5700000000000001,0.765625,2,0.14015961361768742
0.5700000000000001,0.78125,2,0.14874241581138245
0.5700000000000001,0.796875,2,0.15589274722993823
0.5700000000000001,0.8125,2,0.16154174627302548
0.5700000000000001,0.828125,2,0.16563500999180228
0.5700000000000001,0.84375,2,0.1681331180190512
0.5700000000000001,0.859375,2,0.16901201220886514
0.5700000000000001,0.875,2,0.1682632283297437
0.5700000000000001,0.890625,2,0.16589397757976973
0.5700000000000001,0.90625,2,0.1619270771388297
0.5700000000000001,0.921875,2,0.15640073042669825
0.5700000000000001,0.9375,2,0.14936815918322158
0.5700000000000001,0.953125,2,0.14089709091386873
0.5700000000000001,0.96875,2,0.13106910663683086
0.5700000000000001,0.984375,2,0.11997885521321833
0.5700000000000001,1.0,2,0.1077331418267887
0.58,0.0,2,0.14167650049640235
0.58,0.015625,2,0.11911231154321329
0.58,0.03125,2,0.09540100591645004
0.58,0.046875,2,0.07077093645121686
0.58,0.0625,2,0.0454593041806293
0.58,0.078125,2,0.019709873960198562
0.58,0.09375,2,-0.006229373120981753
0.58,0.109375,2,-0.032108627933685276
0.58,0.125,2,-0.057678659107025944
0.58,0.140625,2,-0.08269321326280404
0.58,0.15625,2,-0.10691138657015226
0.58,0.171875,2,-0.13009994478112108
0.58,0.1875,2,-0.15203556940398352
0.58,0.203125,2,-0.17250700838238925
0.58,0.21875,2,-0.19131711056814965
0.58,0.234375,2,-0.20828472439456738
0.58,0.25,2,-0.22324644246505318
0.58,0.265625,2,-0.23605817525568115
0.58,0.28125,2,-0.24659653877607204
0.58,0.296875,2,-0.25476004282466896
0.58,0.3125,2,-0.2604700683948588
0.58,0.328125,2,-0.2636716248189829
0.58,0.34375,2,-0.26433387935852826
0.58,0.359375,2,-0.262450454140254
0.58,0.375,2,-0.25803948757859696
0.58,0.390625,2,-0.25114345969282537
0.58,0.40625,2,-0.24182878300123178
0.58,0.421875,2,-0.2301851629322764
0.58,0.4375,2,-0.21632473391227341
0.58,0.453125,2,-0.2003809794495667
0.58,0.46875,2,-0.18250744661537452
0.58,0.484375,2,-0.16287626730155777
0.58,0.5,2,-0.14167650049640235
0.58,0.515625,2,-0.11911231154321332
0.58,0.53125,2,-0.09540100591645029
0.58,0.546875,2,-0.07077093645121711
0.58,0.5625,2,-0.0454593041806291
0.58,0.578125,2,-0.019709873960198594
0.58,0.59375,2,0.006229373120981721
0.58,0.609375,2,0.03210862793368525
0.58,0.625,2,0.05767865910702591
0.58,0.640625,2,0.08269321326280402
0.58,0.65625,2,0.10691138657015223
0.58,0.671875,2,0.13009994478112102
0.58,0.6875,2,0.1520355694039835
0.58,0.703125,2,0.17250700838238922
0.58,0.71875,2,0.19131711056814962
0.58,0.734375,2,0.20828472439456738
0.58,0.75,2,0.22324644246505315
0.58,0.765625,2,0.23605817525568115
0.58,0.78125,2,0.24659653877607202
0.58,0.796875,2,0.25476004282466896
0.58,0.8125,2,0.2604700683948588
0.58,0.828125,2,0.2636716248189829
0.58,0.84375,2,0.26433387935852826
0.58,0.859375,2,0.2624504541402539
0.58,0.875,2,0.25803948757859685
0.58,0.890625,2,0.25114345969282537
0.58,0.90625,2,0.24182878300123162
0.58,0.921875,2,0.2301851629322762
0.58,0.9375,2,0.21632473391227316
0.58,0.953125,2,0.20038097944956643
0.58,0.96875,2,0.18250744661537455
0.58,0.984375,2,0.1628762673015574
0.58,1.0,2,0.14167650049640199
0.59,0.0,2,0.15307746403031425
0.59,0.015625,2,0.1204547736918948
0.59,0.03125,2,0.0866720380355448
0.59,0.046875,2,0.05205460327315729
0.59,0.0625,2,0.01693585422530858
0.59,0.078125,2,-0.01834599635680983
0.59,0.09375,2,-0.0534511649650704
0.59,0.109375,2,-0.08804156963533805
0.59,0.125,2,-0.12178408586159976
0.59,0.140625,2,-0.15435375476706098
0.59,0.15625,2,-0.18543691263577008
0.59,0.171875,2,-0.21473421166566878
0.59,0.1875,2,-0.24196350285156693
0.59,0.203125,2,-0.26686255323429864
0.59,0.21875,2,-0.2891915713474733
0.59,0.234375,2,-0.308735516540378
0.59,0.25,2,-0.32530616993699796
0.59,0.265625,2,-0.3387439470866833
0.59,0.28125,2,-0.34891943484964594
0.59,0.296875,2,-0.3557346377162413
0.59,0.3125,2,-0.3591239215572952
0.59,0.328125,2,-0.3590546457166474
0.59,0.34375,2,-0.35552747735851314
0.59,0.359375,2,-0.34857638504232785
0.59,0.375,2,-0.3382683115869498
0.59,0.390625,2,-0.32470252937472055
0.59,0.40625,2,-0.3080096843041547
0.59,0.421875,2,-0.2883505375985192
0.59,0.4375,2,-0.26591441758737155
0.59,0.453125,2,-0.24091739637125084
0.59,0.46875,2,-0.21360020892922957
0.59,0.484375,2,-0.18422593470946816
0.59,0.5,2,-0.15307746403031458
0.59,0.515625,2,-0.12045477369189456
0.59,0.53125,2,-0.08667203803554484
0.59,0.546875,2,-0.052054603273157335
0.59,0.5625,2,-0.016935854225308623
0.59,0.578125,2,0.018345996356809467
0.59,0.59375,2,0.05345116496507036
0.59,0.609375,2,0.08804156963533799
0.59,0.625,2,0.12178408586159972
0.59,0.640625,2,0.15435375476706095
0.59,0.65625,2,0.18543691263577003
0.59,0.671875,2,0.21473421166566872
0.59,0.6875,2,0.2419635028515669
0.59,0.703125,2,0.2668625532342986
0.59,0.71875,2,0.28919157134747325
0.59,0.734375,2,0.308735516540378
0.59,0.75,2,0.32530616993699796
0.59,0.765625,2,0.3387439470866833
0.59,0.78125,2,0.34891943484964594
0.59,0.796875,2,0.3557346377162413
0.59,0.8125,2,0.3591239215572952
0.59,0.828125,2,0.3590546457166474
0.59,0.84375,2,0.35552747735851326
0.59,0.859375,2,0.34857638504232796
0.59,0.875,2,0.33826831158695003
0.59,0.890625,2,0.3247025293747208
0.59,0.90625,2,0.30800968430415504
0.59,0.921875,2,0.2883505375985192
0.59,0.9375,2,0.265914417587372
0.59,0.953125,2,0.2409173963712513
0.59,0.96875,2,0.21360020892923012
0.59,0.984375,2,0.18422593470946877
0.59,1.0,2,0.1530774640303146
0.6,0.0,2,0.13885028597711252
0.6,0.015625,2,0.09629530974755858
0.6,0.03125,2,0.052812957044764755
0.6,0.046875,2,0.008821986695130402
0.6,0.0625,2,-0.035253944208966145
0.6,0.078125,2,-0.07899036035856451
0.6,0.09375,2,-0.12196605615738618
0.6,0.109375,2,-0.16376715216198384
0.6,0.125,2,-0.20399108096702975
0.6,0.140625,2,-0.24225046414949586
0.6,0.15625,2,-0.2781768429346273
0.6,0.171875,2,-0.3114242266553675
0.6,0.1875,2,-0.34167242483161725
0.6,0.203125,2,-0.3686301307795919
0.6,0.21875,2,-0.3920377270544315
0.6,0.234375,2,-0.41166978570811597
0.6,0.25,2,-0.42733723928383466
0.6,0.265625,2,-0.4388892016389524
0.6,0.28125,2,-0.4462144210610445
0.6,0.296875,2,-0.4492423516827039
0.6,0.3125,2,-0.4479438328768087
0.6,0.328125,2,-0.4423313700893024
0.6,0.34375,2,-0.43245901440491286
0.6,0.359375,2,-0.4184218420056593
0.6,0.375,2,-0.4003550385352456
0.6,0.390625,2,-0.3784325971874108
0.6,0.40625,2,-0.35286564305636076
0.6,0.421875,2,-0.323900399886696
0.6,0.4375,2,-0.2918158188041529
0.6,0.453125,2,-0.2569208918637725
0.6,0.46875,2,-0.21955167628749808
0.6,0.484375,2,-0.1800680580494196
0.6,0.5,2,-0.13885028597711255
0.6,0.515625,2,-0.09629530974755865
0.6,0.53125,2,-0.05281295704476481
0.6,0.546875,2,-0.008821986695130858
0.6,0.5625,2,0.03525394420896649
0.6,0.578125,2,0.07899036035856445
0.6,0.59375,2,0.12196605615738611
0.6,0.609375,2,0.1637671521619838
0.6,0.625,2,0.20399108096702973
0.6,0.640625,2,0.2422504641494958
0.6,0.65625,2,0.27817684293462724
0.6,0.671875,2,0.31142422665536745
0.6,0.6875,2,0.3416724248316172
0.6,0.703125,2,0.3686301307795919
0.6,0.71875,2,0.39203772705443146
0.6,0.734375,2,0.41166978570811597
0.6,0.75,2,0.42733723928383466
0.6,0.765625,2,0.4388892016389524
0.6,0.78125,2,0.4462144210610445
0.6,0.796875,2,0.4492423516827039
0.6,0.8125,2,0.4479438328768087
0.6,0.828125,2,0.4423313700893023
0.6,0.84375,2,0.4324590144049127
0.6,0.859375,2,0.4184218420056591
0.6,0.875,2,0.4003550385352453
0.6,0.890625,2,0.37843259718741085
0.6,0.90625,2,0.3528656430563603
0.6,0.921875,2,0.32390039988669544
0.6,0.9375,2,0.2918158188041523
0.6,0.953125,2,0.25692089186377187
0.6,0.96875,2,0.21955167628749742
0.6,0.984375,2,0.18006805804941967
0.6,1.0,2,0.13885028597711183
0.61,0.0,2,0.09962339895493343
0.61,0.015625,2,0.04795480728531076
0.61,0.03125,2,-0.0041756153932336875
0.61,0.046875,2,-0.0562658246129182
0.61,0.0625,2,-0.10781416318355139
0.61,0.078125,2,-0.15832419242551024
0.61,0.09375,2,-0.20730947314560405
0.61,0.109375,2,-0.2542982503124208
0.61,0.125,2,-0.29883799631516395
0.61,0.140625,2,-0.34049976905192597
0.61,0.15625,2,-0.3788823428766104
0.61,0.171875,2,-0.4136160726212362
0.61,0.1875,2,-0.4443664534809751
0.61,0.203125,2,-0.47083734247827863
0.61,0.21875,2,-0.49277381048164354
0.61,0.234375,2,-0.5099645973125041
0.61,0.25,2,-0.5222441462962392
0.61,0.265625,2,-0.5294941986634512
0.61,0.28125,2,-0.5316449324465619
0.61,0.296875,2,-0.5286756349035294
0.61,0.3125,2,-0.5206149019928763
0.61,0.328125,2,-0.5075403629789769
0.61,0.34375,2,-0.4895779328198052
0.61,0.359375,2,-0.4669005995370567
0.61,0.375,2,-0.43972675824693647
0.61,0.390625,2,-0.40831810789580064
0.61,0.40625,2,-0.37297713095624546
0.61,0.421875,2,-0.33404418035554206
0.61,0.4375,2,-0.2918942016908901
0.61,0.453125,2,-0.24693312229835382
0.61,0.46875,2,-0.1995939419507088
0.61,0.484375,2,-0.15033256283293106
0.61,0.5,2,-0.09962339895493395
0.61,0.515625,2,-0.047954807285311304
0.61,0.53125,2,0.004175615393234094
0.61,0.546875,2,0.05626582461291814
0.61,0.5625,2,0.10781416318355133
0.61,0.578125,2,0.15832419242551019
0.61,0.59375,2,0.207309473145604
0.61,0.609375,2,0.25429825031242076
0.61,0.625,2,0.2988379963151639
0.61,0.640625,2,0.34049976905192597
0.61,0.65625,2,0.3788823428766103
0.61,0.671875,2,0.4136160726212361
0.61,0.6875,2,0.4443664534809751
0.61,0.703125,2,0.47083734247827863
0.61,0.71875,2,0.4927738104816435
0.61,0.734375,2,0.5099645973125041
0.61,0.75,2,0.5222441462962392
0.61,0.765625,2,0.5294941986634512
0.61,0.78125,2,0.531644932446562
0.61,0.796875,2,0.5286756349035295
0.61,0.8125,2,0.5206149019928765
0.61,0.828125,2,0.5075403629789772
0.61,0.84375,2,0.4895779328198053
0.61,0.859375,2,0.4669005995370572
0.61,0.875,2,0.439726758246937
0.61,0.890625,2,0.40831810789580125
0.61,0.90625,2,0.3729771309562462
0.61,0.921875,2,0.3340441803555421
0.61,0.9375,2,0.2918942016908909
0.61,0.953125,2,0.24693312229835473
0.61,0.96875,2,0.1995939419507097
0.61,0.984375,2,0.15033256283293203
0.61,1.0,2,0.09962339895493401
0.62,0.0,2,0.03804205142794708
0.62,0.015625,2,-0.021408282590689665
0.62,0.03125,2,-0.08065244314502039
0.62,0.046875,2,-0.13911987658275435
0.62,0.0625,2,-0.19624750955833697
0.62,0.078125,2,-0.2514851717370704
0.62,0.09375,2,-0.3043008942361969
0.62,0.109375,2,-0.35418603277603905
0.62,0.125,2,-0.40066016620246747
0.62,0.140625,2,-0.44327572320524006
0.62,0.15625,2,-0.4816222926743878
0.62,0.171875,2,-0.515330576183554
0.62,0.1875,2,-0.544075944535724
0.62,0.203125,2,-0.56758156411985
0.62,0.21875,2,-0.5856210629698576
0.62,0.234375,2,-0.5980207108504286
0.62,0.25,2,-0.6046610923741355
0.62,0.265625,2,-0.6054782570369035
0.62,0.28125,2,-0.6004643350963225
0.62,0.296875,2,-0.5896676133615688
0.62,0.3125,2,-0.5731920701650363
0.62,0.328125,2,-0.5511963739941561
0.62,0.34375,2,-0.5238923554271243
0.62,0.359375,2,-0.49154296708863615
0.62,0.375,2,-0.45445975127236576
0.62,0.390625,2,-0.4129998396183717
0.62,0.40625,2,-0.36756251374017423
0.62,0.421875,2,-0.31858535992455095
0.62,0.4375,2,-0.26654005493638117
0.62,0.453125,2,-0.2119278235135587
0.62,0.46875,2,-0.15527461129876788
0.62,0.484375,2,-0.0971260196954321
0.62,0.5,2,-0.03804205142794715
0.62,0.515625,2,0.02140828259068959
0.62,0.53125,2,0.0806524431450203
0.62,0.546875,2,0.13911987658275426
0.62,0.5625,2,0.19624750955833686
0.62,0.578125,2,0.25148517173707036
0.62,0.59375,2,0.30430089423619683
0.62,0.609375,2,0.354186032776039
0.62,0.625,2,0.4006601662024674
0.62,0.640625,2,0.44327572320524
0.62,0.65625,2,0.4816222926743877
0.62,0.671875,2,0.5153305761835539
0.62,0.6875,2,0.544075944535724
0.62,0.703125,2,0.5675815641198498
0.62,0.71875,2,0.5856210629698576
0.62,0.734375,2,0.5980207108504285
0.62,0.75,2,0.6046610923741355
0.62,0.765625,2,0.6054782570369035
0.62,0.78125,2,0.6004643350963224
0.62,0.796875,2,0.5896676133615686
0.62,0.8125,2,0.5731920701650363
0.62,0.828125,2,0.5511963739941561
0.62,0.84375,2,0.5238923554271238
0.62,0.859375,2,0.49154296708863554
0.62,0.875,2,0.4544597512723651
0.62,0.890625,2,0.412999839618371
0.62,0.90625,2,0.36756251374017435
0.62,0.921875,2,0.31858535992455006
0.62,0.9375,2,0.2665400549363802
0.62,0.953125,2,0.21192782351355777
0.62,0.96875,2,0.1552746112987669
0.62,0.984375,2,0.09712601969543216
0.62,1.0,2,0.03804205142794615
0.63,0.0,2,-0.04219444474314311
0.63,0.015625,2,-0.10772758874274821
0.63,0.03125,2,-0.17222325717287146
0.63,0.046875,2,-0.23506032148960973
0.63,0.0625,2,-0.29563362641336055
0.63,0.078125,2,-0.35335981790497145
0.63,0.09375,2,-0.407682961184032
0.63,0.109375,2,-0.458079894684715
0.63,0.125,2,-0.5040652683876407
0.63,0.140625,2,-0.5451962180058885
0.63,0.15625,2,-0.5810766300101707
0.63,0.171875,2,-0.6113609564186575
0.63,0.1875,2,-0.6357575426129384
0.63,0.203125,2,-0.6540314361314322
0.63,0.21875,2,-0.6660066493900286
0.63,0.234375,2,-0.6715678545387306
0.63,0.25,2,-0.6706614941318919
0.63,0.265625,2,-0.6632962969156976
0.63,0.28125,2,-0.6495431937655654
0.63,0.296875,2,-0.6295346345830427
0.63,0.3125,2,-0.6034633127308482
0.63,0.328125,2,-0.5715803092904524
0.63,0.34375,2,-0.5341926750140092
0.63,0.359375,2,-0.4916604732577598
0.63,0.375,2,-0.4443933123750848
0.63,0.390625,2,-0.3928464009641421
0.63,0.40625,2,-0.3375161639602273
0.63,0.421875,2,-0.27893546179227235
0.63,0.4375,2,-0.21766845864562387
0.63,0.453125,2,-0.15430518925253367
0.63,0.46875,2,-0.08945587653514592
0.63,0.484375,2,-0.023745054825168296
0.63,0.5,2,0.04219444474314303
0.63,0.515625,2,0.10772758874274811
0.63,0.53125,2,0.17222325717287137
0.63,0.546875,2,0.23506032148960965
0.63,0.5625,2,0.29563362641336044
0.63,0.578125,2,0.3533598179049714
0.63,0.59375,2,0.4076829611840319
0.63,0.609375,2,0.45807989468471494
0.63,0.625,2,0.5040652683876407
0.63,0.640625,2,0.5451962180058885
0.63,0.65625,2,0.5810766300101706
0.63,0.671875,2,0.6113609564186575
0.63,0.6875,2,0.6357575426129384
0.63,0.703125,2,0.6540314361314321
0.63,0.71875,2,0.6660066493900286
0.63,0.734375,2,0.6715678545387306
0.63,0.75,2,0.670661494131892
0.63,0.765625,2,0.6632962969156976
0.63,0.78125,2,0.6495431937655657
0.63,0.796875,2,0.6295346345830432
0.63,0.8125,2,0.6034633127308487
0.63,0.828125,2,0.5715803092904531
0.63,0.84375,2,0.5341926750140092
0.63,0.859375,2,0.49166047325776063
0.63,0.875,2,0.44439331237508567
0.63,0.890625,2,0.39284640096414314
0.63,0.90625,2,0.33751616396022843
0.63,0.921875,2,0.27893546179227247
0.63,0.9375,2,0.21766845864562395
0.63,0.953125,2,0.15430518925253492
0.63,0.96875,2,0.08945587653514718
0.63,0.984375,2,0.023745054825169573
0.63,1.0,2,-0.042194444743141754
0.64,0.0,2,-0.1368744238195933
0.64,0.015625,2,-0.2065446786089724
0.64,0.03125,2,-0.27422579523454066
0.64,0.046875,2,-0.33926596754493193
0.64,0.0625,2,-0.40103882312622235
0.64,0.078125,2,-0.4589494556106874
0.64,0.09375,2,-0.5124401539503275
0.64,0.109375,2,-0.560995773479143
0.64,0.125,2,-0.6041486970378698
0.64,0.140625,2,-0.6414833383828497
0.64,0.15625,2,-0.67264014450874
0.64,0.171875,2,-0.6973190583405046
0.64,0.1875,2,-0.7152824084470777
0.64,0.203125,2,-0.7263571979471668
0.64,0.21875,2,-0.7304367705637903
0.64,0.234375,2,-0.727481837782529
0.64,0.25,2,-0.7175208572213968
0.64,0.265625,2,-0.7006497585684234
0.64,0.28125,2,-0.6770310197263176
0.64,0.296875,2,-0.646892102061445
0.64,0.3125,2,-0.6105232598265264
0.64,0.328125,2,-0.5682747448535148
0.64,0.34375,2,-0.5205534334369896
0.64,0.359375,2,-0.4678189078930135
0.64,0.375,2,-0.41057903053019884
0.64,0.390625,2,-0.3493850526580497
0.64,0.40625,2,-0.28482630573550455
0.64,0.421875,2,-0.21752452578683085
0.64,0.4375,2,-0.1481278657438284
0.64,0.453125,2,-0.07730465337878471
0.64,0.46875,2,-0.005736954942681162
0.64,0.484375,2,0.06588599350566028
0.64,0.5,2,0.13687442381959322
0.64,0.515625,2,0.20654467860897233
0.64,0.53125,2,0.27422579523454055
0.64,0.546875,2,0.3392659675449319
0.64,0.5625,2,0.40103882312622235
0.64,0.578125,2,0.45894945561068734
0.64,0.59375,2,0.5124401539503275
0.64,0.609375,2,0.560995773479143
0.64,0.625,2,0.6041486970378698
0.64,0.640625,2,0.6414833383828497
0.64,0.65625,2,0.67264014450874
0.64,0.671875,2,0.6973190583405046
0.64,0.6875,2,0.7152824084470777
0.64,0.703125,2,0.7263571979471668
0.64,0.71875,2,0.7304367705637903
0.64,0.734375,2,0.7274818377825291
0.64,0.75,2,0.7175208572213968
0.64,0.765625,2,0.700649758568423
0.64,0.78125,2,0.6770310197263172
0.64,0.796875,2,0.6468921020614443
0.64,0.8125,2,0.6105232598265258
0.64,0.828125,2,0.5682747448535149
0.64,0.84375,2,0.5205534334369887
0.64,0.859375,2,0.4678189078930125
0.64,0.875,2,0.41057903053019784
0.64,0.890625,2,0.34938505265804864
0.64,0.90625,2,0.28482630573550466
0.64,0.921875,2,0.21752452578682965
0.64,0.9375,2,0.14812786574382725
0.64,0.953125,2,0.07730465337878352
0.64,0.96875,2,0.005736954942679955
0.64,0.984375,2,-0.0658859935056602
0.64,1.0,2,-0.1368744238195931
0.65,0.0,2,-0.2415900852168235
0.65,0.015625,2,-0.3133062145522554
0.65,0.03125,2,-0.3820050337709515
0.65,0.046875,2,-0.44702493568923896
0.65,0.0625,2,-0.5077397431081517
0.65,0.078125,2,-0.5635647392421559
0.65,0.09375,2,-0.6139622988614342
0.65,0.109375,2,-0.6584470659167441
0.65,0.125,2,-0.6965906277834963
0.65,0.140625,2,-0.7280256411095211
0.65,0.15625,2,-0.7524493695323629
0.65,0.171875,2,-0.7696265991959418
0.65,0.1875,2,-0.7793919039885688
0.65,0.203125,2,-0.781651238686832
0.65,0.21875,2,-0.7763828446625093
0.65,0.234375,2,-0.7636374594300521
0.65,0.25,2,-0.7435378280165851
0.65,0.265625,2,-0.7162775208601965
0.65,0.28125,2,-0.682119069620801
0.65,0.296875,2,-0.6413914388567443
0.65,0.3125,2,-0.5944868579162715
0.65,0.328125,2,-0.5418570435544912
0.65,0.34375,2,-0.48400884965409063
0.65,0.359375,2,-0.42149938594537
0.65,0.375,2,-0.3549306527349919
0.65,0.390625,2,-0.28494374331394595
0.65,0.40625,2,-0.2122126698786919
0.65,0.421875,2,-0.13743787242526043
0.65,0.4375,2,-0.06133947312919019
0.65,0.453125,2,0.015349658824682389
0.65,0.46875,2,0.09189096517309485
0.65,0.484375,2,0.1675473112941791
0.65,0.5,2,0.24159008521682343
0.65,0.515625,2,0.31330621455225527
0.65,0.53125,2,0.38200503377095146
0.65,0.546875,2,0.44702493568923884
0.65,0.5625,2,0.5077397431081516
0.65,0.578125,2,0.5635647392421559
0.65,0.59375,2,0.613962298861434
0.65,0.609375,2,0.658447065916744
0.65,0.625,2,0.6965906277834963
0.65,0.640625,2,0.728025641109521
0.65,0.65625,2,0.7524493695323627
0.65,0.671875,2,0.7696265991959418
0.65,0.6875,2,0.7793919039885687
0.65,0.703125,2,0.7816512386868321
0.65,0.71875,2,0.7763828446625095
0.65,0.734375,2,0.7636374594300523
0.65,0.75,2,0.7435378280165856
0.65,0.765625,2,0.7162775208601965
0.65,0.78125,2,0.6821190696208018
0.65,0.796875,2,0.6413914388567452
0.65,0.8125,2,0.5944868579162724
0.65,0.828125,2,0.5418570435544923
0.65,0.84375,2,0.48400884965409174
0.65,0.859375,2,0.42149938594537006
0.65,0.875,2,0.35493065273499325
0.65,0.890625,2,0.28494374331394734
0.65,0.90625,2,0.21221266987869333
0.65,0.921875,2,0.13743787242526187
0.65,0.9375,2,0.06133947312919028
0.65,0.953125,2,-0.015349658824680902
0.65,0.96875,2,-0.09189096517309336
0.65,0.984375,2,-0.1675473112941777
0.65,1.0,2,-0.24159008521682201
0.66,0.0,2,-0.3519344464638229
0.66,0.015625,2,-0.4235466844643927
0.66,0.03125,2,-0.491079936359401
0.66,0.046875,2,-0.5538838200156679
0.66,0.0625,2,-0.6113534997014887
0.66,0.078125,2,-0.6629355109853668
0.66,0.09375,2,-0.7081330909010414
0.66,0.109375,2,-0.7465109620464149
0.66,0.125,2,-0.7776995245428789
0.66,0.140625,2,-0.8013984154841901
0.66,0.15625,2,-0.8173794015954519
0.66,0.171875,2,-0.8254885772443173
0.66,0.1875,2,-0.8256478466363611
0.66,0.203125,2,-0.8178556759202728
0.66,0.21875,2,-0.8021871079596818
0.66,0.234375,2,-0.7787930396293595
0.66,0.25,2,-0.7478987685958246
0.66,0.265625,2,-0.7098018235776578
0.66,0.28125,2,-0.6648690989812919
0.66,0.296875,2,-0.6135333215073159
0.66,0.3125,2,-0.5562888827557947
0.66,0.328125,2,-0.4936870779648975
0.66,0.34375,2,-0.4263307967363907
0.66,0.359375,2,-0.3548687168791923
0.66,0.375,2,-0.2799890572874737
0.66,0.390625,2,-0.20241295001648893
0.66,0.40625,2,-0.1228874953866715
0.66,0.421875,2,-0.042178566999140674
0.66,0.4375,2,0.03893656404574054
0.66,0.453125,2,0.11967671469397026
0.66,0.46875,2,0.19926431315775
0.66,0.484375,2,0.2769328873568667
0.66,0.5,2,0.35193444646382277
0.66,0.515625,2,0.4235466844643927
0.66,0.53125,2,0.4910799363594009
0.66,0.546875,2,0.5538838200156678
0.66,0.5625,2,0.6113534997014886
0.66,0.578125,2,0.6629355109853667
0.66,0.59375,2,0.7081330909010414
0.66,0.609375,2,0.7465109620464149
0.66,0.625,2,0.7776995245428789
0.66,0.640625,2,0.8013984154841901
0.66,0.65625,2,0.8173794015954519
0.66,0.671875,2,0.8254885772443173
0.66,0.6875,2,0.825647846636361
0.66,0.703125,2,0.8178556759202725
0.66,0.71875,2,0.8021871079596815
0.66,0.734375,2,0.7787930396293591
0.66,0.75,2,0.7478987685958246
0.66,0.765625,2,0.709801823577657
0.66,0.78125,2,0.6648690989812911
0.66,0.796875,2,0.613533321507315
0.66,0.8125,2,0.5562888827557937
0.66,0.828125,2,0.49368707796489764
0.66,0.84375,2,0.42633079673638946
0.66,0.859375,2,0.354868716879191
0.66,0.875,2,0.2799890572874724
0.66,0.890625,2,0.20241295001648762
0.66,0.90625,2,0.12288749538667014
0.66,0.921875,2,0.04217856699914077
0.66,0.9375,2,-0.03893656404574191
0.66,0.953125,2,-0.11967671469397162
0.66,0.96875,2,-0.19926431315775134
0.66,0.984375,2,-0.27693288735686805
0.66,1.0,2,-0.3519344464638227
0.67,0.0,2,-0.4636344586775062
0.67,0.015625,2,-0.53301041285734
0.67,0.03125,2,-0.5972531853882274
0.67,0.046875,2,-0.6557440832520248
0.67,0.0625,2,-0.707919807127925
0.67,0.078125,2,-0.7532778762728519
0.67,0.09375,2,-0.7913814676856973
0.67,0.109375,2,-0.8218636229516134
0.67,0.125,2,-0.8444307822521488
0.67,0.140625,2,-0.8588656115067744
0.67,0.15625,2,-0.8650290954188884
0.67,0.171875,2,-0.8628618762691139
0.67,0.1875,2,-0.8523848255625859
0.67,0.203125,2,-0.8336988430249462
0.67,0.21875,2,-0.8069838848828302
0.67,0.234375,2,-0.7724972307870278
0.67,0.25,2,-0.7305710060688043
0.67,0.265625,2,-0.6816089831914021
0.67,0.28125,2,-0.6260826932004948
0.67,0.296875,2,-0.5645268846224515
0.67,0.3125,2,-0.49753437354370866
0.67,0.328125,2,-0.4257503344677854
0.67,0.34375,2,-0.34986608693213017
0.67,0.359375,2,-0.27061243772306065
0.67,0.375,2,-0.18875264280691045
0.67,0.390625,2,-0.10507505675784078
0.67,0.40625,2,-0.020385540472324243
0.67,0.421875,2,0.06450029971181076
0.67,0.4375,2,0.14876496675027057
0.67,0.453125,2,0.23159694583572368
0.67,0.46875,2,0.3121985197290085
0.67,0.484375,2,0.38979345121223186
0.67,0.5,2,0.4636344586775061
0.67,0.515625,2,0.53301041285734
0.67,0.53125,2,0.5972531853882272
0.67,0.546875,2,0.6557440832520247
0.67,0.5625,2,0.7079198071279249
0.67,0.578125,2,0.7532778762728518
0.67,0.59375,2,0.7913814676856972
0.67,0.609375,2,0.8218636229516133
0.67,0.625,2,0.8444307822521488
0.67,0.640625,2,0.8588656115067744
0.67,0.65625,2,0.8650290954188884
0.67,0.671875,2,0.862861876269114
0.67,0.6875,2,0.8523848255625859
0.67,0.703125,2,0.8336988430249467
0.67,0.71875,2,0.8069838848828308
0.67,0.734375,2,0.7724972307870286
0.67,0.75,2,0.7305710060688052
0.67,0.765625,2,0.6816089831914032
0.67,0.78125,2,0.6260826932004949
0.67,0.796875,2,0.5645268846224527
0.67,0.8125,2,0.49753437354371
0.67,0.828125,2,0.42575033446778676
0.67,0.84375,2,0.34986608693213167
0.67,0.859375,2,0.2706124377230608
0.67,0.875,2,0.18875264280691204
0.67,0.890625,2,0.10507505675784241
0.67,0.90625,2,0.020385540472325887
0.67,0.921875,2,-0.06450029971180911
0.67,0.9375,2,-0.14876496675027048
0.67,0.953125,2,-0.2315969458357221
0.67,0.96875,2,-0.312198519729007
0.67,0.984375,2,-0.3897934512122304
0.67,1.0,2,-0.46363445867750475
0.68,0.0,2,-0.5726488229174919
0.68,0.015625,2,-0.6377401517102458
0.68,0.03125,2,-0.6966896942178007
0.68,0.046875,2,-0.7489297341207113
0.68,0.0625,2,-0.7939571712774016
0.68,0.078125,2,-0.8313383668535518
0.68,0.09375,2,-0.8607133195011238
0.68,0.109375,2,-0.881799132368138
0.68,0.125,2,-0.8943927375500078
0.68,0.140625,2,-0.898372851744467
0.68,0.15625,2,-0.8937011442760712
0.68,0.171875,2,-0.8804226062415557
0.68,0.1875,2,-0.8586651172209806
0.68,0.203125,2,-0.8286382137274675
0.68,0.21875,2,-0.7906310712560337
0.68,0.234375,2,-0.7450097193654969
0.68,0.25,2,-0.6922135166137295
0.68,0.265625,2,-0.6327509192945734
0.68,0.28125,2,-0.5671945847257731
0.68,0.296875,2,-0.4961758562459641
0.68,0.3125,2,-0.4203786830331931
0.68,0.328125,2,-0.3405330333004486
0.68,0.34375,2,-0.2574078643027275
0.68,0.359375,2,-0.17180371685832052
0.68,0.375,2,-0.08454500570310296
0.68,0.390625,2,0.003527920074036835
0.68,0.40625,2,0.09156687005230638
0.68,0.421875,2,0.17872398101643092
0.68,0.4375,2,0.26415988234289944
0.68,0.453125,2,0.34705177959792527
0.68,0.46875,2,0.42660137849762214
0.68,0.484375,2,0.5020425729183516
0.68,0.5,2,0.5726488229174918
0.68,0.515625,2,0.6377401517102457
0.68,0.53125,2,0.6966896942178007
0.68,0.546875,2,0.7489297341207112
0.68,0.5625,2,0.7939571712774015
0.68,0.578125,2,0.8313383668535517
0.68,0.59375,2,0.8607133195011237
0.68,0.609375,2,0.881799132368138
0.68,0.625,2,0.8943927375500078
0.68,0.640625,2,0.898372851744467
0.68,0.65625,2,0.8937011442760711
0.68,0.671875,2,0.8804226062415557
0.68,0.6875,2,0.8586651172209802
0.68,0.703125,2,0.8286382137274668
0.68,0.71875,2,0.7906310712560329
0.68,0.734375,2,0.745009719365496
0.68,0.75,2,0.6922135166137295
0.68,0.765625,2,0.6327509192945724
0.68,0.78125,2,0.567194584725772
0.68,0.796875,2,0.49617585624596294
0.68,0.8125,2,0.4203786830331918
0.68,0.828125,2,0.3405330333004472
0.68,0.84375,2,0.2574078643027276
0.68,0.859375,2,0.17180371685831908
0.68,0.875,2,0.08454500570310149
0.68,0.890625,2,-0.0035279200740383214
0.68,0.90625,2,-0.09156687005230785
0.68,0.921875,2,-0.1787239810164308
0.68,0.9375,2,-0.2641598823429009
0.68,0.953125,2,-0.34705177959792666
0.68,0.96875,2,-0.4266013784976234
0.68,0.984375,2,-0.502042572918353
0.68,1.0,2,-0.5726488229174918
0.6900000000000001,0.0,2,-0.675245056782421
0.6900000000000001,0.015625,2,-0.7341459727838906
0.6900000000000001,0.03125,2,-0.7859766617424397
0.6900000000000001,0.046875,2,-0.8302379657898614
0.6900000000000001,0.0625,2,-0.8665036243724874
0.6900000000000001,0.078125,2,-0.8944243793733423
0.6900000000000001,0.09375,2,-0.9137313386587307
0.6900000000000001,0.109375,2,-0.9242385656564766
0.6900000000000001,0.125,2,-0.9258448700267573
0.6900000000000001,0.140625,2,-0.9185347821803915
0.6900000000000001,0.15625,2,-0.9023787022594405
0.6900000000000001,0.171875,2,-0.8775322221453546
0.6900000000000001,0.1875,2,-0.8442346270241001
0.6900000000000001,0.203125,2,-0.8028065909390119
0.6900000000000001,0.21875,2,-0.7536470885244562
0.6900000000000001,0.234375,2,-0.6972295526620048
0.6900000000000001,0.25,2,-0.6340973150629747
0.6900000000000001,0.265625,2,-0.564858373687036
0.6900000000000001,0.28125,2,-0.4901795373894944
0.6900000000000001,0.296875,2,-0.41078000418749844
0.6900000000000001,0.3125,2,-0.327424434989986
0.6900000000000001,0.328125,2,-0.2409155894951171
0.6900000000000001,0.34375,2,-0.15208659517555254
0.6900000000000001,0.359375,2,-0.06179292380545758
0.6900000000000001,0.375,2,0.029095847200333824
0.6900000000000001,0.390625,2,0.11970440929217638
0.6900000000000001,0.40625,2,0.20916015248544886
0.6900000000000001,0.421875,2,0.2966015690717165
0.6900000000000001,0.4375,2,0.38118655040891297
0.6900000000000001,0.453125,2,0.4621004968879069
0.6900000000000001,0.46875,2,0.5385641629720443
0.6900000000000001,0.484375,2,0.6098411617576406
0.6900000000000001,0.5,2,0.6752450567824209
0.6900000000000001,0.515625,2,0.7341459727838906
0.6900000000000001,0.53125,2,0.7859766617424397
0.6900000000000001,0.546875,2,0.8302379657898614
0.6900000000000001,0.5625,2,0.8665036243724874
0.6900000000000001,0.578125,2,0.8944243793733423
0.6900000000000001,0.59375,2,0.9137313386587306
0.6900000000000001,0.609375,2,0.9242385656564766
0.6900000000000001,0.625,2,0.9258448700267573
0.6900000000000001,0.640625,2,0.9185347821803919
0.6900000000000001,0.65625,2,0.902378702259441
0.6900000000000001,0.671875,2,0.8775322221453552
0.6900000000000001,0.6875,2,0.8442346270241008
0.6900000000000001,0.703125,2,0.8028065909390119
0.6900000000000001,0.71875,2,0.7536470885244572
0.6900000000000001,0.734375,2,0.697229552662006
0.6900000000000001,0.75,2,0.634097315062976
0.6900000000000001,0.765625,2,0.5648583736870374
0.6900000000000001,0.78125,2,0.4901795373894945
0.6900000000000001,0.796875,2,0.4107800041875
0.6900000000000001,0.8125,2,0.3274244349899877
0.6900000000000001,0.828125,2,0.2409155894951188
0.6900000000000001,0.84375,2,0.15208659517555428
0.6900000000000001,0.859375,2,0.06179292380545769
0.6900000000000001,0.875,2,-0.029095847200332065
0.6900000000000001,0.890625,2,-0.11970440929217463
0.6900000000000001,0.90625,2,-0.20916015248544712
0.6900000000000001,0.921875,2,-0.29660156907171487
0.6900000000000001,0.9375,2,-0.3811865504089114
0.6900000000000001,0.953125,2,-0.4621004968879068
0.6900000000000001,0.96875,2,-0.5385641629720429
0.6900000000000001,0.984375,2,-0.6098411617576394
0.6900000000000001,1.0,2,-0.6752450567824198
0.7000000000000001,0.0,2,-0.7680630848713118
0.7000000000000001,0.015625,2,-0.8190612045555566
0.7000000000000001,0.03125,2,-0.8621713170955311
0.7000000000000001,0.046875,2,-0.8969782485410918
0.7000000000000001,0.0625,2,-0.9231467891150135
0.7000000000000001,0.078125,2,-0.94042492146639
0.7000000000000001,0.09375,2,-0.9486462477354899
0.7000000000000001,0.109375,2,-0.947731592056107
0.7000000000000001,0.125,2,-0.937689763062436
0.7000000000000001,0.140625,2,-0.9186174690571078
0.7000000000000001,0.15625,2,-0.8906983866573703
0.7000000000000001,0.171875,2,-0.8542013918888552
0.7000000000000001,0.1875,2,-0.8094779707624714
0.7000000000000001,0.203125,2,-0.7569588342719742
0.7000000000000001,0.21875,2,-0.6971497704116474
0.7000000000000001,0.234375,2,-0.6306267731614261
0.7000000000000001,0.25,2,-0.5580304953499994
0.7000000000000001,0.265625,2,-0.480060078817852
0.7000000000000001,0.28125,2,-0.3974664212991567
0.7000000000000001,0.296875,2,-0.31104494486610307
0.7000000000000001,0.3125,2,-0.22162793557952598
0.7000000000000001,0.328125,2,-0.1300765281191646
0.7000000000000001,0.34375,2,-0.03727241258595061
0.7000000000000001,0.359375,2,0.055890656655637694
0.7000000000000001,0.375,2,0.1485154683206914
0.7000000000000001,0.390625,2,0.2397099948390035
0.7000000000000001,0.40625,2,0.3285959830682035
0.7000000000000001,0.421875,2,0.41431741235162184
0.7000000000000001,0.4375,2,0.4960487384651563
0.7000000000000001,0.453125,2,0.5730028440594476
0.7000000000000001,0.46875,2,0.6444386190302293
0.7000000000000001,0.484375,2,0.7096680978137659
0.7000000000000001,0.5,2,0.7680630848713117
0.7000000000000001,0.515625,2,0.8190612045555565
0.7000000000000001,0.53125,2,0.8621713170955311
0.7000000000000001,0.546875,2,0.8969782485410918
0.7000000000000001,0.5625,2,0.9231467891150134
0.7000000000000001,0.578125,2,0.94042492146639
0.7000000000000001,0.59375,2,0.9486462477354899
0.7000000000000001,0.609375,2,0.9477315920561069
0.7000000000000001,0.625,2,0.9376897630624358
0.7000000000000001,0.640625,2,0.9186174690571074
0.7000000000000001,0.65625,2,0.8906983866573699
0.7000000000000001,0.671875,2,0.8542013918888554
0.7000000000000001,0.6875,2,0.8094779707624705
0.7000000000000001,0.703125,2,0.7569588342719732
0.7000000000000001,0.71875,2,0.6971497704116463
0.7000000000000001,0.734375,2,0.6306267731614249
0.7000000000000001,0.75,2,0.5580304953499982
0.7000000000000001,0.765625,2,0.4800600788178521
0.7000000000000001,0.78125,2,0.3974664212991553
0.7000000000000001,0.796875,2,0.31104494486610157
0.7000000000000001,0.8125,2,0.22162793557952445
0.7000000000000001,0.828125,2,0.13007652811916304
0.7000000000000001,0.84375,2,0.03727241258595072
0.7000000000000001,0.859375,2,-0.05589065665563926
0.7000000000000001,0.875,2,-0.14851546832069296
0.7000000000000001,0.890625,2,-0.23970999483900501
0.7000000000000001,0.90625,2,-0.3285959830682049
0.7000000000000001,0.921875,2,-0.41431741235162173
0.7000000000000001,0.9375,2,-0.4960487384651576
0.7000000000000001,0.953125,2,-0.5730028440594488
0.7000000000000001,0.96875,2,-0.6444386190302304
0.7000000000000001,0.984375,2,-0.7096680978137669
0.7000000000000001,1.0,2,-0.7680630848713127
0.71,0.0,2,-0.8481688326218773
0.71,0.015625,2,-0.889788566773883
0.71,0.03125,2,-0.9228391506199484
0.71,0.046875,2,-0.9470022889703478
0.71,0.0625,2,-0.9620452775938524
0.71,0.078125,2,-0.9678232442866839
0.71,0.09375,2,-0.9642805440710323
0.71,0.109375,2,-0.9514512950866113
0.71,0.125,2,-0.9294590500143214
0.71,0.140625,2,-0.8985156061963934
0.71,0.15625,2,-0.8589189659122007
0.71,0.171875,2,-0.8110504664534057
0.71,0.1875,2,-0.7553711076373801
0.71,0.203125,2,-0.6924171121269546
0.71,0.21875,2,-0.6227947613130513
0.71,0.234375,2,-0.5471745564934557
0.71,0.25,2,-0.4662847615787892
0.71,0.265625,2,-0.3809043895129399
0.71,0.28125,2,-0.29185569995255956
0.71,0.296875,2,-0.199996280457083
0.71,0.3125,2,-0.10621078745171682
0.71,0.328125,2,-0.011402426502468224
0.71,0.34375,2,0.08351574604719951
0.71,0.359375,2,0.17762961630808197
0.71,0.375,2,0.2700328162616936
0.71,0.390625,2,0.35983545257975064
0.71,0.40625,2,0.4461726767833972
0.71,0.421875,2,0.5282130142068246
0.71,0.4375,2,0.6051663715528349
0.71,0.453125,2,0.6762916459232028
0.71,0.46875,2,0.7409038620447093
0.71,0.484375,2,0.7983807689554755
0.71,0.5,2,0.8481688326218773
0.71,0.515625,2,0.889788566773883
0.71,0.53125,2,0.9228391506199484
0.71,0.546875,2,0.9470022889703478
0.71,0.5625,2,0.9620452775938524
0.71,0.578125,2,0.9678232442866839
0.71,0.59375,2,0.9642805440710323
0.71,0.609375,2,0.9514512950866113
0.71,0.625,2,0.9294590500143214
0.71,0.640625,2,0.8985156061963934
0.71,0.65625,2,0.8589189659122008
0.71,0.671875,2,0.8110504664534058
0.71,0.6875,2,0.7553711076373802
0.71,0.703125,2,0.6924171121269546
0.71,0.71875,2,0.6227947613130514
0.71,0.734375,2,0.5471745564934558
0.71,0.75,2,0.4662847615787893
0.71,0.765625,2,0.38090438951294003
0.71,0.78125,2,0.29185569995255967
0.71,0.796875,2,0.19999628045708312
0.71,0.8125,2,0.10621078745171694
0.71,0.828125,2,0.011402426502468341
0.71,0.84375,2,-0.08351574604719941
0.71,0.859375,2,-0.17762961630808183
0.71,0.875,2,-0.2700328162616935
0.71,0.890625,2,-0.3598354525797505
0.71,0.90625,2,-0.44617267678339717
0.71,0.921875,2,-0.5282130142068245
0.71,0.9375,2,-0.6051663715528348
0.71,0.953125,2,-0.6762916459232027
0.71,0.96875,2,-0.7409038620447093
0.71,0.984375,2,-0.7983807689554755
0.71,1.0,2,-0.8481688326218771
0.72,0.0,2,-0.9130993319519778
0.72,0.015625,2,-0.9441378225253266
0.72,0.03125,2,-0.9660837497495227
0.72,0.046875,2,-0.9787257623485333
0.72,0.0625,2,-0.9819421108302024
0.72,0.078125,2,-0.9757018200004168
0.72,0.09375,2,-0.9600649872711573
0.72,0.109375,2,-0.9351822038895691
0.72,0.125,2,-0.9012931046619297
0.72,0.140625,2,-0.8587240601394674
0.72,0.15625,2,-0.8078850334915405
0.72,0.171875,2,-0.7492656323362062
0.72,0.1875,2,-0.6834303935512169
0.72,0.203125,2,-0.6110133464752733
0.72,0.21875,2,-0.5327119068589016
0.72,0.234375,2,-0.4492801603695281
0.72,0.25,2,-0.36152160033427616
0.72,0.265625,2,-0.27028138965999704
0.72,0.28125,2,-0.17643822145245533
0.72,0.296875,2,-0.08089585672138355
0.72,0.3125,2,0.015425579332088742
0.72,0.328125,2,0.11159845862411533
0.72,0.34375,2,0.2066965837536669
0.72,0.359375,2,0.2998041077898244
0.72,0.375,2,0.3900243543783696
0.72,0.390625,2,0.47648845322525124
0.72,0.40625,2,0.5583637077924894
0.72,0.421875,2,0.6348616146210362
0.72,0.4375,2,0.7052454570501202
0.72,0.453125,2,0.7688374002014287
0.72,0.46875,2,0.8250250188995224
0.72,0.484375,2,0.8732671956610618
0.72,0.5,2,0.9130993319519778
0.72,0.515625,2,0.9441378225253265
0.72,0.53125,2,0.9660837497495227
0.72,0.546875,2,0.9787257623485333
0.72,0.5625,2,0.9819421108302024
0.72,0.578125,2,0.9757018200004168
0.72,0.59375,2,0.9600649872711574
0.72,0.609375,2,0.9351822038895691
0.72,0.625,2,0.9012931046619298
0.72,0.640625,2,0.8587240601394676
0.72,0.65625,2,0.8078850334915406
0.72,0.671875,2,0.7492656323362064
0.72,0.6875,2,0.683430393551217
0.72,0.703125,2,0.6110133464752734
0.72,0.71875,2,0.5327119068589017
0.72,0.734375,2,0.44928016036952817
0.72,0.75,2,0.36152160033427627
0.72,0.765625,2,0.27028138965999715
0.72,0.78125,2,0.17643822145245544
0.72,0.796875,2,0.08089585672138368
0.72,0.8125,2,-0.015425579332088624
0.72,0.828125,2,-0.11159845862411522
0.72,0.84375,2,-0.20669658375366678
0.72,0.859375,2,-0.2998041077898243
0.72,0.875,2,-0.39002435437836946
0.72,0.890625,2,-0.47648845322525113
0.72,0.90625,2,-0.5583637077924893
0.72,0.921875,2,-0.6348616146210361
0.72,0.9375,2,-0.7052454570501201
0.72,0.953125,2,-0.7688374002014285
0.72,0.96875,2,-0.8250250188995223
0.72,0.984375,2,-0.8732671956610618
0.72,1.0,2,-0.9130993319519778
0.73,0.0,2,-0.9608998448222763
0.73,0.015625,2,-0.9804553586317976
0.73,0.03125,2,-0.9905685513662762
0.73,0.046875,2,-0.9911420274512458
0.73,0.0625,2,-0.9821702639985139
0.73,0.078125,2,-0.9637396639945952
0.73,0.09375,2,-0.9360277241927185
0.73,0.109375,2,-0.8993013257220628
0.73,0.125,2,-0.8539141638765916
0.73,0.140625,2,-0.8003033418360246
0.73,0.15625,2,-0.7389851611232683
0.73,0.171875,2,-0.6705501493385136
0.73,0.1875,2,-0.5956573730556308
0.73,0.203125,2,-0.5150280906507784
0.73,0.21875,2,-0.42943880618996727
0.73,0.234375,2,-0.33971379127041584
0.73,0.25,2,-0.2467171468344819
0.73,0.265625,2,-0.1513444814052204
0.73,0.28125,2,-0.054514285886717424
0.73,0.296875,2,0.04284091200541641
0.73,0.3125,2,0.1397835284957116
0.73,0.328125,2,0.2353799531931436
0.73,0.34375,2,0.32870954026955457
0.73,0.359375,2,0.41887347478225684
0.73,0.375,2,0.5050034287532742
0.73,0.390625,2,0.5862699236424403
0.73,0.40625,2,0.6618903186791895
0.73,0.421875,2,0.7311363481210046
0.73,0.4375,2,0.793341134850631
0.73,0.453125,2,0.8479056127672676
0.73,0.46875,2,0.8943042961205976
0.73,0.484375,2,0.9320903402258293
0.73,0.5,2,0.9608998448222763
0.73,0.515625,2,0.9804553586317976
0.73,0.53125,2,0.9905685513662762
0.73,0.546875,2,0.9911420274512458
0.73,0.5625,2,0.9821702639985139
0.73,0.578125,2,0.9637396639945952
0.73,0.59375,2,0.9360277241927185
0.73,0.609375,2,0.8993013257220629
0.73,0.625,2,0.8539141638765917
0.73,0.640625,2,0.8003033418360247
0.73,0.65625,2,0.7389851611232683
0.73,0.671875,2,0.6705501493385136
0.73,0.6875,2,0.5956573730556308
0.73,0.703125,2,0.5150280906507785
0.73,0.71875,2,0.4294388061899674
0.73,0.734375,2,0.339713791270416
0.73,0.75,2,0.246717146834482
0.73,0.765625,2,0.15134448140522053
0.73,0.78125,2,0.054514285886717535
0.73,0.796875,2,-0.042840912005416294
0.73,0.8125,2,-0.1397835284957115
0.73,0.828125,2,-0.23537995319314348
0.73,0.84375,2,-0.32870954026955446
0.73,0.859375,2,-0.4188734747822567
0.73,0.875,2,-0.5050034287532741
0.73,0.890625,2,-0.5862699236424402
0.73,0.90625,2,-0.6618903186791893
0.73,0.921875,2,-0.7311363481210046
0.73,0.9375,2,-0.7933411348506308
0.73,0.953125,2,-0.8479056127672675
0.73,0.96875,2,-0.8943042961205976
0.73,0.984375,2,-0.9320903402258293
0.73,1.0,2,-0.9608998448222762
0.74,0.0,2,-0.9901530317588342
0.74,0.015625,2,-0.9976456891525592
0.74,0.03125,2,-0.9955304731911363
0.74,0.046875,2,-0.9838277545605684
0.74,0.0625,2,-0.9626502368386247
0.74,0.078125,2,-0.9322018710977763
0.74,0.09375,2,-0.8927758917448766
0.74,0.109375,2,-0.8447519925135282
0.74,0.125,2,-0.7885926698058618
0.74,0.140625,2,-0.7248387685993612
0.74,0.15625,2,-0.6541042738140722
0.74,0.171875,2,-0.5770703973021841
0.74,0.1875,2,-0.49447901740550937
0.74,0.203125,2,-0.4071255342614926
0.74,0.21875,2,-0.31585120966508196
0.74,0.234375,2,-0.22153506525776212
0.74,0.25,2,-0.12508541706862283
0.74,0.265625,2,-0.027431127934469984
0.74,0.28125,2,0.0704873379570717
0.74,0.296875,2,0.1677269722517883
0.74,0.3125,2,0.2633513041148305
0.74,0.328125,2,0.35643941895678016
0.74,0.34375,2,0.4460948273445709
0.74,0.359375,2,0.5314540986847935
0.74,0.375,2,0.6116951765323192
0.74,0.390625,2,0.686045295443241
0.74,0.40625,2,0.7537884231285377
0.74,0.421875,2,0.8142721562364402
0.74,0.4375,2,0.8669140033533455
0.74,0.453125,2,0.9112069947145579
0.74,0.46875,2,0.9467245646002572
0.74,0.484375,2,0.9731246593965653
0.74,0.5,2,0.9901530317588342
0.74,0.515625,2,0.9976456891525592
0.74,0.53125,2,0.9955304731911363
0.74,0.546875,2,0.9838277545605684
0.74,0.5625,2,0.9626502368386247
0.74,0.578125,2,0.9322018710977763
0.74,0.59375,2,0.8927758917448767
0.74,0.609375,2,0.8447519925135283
0.74,0.625,2,0.788592669805862
0.74,0.640625,2,0.7248387685993614
0.74,0.65625,2,0.6541042738140723
0.74,0.671875,2,0.5770703973021842
0.74,0.6875,2,0.4944790174055095
0.74,0.703125,2,0.4071255342614927
0.74,0.71875,2,0.3158512096650821
0.74,0.734375,2,0.22153506525776223
0.74,0.75,2,0.12508541706862297
0.74,0.765625,2,0.02743112793447011
0.74,0.78125,2,-0.07048733795707157
0.74,0.796875,2,-0.16772697225178818
0.74,0.8125,2,-0.2633513041148304
0.74,0.828125,2,-0.35643941895678
0.74,0.84375,2,-0.4460948273445708
0.74,0.859375,2,-0.5314540986847934
0.74,0.875,2,-0.6116951765323191
0.74,0.890625,2,-0.686045295443241
0.74,0.90625,2,-0.7537884231285376
0.74,0.921875,2,-0.8142721562364401
0.74,0.9375,2,-0.8669140033533453
0.74,0.953125,2,-0.9112069947145579
0.74,0.96875,2,-0.9467245646002571
0.74,0.984375,2,-0.9731246593965653
0.74,1.0,2,-0.9901530317588342
0.75,0.0,2,-1.0
0.75,0.015625,2,-0.9951847266721969
0.75,0.03125,2,-0.9807852804032307
0.75,0.046875,2,-0.9569403357322087
0.75,0.0625,2,-0.9238795325112867
0.75,0.078125,2,-0.8819212643483552
0.75,0.09375,2,-0.8314696123025456
0.75,0.109375,2,-0.7730104533627375
0.75,0.125,2,-0.7071067811865472
0.75,0.140625,2,-0.6343932841636454
0.75,0.15625,2,-0.5555702330196024
0.75,0.171875,2,-0.4713967368259981
0.75,0.1875,2,-0.38268343236509056
0.75,0.203125,2,-0.2902846772544635
0.75,0.21875,2,-0.19509032201612803
0.75,0.234375,2,-0.09801714032956069
0.75,0.25,2,-4.286263797015736e-16
0.75,0.265625,2,0.09801714032955984
0.75,0.28125,2,0.1950903220161272
0.75,0.296875,2,0.29028467725446266
0.75,0.3125,2,0.3826834323650898
0.75,0.328125,2,0.47139673682599736
0.75,0.34375,2,0.5555702330196016
0.75,0.359375,2,0.6343932841636447
0.75,0.375,2,0.7071067811865466
0.75,0.390625,2,0.773010453362737
0.75,0.40625,2,0.8314696123025451
0.75,0.421875,2,0.8819212643483547
0.75,0.4375,2,0.9238795325112864
0.75,0.453125,2,0.9569403357322085
0.75,0.46875,2,0.9807852804032304
0.75,0.484375,2,0.9951847266721968
0.75,0.5,2,1.0
0.75,0.515625,2,0.9951847266721969
0.75,0.53125,2,0.9807852804032307
0.75,0.546875,2,0.9569403357322088
0.75,0.5625,2,0.9238795325112867
0.75,0.578125,2,0.8819212643483553
0.75,0.59375,2,0.8314696123025457
0.75,0.609375,2,0.7730104533627377
0.75,0.625,2,0.7071067811865472
0.75,0.640625,2,0.6343932841636455
0.75,0.65625,2,0.5555702330196025
0.75,0.671875,2,0.4713967368259982
0.75,0.6875,2,0.38268343236509067
0.75,0.703125,2,0.2902846772544636
0.75,0.71875,2,0.19509032201612814
0.75,0.734375,2,0.09801714032956081
0.75,0.75,2,5.51091059616309e-16
0.75,0.765625,2,-0.09801714032955972
0.75,0.78125,2,-0.19509032201612705
0.75,0.796875,2,-0.29028467725446255
0.75,0.8125,2,-0.38268343236508967
0.75,0.828125,2,-0.47139673682599725
0.75,0.84375,2,-0.5555702330196015
0.75,0.859375,2,-0.6343932841636446
0.75,0.875,2,-0.7071067811865465
0.75,0.890625,2,-0.773010453362737
0.75,0.90625,2,-0.831469612302545
0.75,0.921875,2,-0.8819212643483547
0.75,0.9375,2,-0.9238795325112864
0.75,0.953125,2,-0.9569403357322085
0.75,0.96875,2,-0.9807852804032304
0.75,0.984375,2,-0.9951847266721968
0.75,1.0,2,-1.0
0.76,0.0,2,-0.9901530317588343
0.76,0.015625,2,-0.9731246593965656
0.76,0.03125,2,-0.9467245646002574
0.76,0.046875,2,-0.9112069947145582
0.76,0.0625,2,-0.8669140033533458
0.76,0.078125,2,-0.8142721562364407
0.76,0.09375,2,-0.7537884231285382
0.76,0.109375,2,-0.6860452954432417
0.76,0.125,2,-0.6116951765323199
0.76,0.140625,2,-0.5314540986847942
0.76,0.15625,2,-0.4460948273445717
0.76,0.171875,2,-0.35643941895678094
0.76,0.1875,2,-0.2633513041148313
0.76,0.203125,2,-0.16772697225178915
0.76,0.21875,2,-0.07048733795707254
0.76,0.234375,2,0.027431127934469127
0.76,0.25,2,0.125085417068622
0.76,0.265625,2,0.22153506525776126
0.76,0.28125,2,0.3158512096650812
0.76,0.296875,2,0.40712553426149184
0.76,0.3125,2,0.49447901740550865
0.76,0.328125,2,0.5770703973021835
0.76,0.34375,2,0.6541042738140717
0.76,0.359375,2,0.7248387685993606
0.76,0.375,2,0.7885926698058613
0.76,0.390625,2,0.8447519925135277
0.76,0.40625,2,0.8927758917448763
0.76,0.421875,2,0.932201871097776
0.76,0.4375,2,0.9626502368386244
0.76,0.453125,2,0.9838277545605683
0.76,0.46875,2,0.9955304731911362
0.76,0.484375,2,0.9976456891525594
0.76,0.5,2,0.9901530317588343
0.76,0.515625,2,0.9731246593965656
0.76,0.53125,2,0.9467245646002576
0.76,0.546875,2,0.9112069947145583
0.76,0.5625,2,0.8669140033533459
0.76,0.578125,2,0.8142721562364408
0.76,0.59375,2,0.7537884231285383
0.76,0.609375,2,0.6860452954432418
0.76,0.625,2,0.61169517653232
0.76,0.640625,2,0.5314540986847943
0.76,0.65625,2,0.4460948273445718
0.76,0.671875,2,0.35643941895678105
0.76,0.6875,2,0.26335130411483143
0.76,0.703125,2,0.16772697225178926
0.76,0.71875,2,0.07048733795707267
0.76,0.734375,2,-0.027431127934469005
0.76,0.75,2,-0.12508541706862186
0.76,0.765625,2,-0.22153506525776115
0.76,0.78125,2,-0.31585120966508107
0.76,0.796875,2,-0.40712553426149173
0.76,0.8125,2,-0.49447901740550854
0.76,0.828125,2,-0.5770703973021833
0.76,0.84375,2,-0.6541042738140715
0.76,0.859375,2,-0.7248387685993606
0.76,0.875,2,-0.7885926698058612
0.76,0.890625,2,-0.8447519925135277
0.76,0.90625,2,-0.8927758917448761
0.76,0.921875,2,-0.932201871097776
0.76,0.9375,2,-0.9626502368386244
0.76,0.953125,2,-0.9838277545605683
0.76,0.96875,2,-0.9955304731911362
0.76,0.984375,2,-0.9976456891525594
0.76,1.0,2,-0.9901530317588343
0.77,0.0,2,-0.9608998448222764
0.77,0.015625,2,-0.9320903402258296
0.77,0.03125,2,-0.894304296120598
0.77,0.046875,2,-0.8479056127672681
0.77,0.0625,2,-0.7933411348506314
0.77,0.078125,2,-0.7311363481210053
0.77,0.09375,2,-0.6618903186791901
0.77,0.109375,2,-0.5862699236424411
0.77,0.125,2,-0.5050034287532749
0.77,0.140625,2,-0.4188734747822576
0.77,0.15625,2,-0.3287095402695554
0.77,0.171875,2,-0.2353799531931444
0.77,0.1875,2,-0.13978352849571243
0.77,0.203125,2,-0.042840912005417266
0.77,0.21875,2,0.05451428588671657
0.77,0.234375,2,0.15134448140521956
0.77,0.25,2,0.24671714683448107
0.77,0.265625,2,0.33971379127041507
0.77,0.28125,2,0.4294388061899665
0.77,0.296875,2,0.5150280906507776
0.77,0.3125,2,0.5956573730556302
0.77,0.328125,2,0.670550149338513
0.77,0.34375,2,0.7389851611232676
0.77,0.359375,2,0.800303341836024
0.77,0.375,2,0.8539141638765911
0.77,0.390625,2,0.8993013257220625
0.77,0.40625,2,0.9360277241927182
0.77,0.421875,2,0.963739663994595
0.77,0.4375,2,0.9821702639985138
0.77,0.453125,2,0.9911420274512457
0.77,0.46875,2,0.9905685513662763
0.77,0.484375,2,0.9804553586317977
0.77,0.5,2,0.9608998448222765
0.77,0.515625,2,0.9320903402258296
0.77,0.53125,2,0.894304296120598
0.77,0.546875,2,0.8479056127672681
0.77,0.5625,2,0.7933411348506315
0.77,0.578125,2,0.7311363481210054
0.77,0.59375,2,0.6618903186791902
0.77,0.609375,2,0.5862699236424411
0.77,0.625,2,0.505003428753275
0.77,0.640625,2,0.4188734747822577
0.77,0.65625,2,0.3287095402695555
0.77,0.671875,2,0.23537995319314453
0.77,0.6875,2,0.13978352849571254
0.77,0.703125,2,0.04284091200541738
0.77,0.71875,2,-0.05451428588671645
0.77,0.734375,2,-0.15134448140521942
0.77,0.75,2,-0.24671714683448095
0.77,0.765625,2,-0.33971379127041496
0.77,0.78125,2,-0.4294388061899664
0.77,0.796875,2,-0.5150280906507775
0.77,0.8125,2,-0.59565737305563
0.77,0.828125,2,-0.6705501493385129
0.77,0.84375,2,-0.7389851611232676
0.77,0.859375,2,-0.800303341836024
0.77,0.875,2,-0.8539141638765911
0.77,0.890625,2,-0.8993013257220625
0.77,0.90625,2,-0.9360277241927182
0.77,0.921875,2,-0.963739663994595
0.77,0.9375,2,-0.9821702639985137
0.77,0.953125,2,-0.9911420274512457
0.77,0.96875,2,-0.9905685513662763
0.77,0.984375,2,-0.9804553586317977
0.77,1.0,2,-0.9608998448222765
0.78,0.0,2,-0.9130993319519781
0.78,0.015625,2,-0.8732671956610623
0.78,0.03125,2,-0.8250250188995228
0.78,0.046875,2,-0.7688374002014292
0.78,0.0625,2,-0.7052454570501208
0.78,0.078125,2,-0.6348616146210369
0.78,0.09375,2,-0.5583637077924902
0.78,0.109375,2,-0.47648845322525196
0.78,0.125,2,-0.39002435437837035
0.78,0.140625,2,-0.29980410778982514
0.78,0.15625,2,-0.20669658375366773
0.78,0.171875,2,-0.11159845862411617
0.78,0.1875,2,-0.015425579332089585
0.78,0.203125,2,0.08089585672138272
0.78,0.21875,2,0.1764382214524545
0.78,0.234375,2,0.2702813896599962
0.78,0.25,2,0.36152160033427533
0.78,0.265625,2,0.44928016036952734
0.78,0.28125,2,0.5327119068589008
0.78,0.296875,2,0.6110133464752726
0.78,0.3125,2,0.6834303935512164
0.78,0.328125,2,0.7492656323362057
0.78,0.34375,2,0.8078850334915401
0.78,0.359375,2,0.8587240601394671
0.78,0.375,2,0.9012931046619294
0.78,0.390625,2,0.9351822038895689
0.78,0.40625,2,0.9600649872711572
0.78,0.421875,2,0.9757018200004167
0.78,0.4375,2,0.9819421108302024
0.78,0.453125,2,0.9787257623485333
0.78,0.46875,2,0.9660837497495229
0.78,0.484375,2,0.9441378225253269
0.78,0.5,2,0.9130993319519781
0.78,0.515625,2,0.8732671956610624
0.78,0.53125,2,0.825025018899523
0.78,0.546875,2,0.7688374002014292
0.78,0.5625,2,0.7052454570501209
0.78,0.578125,2,0.634861614621037
0.78,0.59375,2,0.5583637077924902
0.78,0.609375,2,0.476488453225252
0.78,0.625,2,0.39002435437837046
0.78,0.640625,2,0.2998041077898253
0.78,0.65625,2,0.20669658375366784
0.78,0.671875,2,0.1115984586241163
0.78,0.6875,2,0.015425579332089703
0.78,0.703125,2,-0.0808958567213826
0.78,0.71875,2,-0.17643822145245439
0.78,0.734375,2,-0.2702813896599961
0.78,0.75,2,-0.3615216003342752
0.78,0.765625,2,-0.4492801603695272
0.78,0.78125,2,-0.5327119068589007
0.78,0.796875,2,-0.6110133464752725
0.78,0.8125,2,-0.6834303935512163
0.78,0.828125,2,-0.7492656323362056
0.78,0.84375,2,-0.80788503349154
0.78,0.859375,2,-0.858724060139467
0.78,0.875,2,-0.9012931046619294
0.78,0.890625,2,-0.9351822038895687
0.78,0.90625,2,-0.9600649872711571
0.78,0.921875,2,-0.9757018200004166
0.78,0.9375,2,-0.9819421108302024
0.78,0.953125,2,-0.9787257623485334
0.78,0.96875,2,-0.9660837497495229
0.78,0.984375,2,-0.9441378225253269
0.78,1.0,2,-0.9130993319519776
0.79,0.0,2,-0.8481688326218777
0.79,0.015625,2,-0.7983807689554759
0.79,0.03125,2,-0.7409038620447098
0.79,0.046875,2,-0.6762916459232033
0.79,0.0625,2,-0.6051663715528355
0.79,0.078125,2,-0.5282130142068253
0.79,0.09375,2,-0.446172676783398
0.79,0.109375,2,-0.35983545257975147
0.79,0.125,2,-0.27003281626169445
0.79,0.140625,2,-0.17762961630808277
0.79,0.15625,2,-0.08351574604720034
0.79,0.171875,2,0.011402426502467394
0.79,0.1875,2,0.106210787451716
0.79,0.203125,2,0.1999962804570822
0.79,0.21875,2,0.2918556999525588
0.79,0.234375,2,0.3809043895129392
0.79,0.25,2,0.46628476157878845
0.79,0.265625,2,0.547174556493455
0.79,0.28125,2,0.6227947613130508
0.79,0.296875,2,0.6924171121269539
0.79,0.3125,2,0.7553711076373796
0.79,0.328125,2,0.8110504664534054
0.79,0.34375,2,0.8589189659122004
0.79,0.359375,2,0.898515606196393
0.79,0.375,2,0.929459050014321
0.79,0.390625,2,0.9514512950866112
0.79,0.40625,2,0.9642805440710323
0.79,0.421875,2,0.9678232442866839
0.79,0.4375,2,0.9620452775938525
0.79,0.453125,2,0.947002288970348
0.79,0.46875,2,0.9228391506199487
0.79,0.484375,2,0.8897885667738833
0.79,0.5,2,0.8481688326218777
0.79,0.515625,2,0.798380768955476
0.79,0.53125,2,0.7409038620447099
0.79,0.546875,2,0.6762916459232035
0.79,0.5625,2,0.6051663715528355
0.79,0.578125,2,0.5282130142068254
0.79,0.59375,2,0.44617267678339806
0.79,0.609375,2,0.3598354525797515
0.79,0.625,2,0.27003281626169456
0.79,0.640625,2,0.1776296163080829
0.79,0.65625,2,0.08351574604720047
0.79,0.671875,2,-0.011402426502467275
0.79,0.6875,2,-0.10621078745171589
0.79,0.703125,2,-0.1999962804570821
0.79,0.71875,2,-0.29185569995255867
0.79,0.734375,2,-0.3809043895129391
0.79,0.75,2,-0.4662847615787884
0.79,0.765625,2,-0.5471745564934549
0.79,0.78125,2,-0.6227947613130507
0.79,0.796875,2,-0.6924171121269538
0.79,0.8125,2,-0.7553711076373796
0.79,0.828125,2,-0.8110504664534053
0.79,0.84375,2,-0.8589189659122003
0.79,0.859375,2,-0.8985156061963929
0.79,0.875,2,-0.929459050014321
0.79,0.890625,2,-0.9514512950866111
0.79,0.90625,2,-0.9642805440710321
0.79,0.921875,2,-0.9678232442866839
0.79,0.9375,2,-0.9620452775938525
0.79,0.953125,2,-0.947002288970348
0.79,0.96875,2,-0.9228391506199481
0.79,0.984375,2,-0.8897885667738834
0.79,1.0,2,-0.8481688326218778
0.8,0.0,2,-0.768063084871312
0.8,0.015625,2,-0.709668097813765
0.8,0.03125,2,-0.6444386190302285
0.8,0.046875,2,-0.5730028440594467
0.8,0.0625,2,-0.4960487384651554
0.8,0.078125,2,-0.41431741235162095
0.8,0.09375,2,-0.32859598306820414
0.8,0.109375,2,-0.2397099948390026
0.8,0.125,2,-0.14851546832069049
0.8,0.140625,2,-0.055890656655636806
0.8,0.15625,2,0.03727241258595147
0.8,0.171875,2,0.13007652811916373
0.8,0.1875,2,0.22162793557952676
0.8,0.203125,2,0.31104494486610385
0.8,0.21875,2,0.39746642129915744
0.8,0.234375,2,0.48006007881785273
0.8,0.25,2,0.5580304953499986
0.8,0.265625,2,0.6306267731614266
0.8,0.28125,2,0.6971497704116478
0.8,0.296875,2,0.7569588342719745
0.8,0.3125,2,0.8094779707624716
0.8,0.328125,2,0.8542013918888555
0.8,0.34375,2,0.89069838665737
0.8,0.359375,2,0.9186174690571078
0.8,0.375,2,0.9376897630624359
0.8,0.390625,2,0.9477315920561069
0.8,0.40625,2,0.9486462477354896
0.8,0.421875,2,0.9404249214663899
0.8,0.4375,2,0.923146789115013
0.8,0.453125,2,0.8969782485410912
0.8,0.46875,2,0.8621713170955306
0.8,0.484375,2,0.819061204555556
0.8,0.5,2,0.768063084871312
0.8,0.515625,2,0.7096680978137652
0.8,0.53125,2,0.6444386190302285
0.8,0.546875,2,0.5730028440594468
0.8,0.5625,2,0.4960487384651555
0.8,0.578125,2,0.41431741235162106
0.8,0.59375,2,0.32859598306820426
0.8,0.609375,2,0.2397099948390027
0.8,0.625,2,0.14851546832069062
0.8,0.640625,2,0.05589065665563692
0.8,0.65625,2,-0.037272412585951355
0.8,0.671875,2,-0.13007652811916362
0.8,0.6875,2,-0.22162793557952667
0.8,0.703125,2,-0.31104494486610373
0.8,0.71875,2,-0.3974664212991573
0.8,0.734375,2,-0.4800600788178526
0.8,0.75,2,-0.5580304953499986
0.8,0.765625,2,-0.6306267731614266
0.8,0.78125,2,-0.6971497704116477
0.8,0.796875,2,-0.7569588342719744
0.8,0.8125,2,-0.8094779707624716
0.8,0.828125,2,-0.8542013918888555
0.8,0.84375,2,-0.8906983866573699
0.8,0.859375,2,-0.9186174690571078
0.8,0.875,2,-0.9376897630624359
0.8,0.890625,2,-0.9477315920561069
0.8,0.90625,2,-0.9486462477354896
0.8,0.921875,2,-0.9404249214663899
0.8,0.9375,2,-0.923146789115013
0.8,0.953125,2,-0.8969782485410913
0.8,0.96875,2,-0.8621713170955306
0.8,0.984375,2,-0.819061204555556
0.8,1.0,2,-0.7680630848713121
0.81,0.0,2,-0.6752450567824201
0.81,0.015625,2,-0.6098411617576398
0.81,0.03125,2,-0.5385641629720435
0.81,0.046875,2,-0.46210049688790744
0.81,0.0625,2,-0.3811865504089121
0.81,0.078125,2,-0.2966015690717156
0.81,0.09375,2,-0.20916015248544795
0.81,0.109375,2,-0.11970440929217549
0.81,0.125,2,-0.02909584720033296
0.81,0.140625,2,0.061792923805456756
0.81,0.15625,2,0.15208659517555334
0.81,0.171875,2,0.24091558949511785
0.81,0.1875,2,0.32742443498998675
0.81,0.203125,2,0.41078000418749905
0.81,0.21875,2,0.4901795373894936
0.81,0.234375,2,0.5648583736870365
0.81,0.25,2,0.6340973150629752
0.81,0.265625,2,0.6972295526620051
0.81,0.28125,2,0.7536470885244564
0.81,0.296875,2,0.8028065909390111
0.81,0.3125,2,0.8442346270241001
0.81,0.328125,2,0.8775322221453545
0.81,0.34375,2,0.9023787022594404
0.81,0.359375,2,0.9185347821803914
0.81,0.375,2,0.925844870026757
0.81,0.390625,2,0.9242385656564762
0.81,0.40625,2,0.9137313386587301
0.81,0.421875,2,0.8944243793733417
0.81,0.4375,2,0.8665036243724867
0.81,0.453125,2,0.8302379657898608
0.81,0.46875,2,0.7859766617424399
0.81,0.484375,2,0.7341459727838898
0.81,0.5,2,0.6752450567824202
0.81,0.515625,2,0.6098411617576399
0.81,0.53125,2,0.5385641629720436
0.81,0.546875,2,0.46210049688790755
0.81,0.5625,2,0.3811865504089122
0.81,0.578125,2,0.2966015690717157
0.81,0.59375,2,0.20916015248544806
0.81,0.609375,2,0.11970440929217559
0.81,0.625,2,0.029095847200333074
0.81,0.640625,2,-0.061792923805456645
0.81,0.65625,2,-0.15208659517555323
0.81,0.671875,2,-0.24091558949511774
0.81,0.6875,2,-0.32742443498998663
0.81,0.703125,2,-0.41078000418749894
0.81,0.71875,2,-0.4901795373894935
0.81,0.734375,2,-0.5648583736870364
0.81,0.75,2,-0.6340973150629751
0.81,0.765625,2,-0.697229552662005
0.81,0.78125,2,-0.7536470885244563
0.81,0.796875,2,-0.802806590939011
0.81,0.8125,2,-0.8442346270241001
0.81,0.828125,2,-0.8775322221453545
0.81,0.84375,2,-0.9023787022594403
0.81,0.859375,2,-0.9185347821803913
0.81,0.875,2,-0.925844870026757
0.81,0.890625,2,-0.9242385656564762
0.81,0.90625,2,-0.9137313386587301
0.81,0.921875,2,-0.8944243793733417
0.81,0.9375,2,-0.8665036243724867
0.81,0.953125,2,-0.8302379657898608
0.81,0.96875,2,-0.78597666174244
0.81,0.984375,2,-0.734145972783891
0.81,1.0,2,-0.6752450567824213
0.8200000000000001,0.0,2,-0.572648822917491
0.8200000000000001,0.015625,2,-0.5020425729183522
0.8200000000000001,0.03125,2,-0.4266013784976212
0.8200000000000001,0.046875,2,-0.3470517795979244
0.8200000000000001,0.0625,2,-0.26415988234289856
0.8200000000000001,0.078125,2,-0.17872398101643006
0.8200000000000001,0.09375,2,-0.0915668700523071
0.8200000000000001,0.109375,2,-0.003527920074036008
0.8200000000000001,0.125,2,0.08454500570310376
0.8200000000000001,0.140625,2,0.1718037168583213
0.8200000000000001,0.15625,2,0.25740786430272816
0.8200000000000001,0.171875,2,0.34053303330044776
0.8200000000000001,0.1875,2,0.42037868303319226
0.8200000000000001,0.203125,2,0.49617585624596466
0.8200000000000001,0.21875,2,0.5671945847257736
0.8200000000000001,0.234375,2,0.6327509192945737
0.8200000000000001,0.25,2,0.6922135166137298
0.8200000000000001,0.265625,2,0.7450097193654962
0.8200000000000001,0.28125,2,0.7906310712560338
0.8200000000000001,0.296875,2,0.8286382137274674
0.8200000000000001,0.3125,2,0.8586651172209806
0.8200000000000001,0.328125,2,0.8804226062415554
0.8200000000000001,0.34375,2,0.8937011442760708
0.8200000000000001,0.359375,2,0.8983728517444668
0.8200000000000001,0.375,2,0.8943927375500075
0.8200000000000001,0.390625,2,0.8817991323681376
0.8200000000000001,0.40625,2,0.8607133195011232
0.8200000000000001,0.421875,2,0.8313383668535518
0.8200000000000001,0.4375,2,0.7939571712774016
0.8200000000000001,0.453125,2,0.7489297341207105
0.8200000000000001,0.46875,2,0.6966896942178
0.8200000000000001,0.484375,2,0.637740151710245
0.8200000000000001,0.5,2,0.5726488229174911
0.8200000000000001,0.515625,2,0.5020425729183523
0.8200000000000001,0.53125,2,0.4266013784976213
0.8200000000000001,0.546875,2,0.3470517795979245
0.8200000000000001,0.5625,2,0.26415988234289867
0.8200000000000001,0.578125,2,0.17872398101643014
0.8200000000000001,0.59375,2,0.09156687005230721
0.8200000000000001,0.609375,2,0.0035279200740361187
0.8200000000000001,0.625,2,-0.08454500570310364
0.8200000000000001,0.640625,2,-0.17180371685832116
0.8200000000000001,0.65625,2,-0.2574078643027281
0.8200000000000001,0.671875,2,-0.34053303330044765
0.8200000000000001,0.6875,2,-0.42037868303319215
0.8200000000000001,0.703125,2,-0.49617585624596455
0.8200000000000001,0.71875,2,-0.5671945847257734
0.8200000000000001,0.734375,2,-0.6327509192945736
0.8200000000000001,0.75,2,-0.6922135166137297
0.8200000000000001,0.765625,2,-0.7450097193654961
0.8200000000000001,0.78125,2,-0.7906310712560338
0.8200000000000001,0.796875,2,-0.8286382137274674
0.8200000000000001,0.8125,2,-0.8586651172209806
0.8200000000000001,0.828125,2,-0.8804226062415554
0.8200000000000001,0.84375,2,-0.8937011442760707
0.8200000000000001,0.859375,2,-0.8983728517444668
0.8200000000000001,0.875,2,-0.8943927375500075
0.8200000000000001,0.890625,2,-0.8817991323681376
0.8200000000000001,0.90625,2,-0.8607133195011233
0.8200000000000001,0.921875,2,-0.8313383668535518
0.8200000000000001,0.9375,2,-0.7939571712774017
0.8200000000000001,0.953125,2,-0.7489297341207115
0.8200000000000001,0.96875,2,-0.6966896942178011
0.8200000000000001,0.984375,2,-0.6377401517102439
0.8200000000000001,1.0,2,-0.57264882291749
0.8300000000000001,0.0,2,-0.46363445867750525
0.8300000000000001,0.015625,2,-0.389793451212231
0.8300000000000001,0.03125,2,-0.3121985197290076
0.8300000000000001,0.046875,2,-0.23159694583572282
0.8300000000000001,0.0625,2,-0.14876496675027126
0.8300000000000001,0.078125,2,-0.06450029971180993
0.8300000000000001,0.09375,2,0.02038554047232503
0.8300000000000001,0.109375,2,0.10507505675784153
0.8300000000000001,0.125,2,0.18875264280691115
0.8300000000000001,0.140625,2,0.2706124377230599
0.8300000000000001,0.15625,2,0.3498660869321307
0.8300000000000001,0.171875,2,0.42575033446778593
0.8300000000000001,0.1875,2,0.49753437354370916
0.8300000000000001,0.203125,2,0.5645268846224518
0.8300000000000001,0.21875,2,0.6260826932004941
0.8300000000000001,0.234375,2,0.6816089831914023
0.8300000000000001,0.25,2,0.7305710060688045
0.8300000000000001,0.265625,2,0.7724972307870279
0.8300000000000001,0.28125,2,0.8069838848828302
0.8300000000000001,0.296875,2,0.8336988430249461
0.8300000000000001,0.3125,2,0.8523848255625854
0.8300000000000001,0.328125,2,0.8628618762691137
0.8300000000000001,0.34375,2,0.8650290954188881
0.8300000000000001,0.359375,2,0.8588656115067741
0.8300000000000001,0.375,2,0.8444307822521484
0.8300000000000001,0.390625,2,0.8218636229516133
0.8300000000000001,0.40625,2,0.7913814676856966
0.8300000000000001,0.421875,2,0.7532778762728513
0.8300000000000001,0.4375,2,0.7079198071279242
0.8300000000000001,0.453125,2,0.6557440832520242
0.8300000000000001,0.46875,2,0.5972531853882276
0.8300000000000001,0.484375,2,0.5330104128573392
0.8300000000000001,0.5,2,0.46363445867750536
0.8300000000000001,0.515625,2,0.38979345121223113
0.8300000000000001,0.53125,2,0.3121985197290077
0.8300000000000001,0.546875,2,0.23159694583572293
0.8300000000000001,0.5625,2,0.14876496675027134
0.8300000000000001,0.578125,2,0.06450029971181004
0.8300000000000001,0.59375,2,-0.020385540472324926
0.8300000000000001,0.609375,2,-0.10507505675784141
0.8300000000000001,0.625,2,-0.18875264280691106
0.8300000000000001,0.640625,2,-0.27061243772305976
0.8300000000000001,0.65625,2,-0.34986608693213067
0.8300000000000001,0.671875,2,-0.4257503344677858
0.8300000000000001,0.6875,2,-0.49753437354370905
0.8300000000000001,0.703125,2,-0.5645268846224518
0.8300000000000001,0.71875,2,-0.626082693200494
0.8300000000000001,0.734375,2,-0.6816089831914023
0.8300000000000001,0.75,2,-0.7305710060688044
0.8300000000000001,0.765625,2,-0.7724972307870278
0.8300000000000001,0.78125,2,-0.8069838848828302
0.8300000000000001,0.796875,2,-0.8336988430249461
0.8300000000000001,0.8125,2,-0.8523848255625854
0.8300000000000001,0.828125,2,-0.8628618762691137
0.8300000000000001,0.84375,2,-0.8650290954188881
0.8300000000000001,0.859375,2,-0.8588656115067741
0.8300000000000001,0.875,2,-0.8444307822521484
0.8300000000000001,0.890625,2,-0.8218636229516133
0.8300000000000001,0.90625,2,-0.7913814676856973
0.8300000000000001,0.921875,2,-0.753277876272852
0.8300000000000001,0.9375,2,-0.7079198071279252
0.8300000000000001,0.953125,2,-0.6557440832520232
0.8300000000000001,0.96875,2,-0.5972531853882265
0.8300000000000001,0.984375,2,-0.5330104128573392
0.8300000000000001,1.0,2,-0.46363445867750547
0.84,0.0,2,-0.35193444646382344
0.84,0.015625,2,-0.27693288735686744
0.84,0.03125,2,-0.1992643131577507
0.84,0.046875,2,-0.11967671469397095
0.84,0.0625,2,-0.03893656404574125
0.84,0.078125,2,0.04217856699913996
0.84,0.09375,2,0.1228874953866708
0.84,0.109375,2,0.20241295001648824
0.84,0.125,2,0.27998905728747303
0.84,0.140625,2,0.35486871687919164
0.84,0.15625,2,0.4263307967363901
0.84,0.171875,2,0.49368707796489697
0.84,0.1875,2,0.5562888827557941
0.84,0.203125,2,0.6135333215073153
0.84,0.21875,2,0.6648690989812914
0.84,0.234375,2,0.7098018235776574
0.84,0.25,2,0.7478987685958244
0.84,0.265625,2,0.7787930396293592
0.84,0.28125,2,0.8021871079596817
0.84,0.296875,2,0.8178556759202726
0.84,0.3125,2,0.825647846636361
0.84,0.328125,2,0.8254885772443173
0.84,0.34375,2,0.8173794015954522
0.84,0.359375,2,0.8013984154841907
0.84,0.375,2,0.7776995245428797
0.84,0.390625,2,0.7465109620464159
0.84,0.40625,2,0.7081330909010425
0.84,0.421875,2,0.6629355109853672
0.84,0.4375,2,0.61135349970149
0.84,0.453125,2,0.5538838200156695
0.84,0.46875,2,0.4910799363594027
0.84,0.484375,2,0.42354668446439464
0.84,0.5,2,0.35193444646382355
0.84,0.515625,2,0.2769328873568689
0.84,0.53125,2,0.19926431315775223
0.84,0.546875,2,0.11967671469397251
0.84,0.5625,2,0.03893656404574282
0.84,0.578125,2,-0.04217856699913986
0.84,0.59375,2,-0.12288749538666925
0.84,0.609375,2,-0.20241295001648674
0.84,0.625,2,-0.2799890572874716
0.84,0.640625,2,-0.3548687168791902
0.84,0.65625,2,-0.42633079673638874
0.84,0.671875,2,-0.4936870779648969
0.84,0.6875,2,-0.5562888827557929
0.84,0.703125,2,-0.6135333215073143
0.84,0.71875,2,-0.6648690989812905
0.84,0.734375,2,-0.7098018235776565
0.84,0.75,2,-0.7478987685958243
0.84,0.765625,2,-0.7787930396293586
0.84,0.78125,2,-0.8021871079596813
0.84,0.796875,2,-0.8178556759202724
0.84,0.8125,2,-0.825647846636361
0.84,0.828125,2,-0.8254885772443173
0.84,0.84375,2,-0.8173794015954522
0.84,0.859375,2,-0.8013984154841907
0.84,0.875,2,-0.7776995245428793
0.84,0.890625,2,-0.7465109620464153
0.84,0.90625,2,-0.7081330909010418
0.84,0.921875,2,-0.6629355109853673
0.84,0.9375,2,-0.6113534997014901
0.84,0.953125,2,-0.5538838200156696
0.84,0.96875,2,-0.49107993635940284
0.84,0.984375,2,-0.42354668446439475
0.84,1.0,2,-0.35193444646382493
0.85,0.0,2,-0.2415900852168241
0.85,0.015625,2,-0.16754731129417977
0.85,0.03125,2,-0.0918909651730955
0.85,0.046875,2,-0.015349658824683058
0.85,0.0625,2,0.06133947312918952
0.85,0.078125,2,0.13743787242525973
0.85,0.09375,2,0.21221266987869125
0.85,0.109375,2,0.28494374331394534
0.85,0.125,2,0.3549306527349913
0.85,0.140625,2,0.4214993859453694
0.85,0.15625,2,0.4840088496540901
0.85,0.171875,2,0.5418570435544907
0.85,0.1875,2,0.5944868579162711
0.85,0.203125,2,0.641391438856744
0.85,0.21875,2,0.6821190696208006
0.85,0.234375,2,0.7162775208601961
0.85,0.25,2,0.743537828016585
0.85,0.265625,2,0.7636374594300519
0.85,0.28125,2,0.7763828446625093
0.85,0.296875,2,0.781651238686832
0.85,0.3125,2,0.7793919039885688
0.85,0.328125,2,0.7696265991959417
0.85,0.34375,2,0.7524493695323627
0.85,0.359375,2,0.7280256411095208
0.85,0.375,2,0.696590627783496
0.85,0.390625,2,0.6584470659167444
0.85,0.40625,2,0.6139622988614337
0.85,0.421875,2,0.5635647392421554
0.85,0.4375,2,0.5077397431081512
0.85,0.453125,2,0.44702493568923835
0.85,0.46875,2,0.38200503377095096
0.85,0.484375,2,0.31330621455225593
0.85,0.5,2,0.24159008521682282
0.85,0.515625,2,0.1675473112941785
0.85,0.53125,2,0.09189096517309422
0.85,0.546875,2,0.015349658824681764
0.85,0.5625,2,-0.06133947312918942
0.85,0.578125,2,-0.137437872425261
0.85,0.59375,2,-0.2122126698786925
0.85,0.609375,2,-0.2849437433139465
0.85,0.625,2,-0.35493065273499247
0.85,0.640625,2,-0.4214993859453694
0.85,0.65625,2,-0.4840088496540911
0.85,0.671875,2,-0.5418570435544916
0.85,0.6875,2,-0.5944868579162719
0.85,0.703125,2,-0.6413914388567447
0.85,0.71875,2,-0.6821190696208014
0.85,0.734375,2,-0.7162775208601961
0.85,0.75,2,-0.7435378280165854
0.85,0.765625,2,-0.7636374594300522
0.85,0.78125,2,-0.7763828446625094
0.85,0.796875,2,-0.781651238686832
0.85,0.8125,2,-0.7793919039885688
0.85,0.828125,2,-0.7696265991959417
0.85,0.84375,2,-0.7524493695323627
0.85,0.859375,2,-0.7280256411095213
0.85,0.875,2,-0.6965906277834955
0.85,0.890625,2,-0.6584470659167437
0.85,0.90625,2,-0.6139622988614337
0.85,0.921875,2,-0.5635647392421556
0.85,0.9375,2,-0.5077397431081512
0.85,0.953125,2,-0.44702493568923846
0.85,0.96875,2,-0.382005033770951
0.85,0.984375,2,-0.31330621455225605
0.85,1.0,2,-0.24159008521682426
0.86,0.0,2,-0.13687442381959383
0.86,0.015625,2,-0.06588599350566092
0.86,0.03125,2,0.005736954942680536
0.86,0.046875,2,0.0773046533787841
0.86,0.0625,2,0.14812786574382783
0.86,0.078125,2,0.21752452578683024
0.86,0.09375,2,0.284826305735504
0.86,0.109375,2,0.34938505265804914
0.86,0.125,2,0.41057903053019834
0.86,0.140625,2,0.467818907893013
0.86,0.15625,2,0.5205534334369891
0.86,0.171875,2,0.5682747448535145
0.86,0.1875,2,0.6105232598265261
0.86,0.203125,2,0.6468921020614447
0.86,0.21875,2,0.6770310197263174
0.86,0.234375,2,0.7006497585684233
0.86,0.25,2,0.7175208572213967
0.86,0.265625,2,0.727481837782529
0.86,0.28125,2,0.7304367705637904
0.86,0.296875,2,0.726357197947167
0.86,0.3125,2,0.715282408447078
0.86,0.328125,2,0.6973190583405051
0.86,0.34375,2,0.6726401445087403
0.86,0.359375,2,0.6414833383828505
0.86,0.375,2,0.6041486970378709
0.86,0.390625,2,0.5609957734791442
0.86,0.40625,2,0.5124401539503289
0.86,0.421875,2,0.4589494556106879
0.86,0.4375,2,0.401038823126224
0.86,0.453125,2,0.33926596754493366
0.86,0.46875,2,0.27422579523454244
0.86,0.484375,2,0.20654467860897427
0.86,0.5,2,0.13687442381959392
0.86,0.515625,2,0.065885993505661
0.86,0.53125,2,-0.005736954942679149
0.86,0.546875,2,-0.07730465337878273
0.86,0.5625,2,-0.14812786574382647
0.86,0.578125,2,-0.2175245257868289
0.86,0.59375,2,-0.28482630573550394
0.86,0.609375,2,-0.3493850526580479
0.86,0.625,2,-0.41057903053019723
0.86,0.640625,2,-0.46781890789301184
0.86,0.65625,2,-0.5205534334369881
0.86,0.671875,2,-0.5682747448535145
0.86,0.6875,2,-0.6105232598265252
0.86,0.703125,2,-0.646892102061444
0.86,0.71875,2,-0.6770310197263169
0.86,0.734375,2,-0.7006497585684228
0.86,0.75,2,-0.7175208572213966
0.86,0.765625,2,-0.727481837782529
0.86,0.78125,2,-0.7304367705637904
0.86,0.796875,2,-0.726357197947167
0.86,0.8125,2,-0.715282408447078
0.86,0.828125,2,-0.6973190583405049
0.86,0.84375,2,-0.6726401445087403
0.86,0.859375,2,-0.6414833383828505
0.86,0.875,2,-0.6041486970378709
0.86,0.890625,2,-0.5609957734791443
0.86,0.90625,2,-0.5124401539503289
0.86,0.921875,2,-0.45894945561068895
0.86,0.9375,2,-0.4010388231262252
0.86,0.953125,2,-0.3392659675449349
0.86,0.96875,2,-0.2742257952345413
0.86,0.984375,2,-0.2065446786089731
0.86,1.0,2,-0.136874423819594
0.87,0.0,2,-0.0421944447431436
0.87,0.015625,2,0.02374505482516772
0.87,0.03125,2,0.08945587653514533
0.87,0.046875,2,0.1543051892525331
0.87,0.0625,2,0.21766845864562331
0.87,0.078125,2,0.27893546179227185
0.87,0.09375,2,0.3375161639602268
0.87,0.109375,2,0.39284640096414164
0.87,0.125,2,0.44439331237508434
0.87,0.140625,2,0.49166047325775936
0.87,0.15625,2,0.5341926750140089
0.87,0.171875,2,0.5715803092904521
0.87,0.1875,2,0.603463312730848
0.87,0.203125,2,0.6295346345830425
0.87,0.21875,2,0.6495431937655652
0.87,0.234375,2,0.6632962969156974
0.87,0.25,2,0.6706614941318919
0.87,0.265625,2,0.6715678545387306
0.87,0.28125,2,0.6660066493900285
0.87,0.296875,2,0.654031436131432
0.87,0.3125,2,0.6357575426129386
0.87,0.328125,2,0.6113609564186577
0.87,0.34375,2,0.5810766300101704
0.87,0.359375,2,0.5451962180058882
0.87,0.375,2,0.5040652683876402
0.87,0.390625,2,0.4580798946847145
0.87,0.40625,2,0.40768296118403247
0.87,0.421875,2,0.3533598179049709
0.87,0.4375,2,0.29563362641336
0.87,0.453125,2,0.23506032148960915
0.87,0.46875,2,0.17222325717287085
0.87,0.484375,2,0.10772758874274876
0.87,0.5,2,0.04219444474314249
0.87,0.515625,2,-0.02374505482516883
0.87,0.53125,2,-0.08945587653514644
0.87,0.546875,2,-0.15430518925253417
0.87,0.5625,2,-0.21766845864562323
0.87,0.578125,2,-0.2789354617922718
0.87,0.59375,2,-0.33751616396022777
0.87,0.609375,2,-0.3928464009641426
0.87,0.625,2,-0.44439331237508517
0.87,0.640625,2,-0.4916604732577602
0.87,0.65625,2,-0.5341926750140088
0.87,0.671875,2,-0.5715803092904528
0.87,0.6875,2,-0.6034633127308484
0.87,0.703125,2,-0.6295346345830429
0.87,0.71875,2,-0.6495431937655655
0.87,0.734375,2,-0.6632962969156974
0.87,0.75,2,-0.6706614941318919
0.87,0.765625,2,-0.6715678545387306
0.87,0.78125,2,-0.6660066493900286
0.87,0.796875,2,-0.654031436131432
0.87,0.8125,2,-0.6357575426129382
0.87,0.828125,2,-0.6113609564186573
0.87,0.84375,2,-0.5810766300101704
0.87,0.859375,2,-0.5451962180058882
0.87,0.875,2,-0.5040652683876403
0.87,0.890625,2,-0.45807989468471455
0.87,0.90625,2,-0.4076829611840325
0.87,0.921875,2,-0.353359817904972
0.87,0.9375,2,-0.2956336264133611
0.87,0.953125,2,-0.23506032148961034
0.87,0.96875,2,-0.17222325717286976
0.87,0.984375,2,-0.10772758874274768
0.87,1.0,2,-0.04219444474314257
0.88,0.0,2,0.038042051427946644
0.88,0.015625,2,0.09712601969543157
0.88,0.03125,2,0.15527461129876738
0.88,0.046875,2,0.21192782351355824
0.88,0.0625,2,0.26654005493638067
0.88,0.078125,2,0.31858535992455056
0.88,0.09375,2,0.36756251374017385
0.88,0.109375,2,0.4129998396183714
0.88,0.125,2,0.45445975127236543
0.88,0.140625,2,0.4915429670886358
0.88,0.15625,2,0.523892355427124
0.88,0.171875,2,0.5511963739941559
0.88,0.1875,2,0.573192070165036
0.88,0.203125,2,0.5896676133615687
0.88,0.21875,2,0.6004643350963224
0.88,0.234375,2,0.6054782570369035
0.88,0.25,2,0.6046610923741356
0.88,0.265625,2,0.5980207108504287
0.88,0.28125,2,0.585621062969858
0.88,0.296875,2,0.5675815641198505
0.88,0.3125,2,0.5440759445357248
0.88,0.328125,2,0.5153305761835548
0.88,0.34375,2,0.48162229267438805
0.88,0.359375,2,0.44327572320524117
0.88,0.375,2,0.40066016620246864
0.88,0.390625,2,0.3541860327760403
0.88,0.40625,2,0.30430089423619827
0.88,0.421875,2,0.2514851717370709
0.88,0.4375,2,0.19624750955833745
0.88,0.453125,2,0.1391198765827559
0.88,0.46875,2,0.08065244314502197
0.88,0.484375,2,0.02140828259069126
0.88,0.5,2,-0.03804205142794549
0.88,0.515625,2,-0.0971260196954315
0.88,0.53125,2,-0.15527461129876627
0.88,0.546875,2,-0.21192782351355716
0.88,0.5625,2,-0.26654005493637967
0.88,0.578125,2,-0.3185853599245495
0.88,0.59375,2,-0.3675625137401738
0.88,0.609375,2,-0.4129998396183705
0.88,0.625,2,-0.4544597512723647
0.88,0.640625,2,-0.49154296708863515
0.88,0.65625,2,-0.5238923554271234
0.88,0.671875,2,-0.5511963739941559
0.88,0.6875,2,-0.573192070165036
0.88,0.703125,2,-0.5896676133615684
0.88,0.71875,2,-0.6004643350963222
0.88,0.734375,2,-0.6054782570369035
0.88,0.75,2,-0.6046610923741356
0.88,0.765625,2,-0.5980207108504287
0.88,0.78125,2,-0.585621062969858
0.88,0.796875,2,-0.5675815641198505
0.88,0.8125,2,-0.5440759445357248
0.88,0.828125,2,-0.5153305761835548
0.88,0.84375,2,-0.4816222926743887
0.88,0.859375,2,-0.44327572320524194
0.88,0.875,2,-0.40066016620246947
0.88,0.890625,2,-0.3541860327760395
0.88,0.90625,2,-0.30430089423619744
0.88,0.921875,2,-0.25148517173707097
0.88,0.9375,2,-0.1962475095583375
0.88,0.953125,2,-0.13911987658275596
0.88,0.96875,2,-0.08065244314502203
0.88,0.984375,2,-0.021408282590691333
0.88,1.0,2,0.038042051427945416
0.89,0.0,2,0.09962339895493351
0.89,0.015625,2,0.15033256283293062
0.89,0.03125,2,0.19959394195070834
0.89,0.046875,2,0.24693312229835343
0.89,0.0625,2,0.29189420169088975
0.89,0.078125,2,0.33404418035554173
0.89,0.09375,2,0.3729771309562452
0.89,0.109375,2,0.4083181078958003
0.89,0.125,2,0.43972675824693624
0.89,0.140625,2,0.4669005995370565
0.89,0.15625,2,0.489577932819805
0.89,0.171875,2,0.5075403629789768
0.89,0.1875,2,0.5206149019928762
0.89,0.203125,2,0.5286756349035294
0.89,0.21875,2,0.5316449324465619
0.89,0.234375,2,0.5294941986634513
0.89,0.25,2,0.5222441462962393
0.89,0.265625,2,0.509964597312504
0.89,0.28125,2,0.49277381048164337
0.89,0.296875,2,0.4708373424782784
0.89,0.3125,2,0.44436645348097487
0.89,0.328125,2,0.41361607262123645
0.89,0.34375,2,0.37888234287661
0.89,0.359375,2,0.34049976905192564
0.89,0.375,2,0.2988379963151635
0.89,0.390625,2,0.25429825031242037
0.89,0.40625,2,0.20730947314560447
0.89,0.421875,2,0.15832419242550977
0.89,0.4375,2,0.10781416318355092
0.89,0.453125,2,0.05626582461291772
0.89,0.46875,2,0.004175615393233671
0.89,0.484375,2,-0.04795480728531078
0.89,0.5,2,-0.09962339895493344
0.89,0.515625,2,-0.15033256283293148
0.89,0.53125,2,-0.19959394195070917
0.89,0.546875,2,-0.2469331222983542
0.89,0.5625,2,-0.2918942016908905
0.89,0.578125,2,-0.3340441803555417
0.89,0.59375,2,-0.3729771309562458
0.89,0.609375,2,-0.4083181078958009
0.89,0.625,2,-0.4397267582469367
0.89,0.640625,2,-0.4669005995370569
0.89,0.65625,2,-0.489577932819805
0.89,0.671875,2,-0.507540362978977
0.89,0.6875,2,-0.5206149019928764
0.89,0.703125,2,-0.5286756349035294
0.89,0.71875,2,-0.5316449324465619
0.89,0.734375,2,-0.5294941986634513
0.89,0.75,2,-0.5222441462962393
0.89,0.765625,2,-0.509964597312504
0.89,0.78125,2,-0.49277381048164337
0.89,0.796875,2,-0.47083734247827846
0.89,0.8125,2,-0.44436645348097487
0.89,0.828125,2,-0.41361607262123645
0.89,0.84375,2,-0.3788823428766107
0.89,0.859375,2,-0.3404997690519264
0.89,0.875,2,-0.29883799631516433
0.89,0.890625,2,-0.2542982503124196
0.89,0.90625,2,-0.20730947314560366
0.89,0.921875,2,-0.15832419242550982
0.89,0.9375,2,-0.10781416318355097
0.89,0.953125,2,-0.05626582461291778
0.89,0.96875,2,-0.004175615393233735
0.89,0.984375,2,0.04795480728531072
0.89,1.0,2,0.09962339895493338
0.9,0.0,2,0.1388502859771122
0.9,0.015625,2,0.18006805804941928
0.9,0.03125,2,0.21955167628749772
0.9,0.046875,2,0.2569208918637722
0.9,0.0625,2,0.2918158188041526
0.9,0.078125,2,0.3239003998866957
0.9,0.09375,2,0.35286564305636053
0.9,0.109375,2,0.37843259718741057
0.9,0.125,2,0.4003550385352454
0.9,0.140625,2,0.4184218420056592
0.9,0.15625,2,0.4324590144049127
0.9,0.171875,2,0.4423313700893023
0.9,0.1875,2,0.44794383287680867
0.9,0.203125,2,0.44924235168270393
0.9,0.21875,2,0.44621442106104464
0.9,0.234375,2,0.4388892016389527
0.9,0.25,2,0.42733723928383505
0.9,0.265625,2,0.4116697857081162
0.9,0.28125,2,0.39203772705443213
0.9,0.296875,2,0.36863013077959256
0.9,0.3125,2,0.34167242483161797
0.9,0.328125,2,0.31142422665536834
0.9,0.34375,2,0.2781768429346282
0.9,0.359375,2,0.2422504641494962
0.9,0.375,2,0.20399108096703084
0.9,0.390625,2,0.16376715216198495
0.9,0.40625,2,0.1219660561573873
0.9,0.421875,2,0.07899036035856567
0.9,0.4375,2,0.03525394420896693
0.9,0.453125,2,-0.008821986695129617
0.9,0.46875,2,-0.05281295704476358
0.9,0.484375,2,-0.09629530974755743
0.9,0.5,2,-0.13885028597711135
0.9,0.515625,2,-0.18006805804941922
0.9,0.53125,2,-0.21955167628749697
0.9,0.546875,2,-0.2569208918637715
0.9,0.5625,2,-0.29181581880415197
0.9,0.578125,2,-0.3239003998866951
0.9,0.59375,2,-0.35286564305636003
0.9,0.609375,2,-0.37843259718741057
0.9,0.625,2,-0.40035503853524507
0.9,0.640625,2,-0.41842184200565885
0.9,0.65625,2,-0.4324590144049125
0.9,0.671875,2,-0.4423313700893022
0.9,0.6875,2,-0.44794383287680867
0.9,0.703125,2,-0.44924235168270393
0.9,0.71875,2,-0.44621442106104464
0.9,0.734375,2,-0.4388892016389527
0.9,0.75,2,-0.42733723928383505
0.9,0.765625,2,-0.41166978570811646
0.9,0.78125,2,-0.3920377270544325
0.9,0.796875,2,-0.36863013077959306
0.9,0.8125,2,-0.34167242483161747
0.9,0.828125,2,-0.31142422665536784
0.9,0.84375,2,-0.2781768429346276
0.9,0.859375,2,-0.24225046414949625
0.9,0.875,2,-0.2039910809670309
0.9,0.890625,2,-0.163767152161985
0.9,0.90625,2,-0.12196605615738736
0.9,0.921875,2,-0.07899036035856571
0.9,0.9375,2,-0.03525394420896778
0.9,0.953125,2,0.008821986695128766
0.9,0.96875,2,0.052812957044762736
0.9,0.984375,2,0.09629530974755815
0.9,1.0,2,0.13885028597711208
0.91,0.0,2,0.1530774640303143
0.91,0.015625,2,0.18422593470946794
0.91,0.03125,2,0.21360020892922935
0.91,0.046875,2,0.24091739637125062
0.91,0.0625,2,0.2659144175873714
0.91,0.078125,2,0.288350537598519
0.91,0.09375,2,0.30800968430415454
0.91,0.109375,2,0.3247025293747204
0.91,0.125,2,0.3382683115869497
0.91,0.140625,2,0.34857638504232774
0.91,0.15625,2,0.3555274773585131
0.91,0.171875,2,0.3590546457166474
0.91,0.1875,2,0.3591239215572952
0.91,0.203125,2,0.35573463771624125
0.91,0.21875,2,0.3489194348496459
0.91,0.234375,2,0.33874394708668326
0.91,0.25,2,0.32530616993699807
0.91,0.265625,2,0.30873551654037784
0.91,0.28125,2,0.2891915713474731
0.91,0.296875,2,0.26686255323429847
0.91,0.3125,2,0.24196350285156668
0.91,0.328125,2,0.21473421166566903
0.91,0.34375,2,0.18543691263576975
0.91,0.359375,2,0.1543537547670607
0.91,0.375,2,0.12178408586159944
0.91,0.390625,2,0.08804156963533773
0.91,0.40625,2,0.05345116496507007
0.91,0.421875,2,0.018345996356809818
0.91,0.4375,2,-0.01693585422530891
0.91,0.453125,2,-0.05205460327315762
0.91,0.46875,2,-0.08667203803554512
0.91,0.484375,2,-0.12045477369189483
0.91,0.5,2,-0.15307746403031425
0.91,0.515625,2,-0.1842259347094684
0.91,0.53125,2,-0.21360020892922982
0.91,0.546875,2,-0.24091739637125104
0.91,0.5625,2,-0.2659144175873718
0.91,0.578125,2,-0.288350537598519
0.91,0.59375,2,-0.3080096843041548
0.91,0.609375,2,-0.32470252937472066
0.91,0.625,2,-0.33826831158694987
0.91,0.640625,2,-0.34857638504232785
0.91,0.65625,2,-0.3555274773585132
0.91,0.671875,2,-0.3590546457166474
0.91,0.6875,2,-0.3591239215572952
0.91,0.703125,2,-0.35573463771624125
0.91,0.71875,2,-0.3489194348496459
0.91,0.734375,2,-0.33874394708668326
0.91,0.75,2,-0.3253061699369981
0.91,0.765625,2,-0.30873551654037823
0.91,0.78125,2,-0.2891915713474735
0.91,0.796875,2,-0.26686255323429886
0.91,0.8125,2,-0.24196350285156626
0.91,0.828125,2,-0.21473421166566853
0.91,0.84375,2,-0.18543691263576978
0.91,0.859375,2,-0.15435375476706073
0.91,0.875,2,-0.12178408586159947
0.91,0.890625,2,-0.08804156963533775
0.91,0.90625,2,-0.053451164965070116
0.91,0.921875,2,-0.018345996356809863
0.91,0.9375,2,0.01693585422530823
0.91,0.953125,2,0.052054603273156946
0.91,0.96875,2,0.0866720380355457
0.91,0.984375,2,0.12045477369189539
0.91,1.0,2,0.1530774640303148
0.92,0.0,2,0.14167650049640215
0.92,0.015625,2,0.16287626730155758
0.92,0.03125,2,0.18250744661537438
0.92,0.046875,2,0.20038097944956657
0.92,0.0625,2,0.2163247339122733
0.92,0.078125,2,0.23018516293227628
0.92,0.09375,2,0.2418287830012317
0.92,0.109375,2,0.25114345969282525
0.92,0.125,2,0.25803948757859685
0.92,0.140625,2,0.2624504541402539
0.92,0.15625,2,0.26433387935852826
0.92,0.171875,2,0.26367162481898293
0.92,0.1875,2,0.2604700683948588
0.92,0.203125,2,0.2547600428246692
0.92,0.21875,2,0.2465965387760723
0.92,0.234375,2,0.23605817525568146
0.92,0.25,2,0.2232464424650535
0.92,0.265625,2,0.20828472439456783
0.92,0.28125,2,0.19131711056814982
0.92,0.296875,2,0.17250700838238978
0.92,0.3125,2,0.15203556940398408
0.92,0.328125,2,0.13009994478112166
0.92,0.34375,2,0.1069113865701529
0.92,0.359375,2,0.08269321326280427
0.92,0.375,2,0.05767865910702662
0.92,0.390625,2,0.03210862793368597
0.92,0.40625,2,0.00622937312098245
0.92,0.421875,2,-0.01970987396019787
0.92,0.4375,2,-0.045459304180628844
0.92,0.453125,2,-0.07077093645121642
0.92,0.46875,2,-0.09540100591644961
0.92,0.484375,2,-0.11911231154321268
0.92,0.5,2,-0.14167650049640174
0.92,0.515625,2,-0.16287626730155716
0.92,0.53125,2,-0.18250744661537435
0.92,0.546875,2,-0.20038097944956623
0.92,0.5625,2,-0.216324733912273
0.92,0.578125,2,-0.23018516293227606
0.92,0.59375,2,-0.24182878300123148
0.92,0.609375,2,-0.25114345969282525
0.92,0.625,2,-0.25803948757859674
0.92,0.640625,2,-0.26245045414025386
0.92,0.65625,2,-0.26433387935852826
0.92,0.671875,2,-0.26367162481898293
0.92,0.6875,2,-0.26047006839485887
0.92,0.703125,2,-0.2547600428246692
0.92,0.71875,2,-0.24659653877607246
0.92,0.734375,2,-0.23605817525568126
0.92,0.75,2,-0.2232464424650533
0.92,0.765625,2,-0.20828472439456755
0.92,0.78125,2,-0.19131711056814985
0.92,0.796875,2,-0.1725070083823898
0.92,0.8125,2,-0.1520355694039841
0.92,0.828125,2,-0.1300999447811217
0.92,0.84375,2,-0.10691138657015292
0.92,0.859375,2,-0.08269321326280472
0.92,0.875,2,-0.05767865910702711
0.92,0.890625,2,-0.03210862793368646
0.92,0.90625,2,-0.0062293731209820125
0.92,0.921875,2,0.019709873960198306
0.92,0.9375,2,0.045459304180628816
0.92,0.953125,2,0.07077093645121638
0.92,0.96875,2,0.09540100591644958
0.92,0.984375,2,0.11911231154321264
0.92,1.0,2,0.1416765004964017
0.93,0.0,2,0.10773314182678825
0.93,0.015625,2,0.11997885521321784
0.93,0.03125,2,0.1310691066368303
0.93,0.046875,2,0.14089709091386812
0.93,0.0625,2,0.14936815918322077
0.93,0.078125,2,0.15640073042669742
0.93,0.09375,2,0.16192707713882892
0.93,0.109375,2,0.16589397757976893
0.93,0.125,2,0.16826322832974286
0.93,0.140625,2,0.1690120122088643
0.93,0.15625,2,0.16813311801905037
0.93,0.171875,2,0.16563500999180142
0.93,0.1875,2,0.16154174627302456
0.93,0.203125,2,0.1558927472299373
0.93,0.21875,2,0.1487424158113815
0.93,0.234375,2,0.14015961361768664
0.93,0.25,2,0.1302269977258149
0.93,0.265625,2,0.11904022465652499
0.93,0.28125,2,0.10670702914978675
0.93,0.296875,2,0.09334618662034036
0.93,0.3125,2,0.07908636928552387
0.93,0.328125,2,0.06406490698148064
0.93,0.34375,2,0.0484264646017652
0.93,0.359375,2,0.0323216488953361
0.93,0.375,2,0.015905558041234627
0.93,0.390625,2,-0.000663712031666405
0.93,0.40625,2,-0.017226590194880584
0.93,0.421875,2,-0.033623566877505964
0.93,0.4375,2,-0.04969673023058991
0.93,0.453125,2,-0.0652912869045568
0.93,0.46875,2,-0.08025705279378477
0.93,0.484375,2,-0.09444989939164077
0.93,0.5,2,-0.10773314182678825
0.93,0.515625,2,-0.11997885521321802
0.93,0.53125,2,-0.13106910663683047
0.93,0.546875,2,-0.1408970909138683
0.93,0.5625,2,-0.1493681591832209
0.93,0.578125,2,-0.15640073042669753
0.93,0.59375,2,-0.16192707713882892
0.93,0.609375,2,-0.16589397757976898
0.93,0.625,2,-0.16826322832974291
0.93,0.640625,2,-0.1690120122088643
0.93,0.65625,2,-0.16813311801905037
0.93,0.671875,2,-0.16563500999180142
0.93,0.6875,2,-0.16154174627302464
0.93,0.703125,2,-0.15589274722993743
0.93,0.71875,2,-0.14874241581138167
0.93,0.734375,2,-0.1401596136176865
0.93,0.75,2,-0.13022699772581472
0.93,0.765625,2,-0.11904022465652499
0.93,0.78125,2,-0.10670702914978678
0.93,0.796875,2,-0.09334618662034039
0.93,0.8125,2,-0.07908636928552389
0.93,0.828125,2,-0.06406490698148067
0.93,0.84375,2,-0.048426464601765216
0.93,0.859375,2,-0.03232164889533641
0.93,0.875,2,-0.015905558041234946
0.93,0.890625,2,0.0006637120316666845
0.93,0.90625,2,0.017226590194880865
0.93,0.921875,2,0.033623566877506235
0.93,0.9375,2,0.04969673023058989
0.93,0.953125,2,0.06529128690455678
0.93,0.96875,2,0.08025705279378476
0.93,0.984375,2,0.09444989939164075
0.93,1.0,2,0.10773314182678824
0.9400000000000001,0.0,2,0.06071924168922589
0.9400000000000001,0.015625,2,0.06601571727018292
0.9400000000000001,0.03125,2,0.07067642540596615
0.9400000000000001,0.046875,2,0.07465648092942581
0.9400000000000001,0.0625,2,0.07791755373015119
0.9400000000000001,0.078125,2,0.08042823789438765
0.9400000000000001,0.09375,2,0.082164354161154
0.9400000000000001,0.109375,2,0.08310918278174363
0.9400000000000001,0.125,2,0.08325362454004438
0.9400000000000001,0.140625,2,0.08259628838296391
0.9400000000000001,0.15625,2,0.08114350481703139
0.9400000000000001,0.171875,2,0.07890926494215907
0.9400000000000001,0.1875,2,0.07591508570970168
0.9400000000000001,0.203125,2,0.0721898027024526
0.9400000000000001,0.21875,2,0.06776929243221862
0.9400000000000001,0.234375,2,0.06269612682939872
0.9400000000000001,0.25,2,0.0570191632520225
0.9400000000000001,0.265625,2,0.05079307396268406
0.9400000000000001,0.28125,2,0.0440778196047662
0.9400000000000001,0.296875,2,0.036938071748667374
0.9400000000000001,0.3125,2,0.029442590069224877
0.9400000000000001,0.328125,2,0.021663560152458825
0.9400000000000001,0.34375,2,0.013675898308917986
0.9400000000000001,0.359375,2,0.005556530088655637
0.9400000000000001,0.375,2,-0.0026163505538686414
0.9400000000000001,0.390625,2,-0.010764034310316467
0.9400000000000001,0.40625,2,-0.018808054532136242
0.9400000000000001,0.421875,2,-0.0266709429072831
0.9400000000000001,0.4375,2,-0.03427697552241236
0.9400000000000001,0.453125,2,-0.04155290212556007
0.9400000000000001,0.46875,2,-0.04842865156611162
0.9400000000000001,0.484375,2,-0.05483800661828764
0.9400000000000001,0.5,2,-0.06071924168922579
0.9400000000000001,0.515625,2,-0.06601571727018282
0.9400000000000001,0.53125,2,-0.07067642540596614
0.9400000000000001,0.546875,2,-0.07465648092942574
0.9400000000000001,0.5625,2,-0.07791755373015113
0.9400000000000001,0.578125,2,-0.0804282378943876
0.9400000000000001,0.59375,2,-0.08216435416115399
0.9400000000000001,0.609375,2,-0.08310918278174363
0.9400000000000001,0.625,2,-0.08325362454004438
0.9400000000000001,0.640625,2,-0.08259628838296391
0.9400000000000001,0.65625,2,-0.08114350481703139
0.9400000000000001,0.671875,2,-0.07890926494215901
0.9400000000000001,0.6875,2,-0.07591508570970162
0.9400000000000001,0.703125,2,-0.07218980270245261
0.9400000000000001,0.71875,2,-0.06776929243221862
0.9400000000000001,0.734375,2,-0.06269612682939872
0.9400000000000001,0.75,2,-0.05701916325202251
0.9400000000000001,0.765625,2,-0.050793073962684065
0.9400000000000001,0.78125,2,-0.04407781960476634
0.9400000000000001,0.796875,2,-0.03693807174866752
0.9400000000000001,0.8125,2,-0.029442590069225023
0.9400000000000001,0.828125,2,-0.02166356015245869
0.9400000000000001,0.84375,2,-0.013675898308917848
0.9400000000000001,0.859375,2,-0.005556530088655647
0.9400000000000001,0.875,2,0.002616350553868631
0.9400000000000001,0.890625,2,0.010764034310316459
0.9400000000000001,0.90625,2,0.018808054532136236
0.9400000000000001,0.921875,2,0.026670942907283092
0.9400000000000001,0.9375,2,0.034276975522412344
0.9400000000000001,0.953125,2,0.04155290212555994
0.9400000000000001,0.96875,2,0.048428651566111494
0.9400000000000001,0.984375,2,0.05483800661828774
0.9400000000000001,1.0,2,0.060719241689225885
0.9500000000000001,0.0,2,0.018748505472924046
0.9500000000000001,0.015625,2,0.019993375256203764
0.9500000000000001,0.03125,2,0.021045697906275543
0.9500000000000001,0.046875,2,0.021895338980761143
0.9500000000000001,0.0625,2,0.022534115971652207
0.9500000000000001,0.078125,2,0.02295587710733544
0.9500000000000001,0.09375,2,0.023156560597516116
0.9500000000000001,0.109375,2,0.02313423375047903
0.9500000000000001,0.125,2,0.022889111585966262
0.9500000000000001,0.140625,2,0.022423554764419467
0.9500000000000001,0.15625,2,0.021742046852529392
0.9500000000000001,0.171875,2,0.020851151144037655
0.9500000000000001,0.1875,2,0.01975944745163015
0.9500000000000001,0.203125,2,0.018477449478650737
0.9500000000000001,0.21875,2,0.017017503566390573
0.9500000000000001,0.234375,2,0.015393669792072342
0.9500000000000001,0.25,2,0.013621586562620564
0.9500000000000001,0.265625,2,0.011718320008254087
0.9500000000000001,0.28125,2,0.009702199626322763
0.9500000000000001,0.296875,2,0.007592641758228164
0.9500000000000001,0.3125,2,0.005409962599441647
0.9500000000000001,0.328125,2,0.0031751825434361233
0.9500000000000001,0.34375,2,0.0009098237438059712
0.9500000000000001,0.359375,2,-0.0013642971558373235
0.9500000000000001,0.375,2,-0.003625279128069175
0.9500000000000001,0.390625,2,-0.0058513476805185614
0.9500000000000001,0.40625,2,-0.00802106455613254
0.9500000000000001,0.421875,2,-0.010113534195311056
0.9500000000000001,0.4375,2,-0.012108604971568595
0.9500000000000001,0.453125,2,-0.013987063262713102
0.9500000000000001,0.46875,2,-0.015730818488531136
0.9500000000000001,0.484375,2,-0.0173230773329645
0.9500000000000001,0.5,2,-0.01874850547292407
0.9500000000000001,0.515625,2,-0.019993375256203764
0.9500000000000001,0.53125,2,-0.021045697906275557
0.9500000000000001,0.546875,2,-0.021895338980761153
0.9500000000000001,0.5625,2,-0.022534115971652217
0.9500000000000001,0.578125,2,-0.022955877107335446
0.9500000000000001,0.59375,2,-0.023156560597516116
0.9500000000000001,0.609375,2,-0.02313423375047903
0.9500000000000001,0.625,2,-0.022889111585966262
0.9500000000000001,0.640625,2,-0.022423554764419467
0.9500000000000001,0.65625,2,-0.021742046852529378
0.9500000000000001,0.671875,2,-0.020851151144037638
0.9500000000000001,0.6875,2,-0.019759447451630153
0.9500000000000001,0.703125,2,-0.01847744947865074
0.9500000000000001,0.71875,2,-0.017017503566390577
0.9500000000000001,0.734375,2,-0.015393669792072346
0.9500000000000001,0.75,2,-0.013621586562620566
0.9500000000000001,0.765625,2,-0.01171832000825409
0.9500000000000001,0.78125,2,-0.009702199626322803
0.9500000000000001,0.796875,2,-0.007592641758228206
0.9500000000000001,0.8125,2,-0.00540996259944161
0.9500000000000001,0.828125,2,-0.0031751825434360855
0.9500000000000001,0.84375,2,-0.0009098237438059329
0.9500000000000001,0.859375,2,0.0013642971558373207
0.9500000000000001,0.875,2,0.0036252791280691724
0.9500000000000001,0.890625,2,0.005851347680518559
0.9500000000000001,0.90625,2,0.008021064556132537
0.9500000000000001,0.921875,2,0.010113534195311054
0.9500000000000001,0.9375,2,0.012108604971568557
0.9500000000000001,0.953125,2,0.013987063262713068
0.9500000000000001,0.96875,2,0.0157308184885311
0.9500000000000001,0.984375,2,0.017323077332964523
0.9500000000000001,1.0,2,0.018748505472924094
0.96,0.0,2,0.0010172423945467685
0.96,0.015625,2,0.0010671585862303417
0.96,0.03125,2,0.0011067974573602936
0.96,0.046875,2,0.0011357772639388301
0.96,0.0625,2,0.0011538189145866272
0.96,0.078125,2,0.0011607486583453766
0.96,0.09375,2,0.0011564997579944986
0.96,0.109375,2,0.0011411131327670576
0.96,0.125,2,0.0011147369642751778
0.96,0.140625,2,0.0010776252694401176
0.96,0.15625,2,0.0010301354541704542
0.96,0.171875,2,0.000972724871347808
0.96,0.1875,2,0.0009059464162685784
0.96,0.203125,2,0.0008304432019599935
0.96,0.21875,2,0.0007469423656501033
0.96,0.234375,2,0.000656248066038771
0.96,0.25,2,0.0005592337388098009
0.96,0.265625,2,0.00045683368496783394
0.96,0.28125,2,0.00035003407300892984
0.96,0.296875,2,0.00023986344157886328
0.96,0.3125,2,0.00012738279408369718
0.96,0.328125,2,1.367538064698659e-05
0.96,0.34375,2,-0.00010016373418107799
0.96,0.359375,2,-0.00021303821749391193
0.96,0.375,2,-0.0003238610263137456
0.96,0.390625,2,-0.00043156487640973017
0.96,0.40625,2,-0.0005351125208285301
0.96,0.421875,2,-0.0006335067391494915
0.96,0.4375,2,-0.0007257999412624332
0.96,0.453125,2,-0.000811103293178412
0.96,0.46875,2,-0.0008885952769869189
0.96,0.484375,2,-0.0009575296025224519
0.96,0.5,2,-0.0010172423945467683
0.96,0.515625,2,-0.0010671585862303417
0.96,0.53125,2,-0.0011067974573602936
0.96,0.546875,2,-0.0011357772639388301
0.96,0.5625,2,-0.0011538189145866272
0.96,0.578125,2,-0.0011607486583453766
0.96,0.59375,2,-0.0011564997579944986
0.96,0.609375,2,-0.0011411131327670576
0.96,0.625,2,-0.0011147369642751778
0.96,0.640625,2,-0.0010776252694401176
0.96,0.65625,2,-0.0010301354541704542
0.96,0.671875,2,-0.000972724871347808
0.96,0.6875,2,-0.0009059464162685786
0.96,0.703125,2,-0.0008304432019599951
0.96,0.71875,2,-0.000746942365650105
0.96,0.734375,2,-0.0006562480660387728
0.96,0.75,2,-0.0005592337388097993
0.96,0.765625,2,-0.0004568336849678322
0.96,0.78125,2,-0.00035003407300893
0.96,0.796875,2,-0.00023986344157886342
0.96,0.8125,2,-0.00012738279408369734
0.96,0.828125,2,-1.3675380646986735e-05
0.96,0.84375,2,0.00010016373418107784
0.96,0.859375,2,0.0002130382174939118
0.96,0.875,2,0.0003238610263137435
0.96,0.890625,2,0.0004315648764097282
0.96,0.90625,2,0.0005351125208285317
0.96,0.921875,2,0.0006335067391494933
0.96,0.9375,2,0.0007257999412624346
0.96,0.953125,2,0.0008111032931784119
0.96,0.96875,2,0.0008885952769869188
0.96,0.984375,2,0.0009575296025224518
0.96,1.0,2,0.0010172423945467683
0.97,0.0,2,3.320883565479002e-10
0.97,0.015625,2,3.433768560172799e-10
0.97,0.03125,2,3.5135844865432985e-10
0.97,0.046875,2,3.559562673587729e-10
0.97,0.0625,2,3.571260326230618e-10
0.97,0.078125,2,3.548564789682428e-10
0.97,0.09375,2,3.49169463436676e-10
0.97,0.109375,2,3.4011975509676923e-10
0.97,0.125,2,3.277945075869098e-10
0.97,0.140625,2,3.1231241977828314e-10
0.97,0.15625,2,2.9382259263985643e-10
0.97,0.171875,2,2.7250309331454007e-10
0.97,0.1875,2,2.4855924023526133e-10
0.97,0.203125,2,2.2222162579621496e-10
0.97,0.21875,2,1.9374389562205344e-10
0.97,0.234375,2,1.6340030582186483e-10
0.97,0.25,2,1.314830817529179e-10
0.97,0.265625,2,9.829960373072712e-11
0.97,0.28125,2,6.416944678858001e-11
0.97,0.296875,2,2.942130299527104e-11
0.97,0.3125,2,-5.61018402920262e-12
0.97,0.328125,2,-4.0587641914637133e-11
0.97,0.34375,2,-7.517421862097107e-11
0.97,0.359375,2,-1.09036826507577e-10
0.97,0.375,2,-1.4184935014932247e-10
0.97,0.390625,2,-1.7329578700638748e-10
0.97,0.40625,2,-2.030732907014675e-10
0.97,0.421875,2,-2.3089508759594004e-10
0.97,0.4375,2,-2.564932385767691e-10
0.97,0.453125,2,-2.79621219456637e-10
0.97,0.46875,2,-3.000562951366303e-10
0.97,0.484375,2,-3.17601664667002e-10
0.97,0.5,2,-3.320883565479002e-10
0.97,0.515625,2,-3.433768560172799e-10
0.97,0.53125,2,-3.5135844865432985e-10
0.97,0.546875,2,-3.559562673587729e-10
0.97,0.5625,2,-3.571260326230618e-10
0.97,0.578125,2,-3.548564789682428e-10
0.97,0.59375,2,-3.49169463436676e-10
0.97,0.609375,2,-3.401197550967693e-10
0.97,0.625,2,-3.277945075869098e-10
0.97,0.640625,2,-3.1231241977828314e-10
0.97,0.65625,2,-2.9382259263985643e-10
0.97,0.671875,2,-2.725030933145405e-10
0.97,0.6875,2,-2.4855924023526184e-10
0.97,0.703125,2,-2.2222162579621447e-10
0.97,0.71875,2,-1.9374389562205293e-10
0.97,0.734375,2,-1.6340030582186434e-10
0.97,0.75,2,-1.3148308175291792e-10
0.97,0.765625,2,-9.829960373072716e-11
0.97,0.78125,2,-6.416944678858005e-11
0.97,0.796875,2,-2.942130299527108e-11
0.97,0.8125,2,5.6101840292025744e-12
0.97,0.828125,2,4.058764191463646e-11
0.97,0.84375,2,7.517421862097041e-11
0.97,0.859375,2,1.0903682650757635e-10
0.97,0.875,2,1.41849350149323e-10
0.97,0.890625,2,1.73295787006388e-10
0.97,0.90625,2,2.0307329070146795e-10
0.97,0.921875,2,2.3089508759593998e-10
0.97,0.9375,2,2.5649323857676903e-10
0.97,0.953125,2,2.79621219456637e-10
0.97,0.96875,2,3.000562951366303e-10
0.97,0.984375,2,3.1760166466700194e-10
0.97,1.0,2,3.320883565478999e-10
0.98,0.0,2,0.0
0.98,0.015625,2,0.0
0.98,0.03125,2,0.0
0.98,0.046875,2,0.0
0.98,0.0625,2,0.0
0.98,0.078125,2,0.0
0.98,0.09375,2,0.0
0.98,0.109375,2,0.0
0.98,0.125,2,0.0
0.98,0.140625,2,0.0
0.98,0.15625,2,0.0
0.98,0.171875,2,0.0
0.98,0.1875,2,0.0
0.98,0.203125,2,0.0
0.98,0.21875,2,0.0
0.98,0.234375,2,0.0
0.98,0.25,2,0.0
0.98,0.265625,2,0.0
0.98,0.28125,2,0.0
0.98,0.296875,2,-0.0
0.98,0.3125,2,-0.0
0.98,0.328125,2,-0.0
0.98,0.34375,2,-0.0
0.98,0.359375,2,-0.0
0.98,0.375,2,-0.0
0.98,0.390625,2,-0.0
0.98,0.40625,2,-0.0
0.98,0.421875,2,-0.0
0.98,0.4375,2,-0.0
0.98,0.453125,2,-0.0
0.98,0.46875,2,-0.0
0.98,0.484375,2,-0.0
0.98,0.5,2,-0.0
0.98,0.515625,2,-0.0
0.98,0.53125,2,-0.0
0.98,0.546875,2,-0.0
0.98,0.5625,2,-0.0
0.98,0.578125,2,-0.0
0.98,0.59375,2,-0.0
0.98,0.609375,2,-0.0
0.98,0.625,2,-0.0
0.98,0.640625,2,-0.0
0.98,0.65625,2,-0.0
0.98,0.671875,2,-0.0
0.98,0.6875,2,-0.0
0.98,0.703125,2,-0.0
0.98,0.71875,2,-0.0
0.98,0.734375,2,-0.0
0.98,0.75,2,-0.0
0.98,0.765625,2,-0.0
0.98,0.78125,2,-0.0
0.98,0.796875,2,0.0
0.98,0.8125,2,0.0
0.98,0.828125,2,0.0
0.98,0.84375,2,0.0
0.98,0.859375,2,0.0
0.98,0.875,2,0.0
0.98,0.890625,2,0.0
0.98,0.90625,2,0.0
0.98,0.921875,2,0.0
0.98,0.9375,2,0.0
0.98,0.953125,2,0.0
0.98,0.96875,2,0.0
0.98,0.984375,2,0.0
0.98,1.0,2,0.0
0.99,0.0,2,0.0
0.99,0.015625,2,0.0
0.99,0.03125,2,0.0
0.99,0.046875,2,0.0
0.99,0.0625,2,0.0
0.99,0.078125,2,0.0
0.99,0.09375,2,0.0
0.99,0.109375,2,0.0
0.99,0.125,2,0.0
0.99,0.140625,2,0.0
0.99,0.15625,2,0.0
0.99,0.171875,2,0.0
0.99,0.1875,2,0.0
0.99,0.203125,2,0.0
0.99,0.21875,2,0.0
0.99,0.234375,2,0.0
0.99,0.25,2,0.0
0.99,0.265625,2,0.0
0.99,0.28125,2,-0.0
0.99,0.296875,2,-0.0
0.99,0.3125,2,-0.0
0.99,0.328125,2,-0.0
0.99,0.34375,2,-0.0
0.99,0.359375,2,-0.0
0.99,0.375,2,-0.0
0.99,0.390625,2,-0.0
0.99,0.40625,2,-0.0
0.99,0.421875,2,-0.0
0.99,0.4375,2,-0.0
0.99,0.453125,2,-0.0
0.99,0.46875,2,-0.0
0.99,0.484375,2,-0.0
0.99,0.5,2,-0.0
0.99,0.515625,2,-0.0
0.99,0.53125,2,-0.0
0.99,0.546875,2,-0.0
0.99,0.5625,2,-0.0
0.99,0.578125,2,-0.0
0.99,0.59375,2,-0.0
0.99,0.609375,2,-0.0
0.99,0.625,2,-0.0
0.99,0.640625,2,-0.0
0.99,0.65625,2,-0.0
0.99,0.671875,2,-0.0
0.99,0.6875,2,-0.0
0.99,0.703125,2,-0.0
0.99,0.71875,2,-0.0
0.99,0.734375,2,-0.0
0.99,0.75,2,-0.0
0.99,0.765625,2,-0.0
0.99,0.78125,2,0.0
0.99,0.796875,2,0.0
0.99,0.8125,2,0.0
0.99,0.828125,2,0.0
0.99,0.84375,2,0.0
0.99,0.859375,2,0.0
0.99,0.875,2,0.0
0.99,0.890625,2,0.0
0.99,0.90625,2,0.0
0.99,0.921875,2,0.0
0.99,0.9375,2,0.0
0.99,0.953125,2,0.0
0.99,0.96875,2,0.0
0.99,0.984375,2,0.0
0.99,1.0,2,0.0
1.0,0.0,2,0.0
1.0,0.015625,2,0.0
1.0,0.03125,2,0.0
1.0,0.046875,2,0.0
1.0,0.0625,2,0.0
1.0,0.078125,2,0.0
1.0,0.09375,2,0.0
1.0,0.109375,2,0.0
1.0,0.125,2,0.0
1.0,0.140625,2,0.0
1.0,0.15625,2,0.0
1.0,0.171875,2,0.0
1.0,0.1875,2,0.0
1.0,0.203125,2,0.0
1.0,0.21875,2,0.0
1.0,0.234375,2,0.0
1.0,0.25,2,0.0
1.0,0.265625,2,-0.0
1.0,0.28125,2,-0.0
1.0,0.296875,2,-0.0
1.0,0.3125,2,-0.0
1.0,0.328125,2,-0.0
1.0,0.34375,2,-0.0
1.0,0.359375,2,-0.0
1.0,0.375,2,-0.0
1.0,0.390625,2,-0.0
1.0,0.40625,2,-0.0
1.0,0.421875,2,-0.0
1.0,0.4375,2,-0.0
1.0,0.453125,2,-0.0
1.0,0.46875,2,-0.0
1.0,0.484375,2,-0.0
1.0,0.5,2,-0.0
1.0,0.515625,2,-0.0
1.0,0.53125,2,-0.0
1.0,0.546875,2,-0.0
1.0,0.5625,2,-0.0
1.0,0.578125,2,-0.0
1.0,0.59375,2,-0.0
1.0,0.609375,2,-0.0
1.0,0.625,2,-0.0
1.0,0.640625,2,-0.0
1.0,0.65625,2,-0.0
1.0,0.671875,2,-0.0
1.0,0.6875,2,-0.0
1.0,0.703125,2,-0.0
1.0,0.71875,2,-0.0
1.0,0.734375,2,-0.0
1.0,0.75,2,-0.0
1.0,0.765625,2,0.0
1.0,0.78125,2,0.0
1.0,0.796875,2,0.0
1.0,0.8125,2,0.0
1.0,0.828125,2,0.0
1.0,0.84375,2,0.0
1.0,0.859375,2,0.0
1.0,0.875,2,0.0
1.0,0.890625,2,0.0
1.0,0.90625,2,0.0
1.0,0.921875,2,0.0
1.0,0.9375,2,0.0
1.0,0.953125,2,0.0
1.0,0.96875,2,0.0
1.0,0.984375,2,0.0
1.0,1.0,2,0.0
